ISO-10303-21;
HEADER;
/* Generated by software containing ST-Developer
 * from STEP Tools, Inc. (www.steptools.com) 
 */

FILE_DESCRIPTION(
/* description */ (''),
/* implementation_level */ '2;1');

FILE_NAME(
/* name */ 'dya-dash-v2 arrow-button v4.step',
/* time_stamp */ '2025-09-06T13:27:28+09:00',
/* author */ (''),
/* organization */ (''),
/* preprocessor_version */ 'ST-DEVELOPER v20.1',
/* originating_system */ 'Autodesk Translation Framework v14.10.0.0',
/* authorisation */ '');

FILE_SCHEMA (('AUTOMOTIVE_DESIGN { 1 0 10303 214 3 1 1 }'));
ENDSEC;

DATA;
#10=MECHANICAL_DESIGN_GEOMETRIC_PRESENTATION_REPRESENTATION('',(#18,#19),
#6358);
#11=SHAPE_REPRESENTATION_RELATIONSHIP('SRR','None',#6365,#12);
#12=ADVANCED_BREP_SHAPE_REPRESENTATION('',(#20,#21),#6357);
#13=TOROIDAL_SURFACE('',#3311,2.10000000000104,1.);
#14=ELLIPSE('',#3292,1.00498756211204,1.);
#15=ELLIPSE('',#3307,1.00498756211203,1.);
#16=SPHERICAL_SURFACE('',#3281,1.);
#17=SPHERICAL_SURFACE('',#3285,1.);
#18=STYLED_ITEM('',(#6374),#20);
#19=STYLED_ITEM('',(#6374),#21);
#20=MANIFOLD_SOLID_BREP('\X2\30DC30C730A3\X0\44',#3223);
#21=MANIFOLD_SOLID_BREP('\X2\30DC30C730A3\X0\48',#3224);
#22=FACE_BOUND('',#1013,.T.);
#23=FACE_BOUND('',#1028,.T.);
#24=FACE_BOUND('',#1029,.T.);
#25=FACE_BOUND('',#1030,.T.);
#26=FACE_BOUND('',#1033,.T.);
#27=FACE_BOUND('',#1034,.T.);
#28=FACE_BOUND('',#1035,.T.);
#29=FACE_BOUND('',#1036,.T.);
#30=FACE_BOUND('',#1067,.T.);
#31=CIRCLE('',#3248,0.499999999999343);
#32=CIRCLE('',#3249,0.499999999999343);
#33=CIRCLE('',#3252,0.500000000000625);
#34=CIRCLE('',#3253,0.500000000000625);
#35=CIRCLE('',#3256,0.500000000000941);
#36=CIRCLE('',#3257,0.500000000000941);
#37=CIRCLE('',#3260,0.500000000000909);
#38=CIRCLE('',#3261,0.500000000000909);
#39=CIRCLE('',#3266,2.5);
#40=CIRCLE('',#3267,2.5);
#41=CIRCLE('',#3270,1.49999999999974);
#42=CIRCLE('',#3271,1.);
#43=CIRCLE('',#3272,1.);
#44=CIRCLE('',#3273,0.90000000000061);
#45=CIRCLE('',#3274,1.10000000000104);
#46=CIRCLE('',#3275,1.50000000000036);
#47=CIRCLE('',#3277,1.00000000000001);
#48=CIRCLE('',#3279,1.);
#49=CIRCLE('',#3280,1.);
#50=CIRCLE('',#3282,0.999999999999996);
#51=CIRCLE('',#3284,0.999999999999999);
#52=CIRCLE('',#3286,0.999999999999996);
#53=CIRCLE('',#3294,2.10000000000104);
#54=CIRCLE('',#3296,0.300086588695899);
#55=CIRCLE('',#3297,0.300086588695899);
#56=CIRCLE('',#3299,0.300087937085189);
#57=CIRCLE('',#3300,0.300000000000369);
#58=CIRCLE('',#3301,1.69999999999963);
#59=CIRCLE('',#3304,0.300087937085189);
#60=CIRCLE('',#3308,0.90000000000061);
#61=CIRCLE('',#3310,1.00000000000001);
#62=CIRCLE('',#3312,1.);
#63=CIRCLE('',#3313,1.10000000000104);
#64=CIRCLE('',#3317,1.);
#65=CIRCLE('',#3318,0.999999999999973);
#66=CIRCLE('',#3332,1.50000000000036);
#67=CIRCLE('',#3333,1.49999999999974);
#68=CIRCLE('',#3334,1.69999999999963);
#69=CIRCLE('',#3335,0.300000000000369);
#70=CIRCLE('',#3338,1.10000000000104);
#71=CIRCLE('',#3339,1.69999999999963);
#72=B_SPLINE_SURFACE_WITH_KNOTS('',3,3,((#4421,#4422,#4423,#4424,#4425,
#4426),(#4427,#4428,#4429,#4430,#4431,#4432),(#4433,#4434,#4435,#4436,#4437,
#4438),(#4439,#4440,#4441,#4442,#4443,#4444),(#4445,#4446,#4447,#4448,#4449,
#4450)),.UNSPECIFIED.,.F.,.F.,.F.,(4,1,4),(4,1,1,4),(0.,0.571428571428571,
1.),(0.,0.285714285714286,0.571428571428571,1.),.UNSPECIFIED.);
#73=B_SPLINE_SURFACE_WITH_KNOTS('',3,3,((#4457,#4458,#4459,#4460,#4461,
#4462),(#4463,#4464,#4465,#4466,#4467,#4468),(#4469,#4470,#4471,#4472,#4473,
#4474),(#4475,#4476,#4477,#4478,#4479,#4480),(#4481,#4482,#4483,#4484,#4485,
#4486)),.UNSPECIFIED.,.F.,.F.,.F.,(4,1,4),(4,1,1,4),(0.,0.571428571428571,
1.),(0.,0.285714285714286,0.571428571428571,1.),.UNSPECIFIED.);
#74=B_SPLINE_SURFACE_WITH_KNOTS('',3,3,((#4493,#4494,#4495,#4496,#4497,
#4498),(#4499,#4500,#4501,#4502,#4503,#4504),(#4505,#4506,#4507,#4508,#4509,
#4510),(#4511,#4512,#4513,#4514,#4515,#4516),(#4517,#4518,#4519,#4520,#4521,
#4522)),.UNSPECIFIED.,.F.,.F.,.F.,(4,1,4),(4,1,1,4),(0.,0.571428571428571,
1.),(0.,0.285714285714286,0.571428571428571,1.),.UNSPECIFIED.);
#75=B_SPLINE_SURFACE_WITH_KNOTS('',3,3,((#4529,#4530,#4531,#4532,#4533,
#4534),(#4535,#4536,#4537,#4538,#4539,#4540),(#4541,#4542,#4543,#4544,#4545,
#4546),(#4547,#4548,#4549,#4550,#4551,#4552),(#4553,#4554,#4555,#4556,#4557,
#4558)),.UNSPECIFIED.,.F.,.F.,.F.,(4,1,4),(4,1,1,4),(0.,0.571428571428571,
1.),(0.,0.285714285714286,0.571428571428571,1.),.UNSPECIFIED.);
#76=B_SPLINE_SURFACE_WITH_KNOTS('',3,1,((#4565,#4566),(#4567,#4568),(#4569,
#4570),(#4571,#4572)),.UNSPECIFIED.,.F.,.F.,.F.,(4,4),(2,2),(-7.,-6.),(0.,
0.6),.UNSPECIFIED.);
#77=B_SPLINE_SURFACE_WITH_KNOTS('',3,1,((#4585,#4586),(#4587,#4588),(#4589,
#4590),(#4591,#4592)),.UNSPECIFIED.,.F.,.F.,.F.,(4,4),(2,2),(-1.,0.),(0.,
0.6),.UNSPECIFIED.);
#78=B_SPLINE_SURFACE_WITH_KNOTS('',3,1,((#4604,#4605),(#4606,#4607),(#4608,
#4609),(#4610,#4611),(#4612,#4613),(#4614,#4615),(#4616,#4617),(#4618,#4619),
(#4620,#4621),(#4622,#4623),(#4624,#4625),(#4626,#4627),(#4628,#4629),(#4630,
#4631),(#4632,#4633),(#4634,#4635),(#4636,#4637),(#4638,#4639),(#4640,#4641),
(#4642,#4643),(#4644,#4645),(#4646,#4647),(#4648,#4649),(#4650,#4651),(#4652,
#4653)),.UNSPECIFIED.,.T.,.F.,.F.,(4,3,3,3,3,3,3,3,4),(2,2),(-4.,-3.11029599791479,
-3.,-2.11029599791482,-2.,-1.1102959979138,-1.,-0.110295997913776,0.),(0.,
0.1),.UNSPECIFIED.);
#79=B_SPLINE_SURFACE_WITH_KNOTS('',3,1,((#4681,#4682),(#4683,#4684),(#4685,
#4686),(#4687,#4688)),.UNSPECIFIED.,.F.,.F.,.F.,(4,4),(2,2),(-5.,-4.),(0.,
0.6),.UNSPECIFIED.);
#80=B_SPLINE_SURFACE_WITH_KNOTS('',3,1,((#4701,#4702),(#4703,#4704),(#4705,
#4706),(#4707,#4708)),.UNSPECIFIED.,.F.,.F.,.F.,(4,4),(2,2),(-3.,-2.),(0.,
0.6),.UNSPECIFIED.);
#81=B_SPLINE_SURFACE_WITH_KNOTS('',3,3,((#5310,#5311,#5312,#5313,#5314,
#5315),(#5316,#5317,#5318,#5319,#5320,#5321),(#5322,#5323,#5324,#5325,#5326,
#5327),(#5328,#5329,#5330,#5331,#5332,#5333),(#5334,#5335,#5336,#5337,#5338,
#5339)),.UNSPECIFIED.,.F.,.F.,.F.,(4,1,4),(4,1,1,4),(0.,0.571428571428571,
1.),(8.67361737993693E-17,0.448798950512828,0.673198425769241,1.5707963267949),
 .UNSPECIFIED.);
#82=B_SPLINE_SURFACE_WITH_KNOTS('',3,3,((#5544,#5545,#5546,#5547,#5548,
#5549),(#5550,#5551,#5552,#5553,#5554,#5555),(#5556,#5557,#5558,#5559,#5560,
#5561),(#5562,#5563,#5564,#5565,#5566,#5567),(#5568,#5569,#5570,#5571,#5572,
#5573)),.UNSPECIFIED.,.F.,.F.,.F.,(4,1,4),(4,1,1,4),(0.,0.571428571428571,
1.),(0.,0.141376720122307,0.235627866870511,0.329879013618716),
 .UNSPECIFIED.);
#83=B_SPLINE_SURFACE_WITH_KNOTS('',3,3,((#5622,#5623,#5624,#5625,#5626),
(#5627,#5628,#5629,#5630,#5631),(#5632,#5633,#5634,#5635,#5636),(#5637,
#5638,#5639,#5640,#5641),(#5642,#5643,#5644,#5645,#5646)),.UNSPECIFIED.,
 .F.,.F.,.F.,(4,1,4),(4,1,4),(0.,0.571428571428571,1.),(0.,0.571428571428571,
1.),.UNSPECIFIED.);
#84=B_SPLINE_SURFACE_WITH_KNOTS('',3,3,((#5652,#5653,#5654,#5655,#5656),
(#5657,#5658,#5659,#5660,#5661),(#5662,#5663,#5664,#5665,#5666),(#5667,
#5668,#5669,#5670,#5671),(#5672,#5673,#5674,#5675,#5676)),.UNSPECIFIED.,
 .F.,.F.,.F.,(4,1,4),(4,1,4),(0.,0.571428571428571,1.),(0.,0.571428571428571,
1.),.UNSPECIFIED.);
#85=B_SPLINE_SURFACE_WITH_KNOTS('',3,3,((#5682,#5683,#5684,#5685,#5686),
(#5687,#5688,#5689,#5690,#5691),(#5692,#5693,#5694,#5695,#5696),(#5697,
#5698,#5699,#5700,#5701),(#5702,#5703,#5704,#5705,#5706)),.UNSPECIFIED.,
 .F.,.F.,.F.,(4,1,4),(4,1,4),(0.,0.571428571428571,1.),(0.,0.571428571428571,
1.),.UNSPECIFIED.);
#86=B_SPLINE_SURFACE_WITH_KNOTS('',3,1,((#5712,#5713),(#5714,#5715),(#5716,
#5717),(#5718,#5719)),.UNSPECIFIED.,.F.,.F.,.F.,(4,4),(2,2),(-13.,-12.),
(0.,0.7),.UNSPECIFIED.);
#87=B_SPLINE_SURFACE_WITH_KNOTS('',3,1,((#5740,#5741),(#5742,#5743),(#5744,
#5745),(#5746,#5747)),.UNSPECIFIED.,.F.,.F.,.F.,(4,4),(2,2),(-15.,-14.),
(0.,0.7),.UNSPECIFIED.);
#88=B_SPLINE_SURFACE_WITH_KNOTS('',3,1,((#5770,#5771),(#5772,#5773),(#5774,
#5775),(#5776,#5777)),.UNSPECIFIED.,.F.,.F.,.F.,(4,4),(2,2),(-17.,-16.),
(0.,0.7),.UNSPECIFIED.);
#89=B_SPLINE_SURFACE_WITH_KNOTS('',3,1,((#6069,#6070),(#6071,#6072),(#6073,
#6074),(#6075,#6076)),.UNSPECIFIED.,.F.,.F.,.F.,(4,4),(2,2),(-17.,-16.),
(0.,0.6),.UNSPECIFIED.);
#90=B_SPLINE_SURFACE_WITH_KNOTS('',3,1,((#6080,#6081),(#6082,#6083),(#6084,
#6085),(#6086,#6087)),.UNSPECIFIED.,.F.,.F.,.F.,(4,4),(2,2),(-11.,-10.),
(0.,0.6),.UNSPECIFIED.);
#91=B_SPLINE_SURFACE_WITH_KNOTS('',3,1,((#6091,#6092),(#6093,#6094),(#6095,
#6096),(#6097,#6098)),.UNSPECIFIED.,.F.,.F.,.F.,(4,4),(2,2),(-13.,-12.),
(0.,0.6),.UNSPECIFIED.);
#92=B_SPLINE_SURFACE_WITH_KNOTS('',3,1,((#6099,#6100),(#6101,#6102),(#6103,
#6104),(#6105,#6106)),.UNSPECIFIED.,.F.,.F.,.F.,(4,4),(2,2),(-15.,-14.),
(0.,0.6),.UNSPECIFIED.);
#93=B_SPLINE_SURFACE_WITH_KNOTS('',3,1,((#6110,#6111),(#6112,#6113),(#6114,
#6115),(#6116,#6117)),.UNSPECIFIED.,.F.,.F.,.F.,(4,4),(2,2),(4.,5.),(0.,
0.7),.UNSPECIFIED.);
#94=B_SPLINE_SURFACE_WITH_KNOTS('',3,1,((#6121,#6122),(#6123,#6124),(#6125,
#6126),(#6127,#6128)),.UNSPECIFIED.,.F.,.F.,.F.,(4,4),(2,2),(6.,7.),(0.,
0.7),.UNSPECIFIED.);
#95=B_SPLINE_SURFACE_WITH_KNOTS('',3,1,((#6133,#6134),(#6135,#6136),(#6137,
#6138),(#6139,#6140)),.UNSPECIFIED.,.F.,.F.,.F.,(4,4),(2,2),(4.,5.),(0.,
0.7),.UNSPECIFIED.);
#96=B_SPLINE_SURFACE_WITH_KNOTS('',3,1,((#6144,#6145),(#6146,#6147),(#6148,
#6149),(#6150,#6151)),.UNSPECIFIED.,.F.,.F.,.F.,(4,4),(2,2),(6.,7.),(0.,
0.7),.UNSPECIFIED.);
#97=B_SPLINE_SURFACE_WITH_KNOTS('',3,1,((#6156,#6157),(#6158,#6159),(#6160,
#6161),(#6162,#6163)),.UNSPECIFIED.,.F.,.F.,.F.,(4,4),(2,2),(4.,5.),(0.,
0.7),.UNSPECIFIED.);
#98=B_SPLINE_SURFACE_WITH_KNOTS('',3,1,((#6167,#6168),(#6169,#6170),(#6171,
#6172),(#6173,#6174)),.UNSPECIFIED.,.F.,.F.,.F.,(4,4),(2,2),(6.,7.),(0.,
0.7),.UNSPECIFIED.);
#99=B_SPLINE_SURFACE_WITH_KNOTS('',3,1,((#6179,#6180),(#6181,#6182),(#6183,
#6184),(#6185,#6186)),.UNSPECIFIED.,.F.,.F.,.F.,(4,4),(2,2),(4.,5.),(0.,
0.7),.UNSPECIFIED.);
#100=B_SPLINE_SURFACE_WITH_KNOTS('',3,1,((#6190,#6191),(#6192,#6193),(#6194,
#6195),(#6196,#6197)),.UNSPECIFIED.,.F.,.F.,.F.,(4,4),(2,2),(6.,7.),(0.,
0.7),.UNSPECIFIED.);
#101=B_SPLINE_SURFACE_WITH_KNOTS('',3,1,((#6199,#6200),(#6201,#6202),(#6203,
#6204),(#6205,#6206)),.UNSPECIFIED.,.F.,.F.,.F.,(4,4),(2,2),(-11.,-10.),
(0.,0.7),.UNSPECIFIED.);
#102=B_SPLINE_SURFACE_WITH_KNOTS('',3,1,((#6213,#6214),(#6215,#6216),(#6217,
#6218),(#6219,#6220)),.UNSPECIFIED.,.F.,.F.,.F.,(4,4),(2,2),(2.,3.),(0.,
0.7),.UNSPECIFIED.);
#103=B_SPLINE_SURFACE_WITH_KNOTS('',3,1,((#6224,#6225),(#6226,#6227),(#6228,
#6229),(#6230,#6231)),.UNSPECIFIED.,.F.,.F.,.F.,(4,4),(2,2),(0.,1.),(0.,
0.7),.UNSPECIFIED.);
#104=B_SPLINE_SURFACE_WITH_KNOTS('',3,1,((#6234,#6235),(#6236,#6237),(#6238,
#6239),(#6240,#6241)),.UNSPECIFIED.,.F.,.F.,.F.,(4,4),(2,2),(2.,3.),(0.,
0.7),.UNSPECIFIED.);
#105=B_SPLINE_SURFACE_WITH_KNOTS('',3,1,((#6245,#6246),(#6247,#6248),(#6249,
#6250),(#6251,#6252)),.UNSPECIFIED.,.F.,.F.,.F.,(4,4),(2,2),(0.,1.),(0.,
0.7),.UNSPECIFIED.);
#106=B_SPLINE_SURFACE_WITH_KNOTS('',3,1,((#6255,#6256),(#6257,#6258),(#6259,
#6260),(#6261,#6262)),.UNSPECIFIED.,.F.,.F.,.F.,(4,4),(2,2),(2.,3.),(0.,
0.7),.UNSPECIFIED.);
#107=B_SPLINE_SURFACE_WITH_KNOTS('',3,1,((#6266,#6267),(#6268,#6269),(#6270,
#6271),(#6272,#6273)),.UNSPECIFIED.,.F.,.F.,.F.,(4,4),(2,2),(0.,1.),(0.,
0.7),.UNSPECIFIED.);
#108=B_SPLINE_SURFACE_WITH_KNOTS('',3,1,((#6276,#6277),(#6278,#6279),(#6280,
#6281),(#6282,#6283)),.UNSPECIFIED.,.F.,.F.,.F.,(4,4),(2,2),(2.,3.),(0.,
0.7),.UNSPECIFIED.);
#109=B_SPLINE_SURFACE_WITH_KNOTS('',3,1,((#6287,#6288),(#6289,#6290),(#6291,
#6292),(#6293,#6294)),.UNSPECIFIED.,.F.,.F.,.F.,(4,4),(2,2),(0.,1.),(0.,
0.7),.UNSPECIFIED.);
#110=B_SPLINE_SURFACE_WITH_KNOTS('',3,1,((#6302,#6303),(#6304,#6305),(#6306,
#6307),(#6308,#6309)),.UNSPECIFIED.,.F.,.F.,.F.,(4,4),(2,2),(-11.,-10.),
(0.,0.08),.UNSPECIFIED.);
#111=B_SPLINE_SURFACE_WITH_KNOTS('',3,1,((#6313,#6314),(#6315,#6316),(#6317,
#6318),(#6319,#6320)),.UNSPECIFIED.,.F.,.F.,.F.,(4,4),(2,2),(-13.,-12.),
(0.,0.08),.UNSPECIFIED.);
#112=B_SPLINE_SURFACE_WITH_KNOTS('',3,1,((#6321,#6322),(#6323,#6324),(#6325,
#6326),(#6327,#6328)),.UNSPECIFIED.,.F.,.F.,.F.,(4,4),(2,2),(-17.,-16.),
(0.,0.08),.UNSPECIFIED.);
#113=B_SPLINE_SURFACE_WITH_KNOTS('',3,1,((#6332,#6333),(#6334,#6335),(#6336,
#6337),(#6338,#6339)),.UNSPECIFIED.,.F.,.F.,.F.,(4,4),(2,2),(-1.,0.),(0.,
0.08),.UNSPECIFIED.);
#114=B_SPLINE_SURFACE_WITH_KNOTS('',3,1,((#6343,#6344),(#6345,#6346),(#6347,
#6348),(#6349,#6350)),.UNSPECIFIED.,.F.,.F.,.F.,(4,4),(2,2),(-3.,-2.),(0.,
0.08),.UNSPECIFIED.);
#115=LINE('',#4142,#457);
#116=LINE('',#4181,#458);
#117=LINE('',#4222,#459);
#118=LINE('',#4261,#460);
#119=LINE('',#4302,#461);
#120=LINE('',#4341,#462);
#121=LINE('',#4382,#463);
#122=LINE('',#4420,#464);
#123=LINE('',#4574,#465);
#124=LINE('',#4580,#466);
#125=LINE('',#4583,#467);
#126=LINE('',#4584,#468);
#127=LINE('',#4594,#469);
#128=LINE('',#4601,#470);
#129=LINE('',#4602,#471);
#130=LINE('',#4655,#472);
#131=LINE('',#4690,#473);
#132=LINE('',#4696,#474);
#133=LINE('',#4699,#475);
#134=LINE('',#4700,#476);
#135=LINE('',#4718,#477);
#136=LINE('',#4721,#478);
#137=LINE('',#4724,#479);
#138=LINE('',#4726,#480);
#139=LINE('',#4727,#481);
#140=LINE('',#4733,#482);
#141=LINE('',#4736,#483);
#142=LINE('',#4738,#484);
#143=LINE('',#4739,#485);
#144=LINE('',#4745,#486);
#145=LINE('',#4748,#487);
#146=LINE('',#4750,#488);
#147=LINE('',#4751,#489);
#148=LINE('',#4757,#490);
#149=LINE('',#4759,#491);
#150=LINE('',#4760,#492);
#151=LINE('',#4761,#493);
#152=LINE('',#4769,#494);
#153=LINE('',#4772,#495);
#154=LINE('',#4775,#496);
#155=LINE('',#4777,#497);
#156=LINE('',#4778,#498);
#157=LINE('',#4781,#499);
#158=LINE('',#4788,#500);
#159=LINE('',#4795,#501);
#160=LINE('',#4804,#502);
#161=LINE('',#4806,#503);
#162=LINE('',#4808,#504);
#163=LINE('',#4810,#505);
#164=LINE('',#4812,#506);
#165=LINE('',#4814,#507);
#166=LINE('',#4816,#508);
#167=LINE('',#4818,#509);
#168=LINE('',#4825,#510);
#169=LINE('',#4827,#511);
#170=LINE('',#4829,#512);
#171=LINE('',#4831,#513);
#172=LINE('',#4833,#514);
#173=LINE('',#4835,#515);
#174=LINE('',#4837,#516);
#175=LINE('',#4839,#517);
#176=LINE('',#4841,#518);
#177=LINE('',#4848,#519);
#178=LINE('',#4852,#520);
#179=LINE('',#4856,#521);
#180=LINE('',#4860,#522);
#181=LINE('',#4862,#523);
#182=LINE('',#4864,#524);
#183=LINE('',#4866,#525);
#184=LINE('',#4868,#526);
#185=LINE('',#4870,#527);
#186=LINE('',#4872,#528);
#187=LINE('',#4874,#529);
#188=LINE('',#4876,#530);
#189=LINE('',#4880,#531);
#190=LINE('',#4882,#532);
#191=LINE('',#4884,#533);
#192=LINE('',#4886,#534);
#193=LINE('',#4888,#535);
#194=LINE('',#4890,#536);
#195=LINE('',#4892,#537);
#196=LINE('',#4894,#538);
#197=LINE('',#4903,#539);
#198=LINE('',#4910,#540);
#199=LINE('',#4917,#541);
#200=LINE('',#4926,#542);
#201=LINE('',#4927,#543);
#202=LINE('',#4932,#544);
#203=LINE('',#4935,#545);
#204=LINE('',#4941,#546);
#205=LINE('',#4942,#547);
#206=LINE('',#4947,#548);
#207=LINE('',#4948,#549);
#208=LINE('',#4952,#550);
#209=LINE('',#4953,#551);
#210=LINE('',#4993,#552);
#211=LINE('',#4996,#553);
#212=LINE('',#4999,#554);
#213=LINE('',#5002,#555);
#214=LINE('',#5011,#556);
#215=LINE('',#5013,#557);
#216=LINE('',#5020,#558);
#217=LINE('',#5027,#559);
#218=LINE('',#5034,#560);
#219=LINE('',#5041,#561);
#220=LINE('',#5043,#562);
#221=LINE('',#5046,#563);
#222=LINE('',#5054,#564);
#223=LINE('',#5061,#565);
#224=LINE('',#5068,#566);
#225=LINE('',#5074,#567);
#226=LINE('',#5082,#568);
#227=LINE('',#5089,#569);
#228=LINE('',#5096,#570);
#229=LINE('',#5102,#571);
#230=LINE('',#5110,#572);
#231=LINE('',#5117,#573);
#232=LINE('',#5124,#574);
#233=LINE('',#5130,#575);
#234=LINE('',#5136,#576);
#235=LINE('',#5139,#577);
#236=LINE('',#5142,#578);
#237=LINE('',#5146,#579);
#238=LINE('',#5150,#580);
#239=LINE('',#5154,#581);
#240=LINE('',#5161,#582);
#241=LINE('',#5168,#583);
#242=LINE('',#5175,#584);
#243=LINE('',#5181,#585);
#244=LINE('',#5189,#586);
#245=LINE('',#5196,#587);
#246=LINE('',#5203,#588);
#247=LINE('',#5209,#589);
#248=LINE('',#5217,#590);
#249=LINE('',#5224,#591);
#250=LINE('',#5231,#592);
#251=LINE('',#5237,#593);
#252=LINE('',#5245,#594);
#253=LINE('',#5252,#595);
#254=LINE('',#5259,#596);
#255=LINE('',#5265,#597);
#256=LINE('',#5273,#598);
#257=LINE('',#5280,#599);
#258=LINE('',#5287,#600);
#259=LINE('',#5293,#601);
#260=LINE('',#5296,#602);
#261=LINE('',#5297,#603);
#262=LINE('',#5301,#604);
#263=LINE('',#5304,#605);
#264=LINE('',#5305,#606);
#265=LINE('',#5308,#607);
#266=LINE('',#5309,#608);
#267=LINE('',#5383,#609);
#268=LINE('',#5390,#610);
#269=LINE('',#5454,#611);
#270=LINE('',#5501,#612);
#271=LINE('',#5542,#613);
#272=LINE('',#5621,#614);
#273=LINE('',#5720,#615);
#274=LINE('',#5722,#616);
#275=LINE('',#5728,#617);
#276=LINE('',#5731,#618);
#277=LINE('',#5733,#619);
#278=LINE('',#5734,#620);
#279=LINE('',#5736,#621);
#280=LINE('',#5738,#622);
#281=LINE('',#5739,#623);
#282=LINE('',#5748,#624);
#283=LINE('',#5759,#625);
#284=LINE('',#5761,#626);
#285=LINE('',#5763,#627);
#286=LINE('',#5764,#628);
#287=LINE('',#5766,#629);
#288=LINE('',#5768,#630);
#289=LINE('',#5769,#631);
#290=LINE('',#5780,#632);
#291=LINE('',#5782,#633);
#292=LINE('',#5783,#634);
#293=LINE('',#5786,#635);
#294=LINE('',#5788,#636);
#295=LINE('',#5789,#637);
#296=LINE('',#5792,#638);
#297=LINE('',#5794,#639);
#298=LINE('',#5795,#640);
#299=LINE('',#5798,#641);
#300=LINE('',#5800,#642);
#301=LINE('',#5801,#643);
#302=LINE('',#5804,#644);
#303=LINE('',#5806,#645);
#304=LINE('',#5807,#646);
#305=LINE('',#5811,#647);
#306=LINE('',#5812,#648);
#307=LINE('',#5813,#649);
#308=LINE('',#5816,#650);
#309=LINE('',#5818,#651);
#310=LINE('',#5820,#652);
#311=LINE('',#5821,#653);
#312=LINE('',#5824,#654);
#313=LINE('',#5826,#655);
#314=LINE('',#5827,#656);
#315=LINE('',#5830,#657);
#316=LINE('',#5832,#658);
#317=LINE('',#5833,#659);
#318=LINE('',#5841,#660);
#319=LINE('',#5848,#661);
#320=LINE('',#5855,#662);
#321=LINE('',#5863,#663);
#322=LINE('',#5867,#664);
#323=LINE('',#5874,#665);
#324=LINE('',#5885,#666);
#325=LINE('',#5886,#667);
#326=LINE('',#5888,#668);
#327=LINE('',#5890,#669);
#328=LINE('',#5891,#670);
#329=LINE('',#5893,#671);
#330=LINE('',#5895,#672);
#331=LINE('',#5901,#673);
#332=LINE('',#5903,#674);
#333=LINE('',#5905,#675);
#334=LINE('',#5906,#676);
#335=LINE('',#5908,#677);
#336=LINE('',#5910,#678);
#337=LINE('',#5917,#679);
#338=LINE('',#5924,#680);
#339=LINE('',#5925,#681);
#340=LINE('',#5927,#682);
#341=LINE('',#5929,#683);
#342=LINE('',#5930,#684);
#343=LINE('',#5934,#685);
#344=LINE('',#5935,#686);
#345=LINE('',#5937,#687);
#346=LINE('',#5939,#688);
#347=LINE('',#5940,#689);
#348=LINE('',#5942,#690);
#349=LINE('',#5944,#691);
#350=LINE('',#5948,#692);
#351=LINE('',#5950,#693);
#352=LINE('',#5951,#694);
#353=LINE('',#5955,#695);
#354=LINE('',#5957,#696);
#355=LINE('',#5961,#697);
#356=LINE('',#5962,#698);
#357=LINE('',#5965,#699);
#358=LINE('',#5966,#700);
#359=LINE('',#5968,#701);
#360=LINE('',#5971,#702);
#361=LINE('',#5972,#703);
#362=LINE('',#5979,#704);
#363=LINE('',#5982,#705);
#364=LINE('',#5989,#706);
#365=LINE('',#5991,#707);
#366=LINE('',#5992,#708);
#367=LINE('',#5995,#709);
#368=LINE('',#5997,#710);
#369=LINE('',#5998,#711);
#370=LINE('',#6000,#712);
#371=LINE('',#6001,#713);
#372=LINE('',#6004,#714);
#373=LINE('',#6006,#715);
#374=LINE('',#6007,#716);
#375=LINE('',#6010,#717);
#376=LINE('',#6012,#718);
#377=LINE('',#6013,#719);
#378=LINE('',#6015,#720);
#379=LINE('',#6016,#721);
#380=LINE('',#6019,#722);
#381=LINE('',#6020,#723);
#382=LINE('',#6023,#724);
#383=LINE('',#6024,#725);
#384=LINE('',#6026,#726);
#385=LINE('',#6029,#727);
#386=LINE('',#6030,#728);
#387=LINE('',#6033,#729);
#388=LINE('',#6034,#730);
#389=LINE('',#6036,#731);
#390=LINE('',#6039,#732);
#391=LINE('',#6041,#733);
#392=LINE('',#6042,#734);
#393=LINE('',#6045,#735);
#394=LINE('',#6047,#736);
#395=LINE('',#6048,#737);
#396=LINE('',#6050,#738);
#397=LINE('',#6051,#739);
#398=LINE('',#6053,#740);
#399=LINE('',#6054,#741);
#400=LINE('',#6056,#742);
#401=LINE('',#6057,#743);
#402=LINE('',#6059,#744);
#403=LINE('',#6060,#745);
#404=LINE('',#6062,#746);
#405=LINE('',#6063,#747);
#406=LINE('',#6065,#748);
#407=LINE('',#6066,#749);
#408=LINE('',#6068,#750);
#409=LINE('',#6079,#751);
#410=LINE('',#6088,#752);
#411=LINE('',#6090,#753);
#412=LINE('',#6108,#754);
#413=LINE('',#6109,#755);
#414=LINE('',#6118,#756);
#415=LINE('',#6120,#757);
#416=LINE('',#6129,#758);
#417=LINE('',#6131,#759);
#418=LINE('',#6132,#760);
#419=LINE('',#6141,#761);
#420=LINE('',#6143,#762);
#421=LINE('',#6152,#763);
#422=LINE('',#6154,#764);
#423=LINE('',#6155,#765);
#424=LINE('',#6164,#766);
#425=LINE('',#6166,#767);
#426=LINE('',#6175,#768);
#427=LINE('',#6177,#769);
#428=LINE('',#6178,#770);
#429=LINE('',#6187,#771);
#430=LINE('',#6189,#772);
#431=LINE('',#6198,#773);
#432=LINE('',#6207,#774);
#433=LINE('',#6208,#775);
#434=LINE('',#6211,#776);
#435=LINE('',#6221,#777);
#436=LINE('',#6223,#778);
#437=LINE('',#6232,#779);
#438=LINE('',#6242,#780);
#439=LINE('',#6244,#781);
#440=LINE('',#6253,#782);
#441=LINE('',#6263,#783);
#442=LINE('',#6265,#784);
#443=LINE('',#6274,#785);
#444=LINE('',#6284,#786);
#445=LINE('',#6286,#787);
#446=LINE('',#6295,#788);
#447=LINE('',#6299,#789);
#448=LINE('',#6301,#790);
#449=LINE('',#6310,#791);
#450=LINE('',#6312,#792);
#451=LINE('',#6329,#793);
#452=LINE('',#6331,#794);
#453=LINE('',#6340,#795);
#454=LINE('',#6342,#796);
#455=LINE('',#6351,#797);
#456=LINE('',#6353,#798);
#457=VECTOR('',#3403,10.);
#458=VECTOR('',#3404,10.);
#459=VECTOR('',#3407,10.);
#460=VECTOR('',#3408,10.);
#461=VECTOR('',#3411,10.);
#462=VECTOR('',#3412,10.);
#463=VECTOR('',#3415,10.);
#464=VECTOR('',#3416,10.);
#465=VECTOR('',#3417,10.);
#466=VECTOR('',#3418,10.);
#467=VECTOR('',#3421,10.);
#468=VECTOR('',#3422,10.);
#469=VECTOR('',#3423,10.);
#470=VECTOR('',#3426,10.);
#471=VECTOR('',#3427,10.);
#472=VECTOR('',#3430,10.);
#473=VECTOR('',#3431,10.);
#474=VECTOR('',#3432,10.);
#475=VECTOR('',#3435,10.);
#476=VECTOR('',#3436,10.);
#477=VECTOR('',#3441,10.);
#478=VECTOR('',#3444,10.);
#479=VECTOR('',#3447,10.);
#480=VECTOR('',#3448,10.);
#481=VECTOR('',#3449,10.);
#482=VECTOR('',#3456,10.);
#483=VECTOR('',#3459,10.);
#484=VECTOR('',#3460,10.);
#485=VECTOR('',#3461,10.);
#486=VECTOR('',#3468,10.);
#487=VECTOR('',#3471,10.);
#488=VECTOR('',#3472,10.);
#489=VECTOR('',#3473,10.);
#490=VECTOR('',#3480,10.);
#491=VECTOR('',#3483,10.);
#492=VECTOR('',#3484,10.);
#493=VECTOR('',#3485,10.);
#494=VECTOR('',#3494,10.);
#495=VECTOR('',#3497,10.);
#496=VECTOR('',#3500,10.);
#497=VECTOR('',#3501,10.);
#498=VECTOR('',#3502,10.);
#499=VECTOR('',#3505,10.);
#500=VECTOR('',#3506,10.);
#501=VECTOR('',#3507,10.);
#502=VECTOR('',#3510,10.);
#503=VECTOR('',#3511,10.);
#504=VECTOR('',#3512,10.);
#505=VECTOR('',#3513,10.);
#506=VECTOR('',#3514,10.);
#507=VECTOR('',#3515,10.);
#508=VECTOR('',#3516,10.);
#509=VECTOR('',#3517,10.);
#510=VECTOR('',#3518,10.);
#511=VECTOR('',#3519,10.);
#512=VECTOR('',#3520,10.);
#513=VECTOR('',#3521,10.);
#514=VECTOR('',#3522,10.);
#515=VECTOR('',#3523,10.);
#516=VECTOR('',#3524,10.);
#517=VECTOR('',#3525,10.);
#518=VECTOR('',#3526,10.);
#519=VECTOR('',#3527,10.);
#520=VECTOR('',#3530,10.);
#521=VECTOR('',#3533,10.);
#522=VECTOR('',#3536,10.);
#523=VECTOR('',#3537,10.);
#524=VECTOR('',#3538,10.);
#525=VECTOR('',#3539,10.);
#526=VECTOR('',#3540,10.);
#527=VECTOR('',#3541,10.);
#528=VECTOR('',#3542,10.);
#529=VECTOR('',#3543,10.);
#530=VECTOR('',#3544,10.);
#531=VECTOR('',#3547,10.);
#532=VECTOR('',#3548,10.);
#533=VECTOR('',#3549,10.);
#534=VECTOR('',#3550,10.);
#535=VECTOR('',#3551,10.);
#536=VECTOR('',#3552,10.);
#537=VECTOR('',#3553,10.);
#538=VECTOR('',#3554,10.);
#539=VECTOR('',#3557,10.);
#540=VECTOR('',#3558,10.);
#541=VECTOR('',#3559,10.);
#542=VECTOR('',#3564,10.);
#543=VECTOR('',#3565,10.);
#544=VECTOR('',#3570,10.);
#545=VECTOR('',#3573,10.);
#546=VECTOR('',#3582,10.);
#547=VECTOR('',#3583,10.);
#548=VECTOR('',#3590,10.);
#549=VECTOR('',#3591,10.);
#550=VECTOR('',#3596,10.);
#551=VECTOR('',#3597,10.);
#552=VECTOR('',#3600,10.);
#553=VECTOR('',#3603,10.);
#554=VECTOR('',#3606,10.);
#555=VECTOR('',#3609,10.);
#556=VECTOR('',#3610,10.);
#557=VECTOR('',#3611,10.);
#558=VECTOR('',#3612,10.);
#559=VECTOR('',#3613,10.);
#560=VECTOR('',#3614,10.);
#561=VECTOR('',#3615,10.);
#562=VECTOR('',#3616,10.);
#563=VECTOR('',#3619,10.);
#564=VECTOR('',#3620,10.);
#565=VECTOR('',#3621,10.);
#566=VECTOR('',#3622,10.);
#567=VECTOR('',#3623,10.);
#568=VECTOR('',#3624,10.);
#569=VECTOR('',#3625,10.);
#570=VECTOR('',#3626,10.);
#571=VECTOR('',#3627,10.);
#572=VECTOR('',#3628,10.);
#573=VECTOR('',#3629,10.);
#574=VECTOR('',#3630,10.);
#575=VECTOR('',#3631,10.);
#576=VECTOR('',#3636,10.);
#577=VECTOR('',#3639,10.);
#578=VECTOR('',#3642,10.);
#579=VECTOR('',#3645,10.);
#580=VECTOR('',#3648,10.);
#581=VECTOR('',#3651,10.);
#582=VECTOR('',#3652,10.);
#583=VECTOR('',#3653,10.);
#584=VECTOR('',#3654,10.);
#585=VECTOR('',#3655,10.);
#586=VECTOR('',#3656,10.);
#587=VECTOR('',#3657,10.);
#588=VECTOR('',#3658,10.);
#589=VECTOR('',#3659,10.);
#590=VECTOR('',#3660,10.);
#591=VECTOR('',#3661,10.);
#592=VECTOR('',#3662,10.);
#593=VECTOR('',#3663,10.);
#594=VECTOR('',#3664,10.);
#595=VECTOR('',#3665,10.);
#596=VECTOR('',#3666,10.);
#597=VECTOR('',#3667,10.);
#598=VECTOR('',#3668,10.);
#599=VECTOR('',#3669,10.);
#600=VECTOR('',#3670,10.);
#601=VECTOR('',#3671,10.);
#602=VECTOR('',#3674,10.);
#603=VECTOR('',#3675,10.);
#604=VECTOR('',#3680,10.);
#605=VECTOR('',#3683,10.);
#606=VECTOR('',#3684,10.);
#607=VECTOR('',#3687,10.);
#608=VECTOR('',#3688,10.);
#609=VECTOR('',#3695,10.);
#610=VECTOR('',#3706,10.);
#611=VECTOR('',#3709,10.);
#612=VECTOR('',#3710,10.);
#613=VECTOR('',#3713,10.);
#614=VECTOR('',#3720,10.);
#615=VECTOR('',#3721,10.);
#616=VECTOR('',#3722,10.);
#617=VECTOR('',#3723,10.);
#618=VECTOR('',#3726,10.);
#619=VECTOR('',#3727,10.);
#620=VECTOR('',#3728,10.);
#621=VECTOR('',#3729,10.);
#622=VECTOR('',#3730,10.);
#623=VECTOR('',#3731,10.);
#624=VECTOR('',#3732,10.);
#625=VECTOR('',#3735,10.);
#626=VECTOR('',#3736,10.);
#627=VECTOR('',#3737,10.);
#628=VECTOR('',#3738,10.);
#629=VECTOR('',#3739,10.);
#630=VECTOR('',#3740,10.);
#631=VECTOR('',#3741,10.);
#632=VECTOR('',#3744,10.);
#633=VECTOR('',#3745,10.);
#634=VECTOR('',#3746,10.);
#635=VECTOR('',#3749,10.);
#636=VECTOR('',#3750,10.);
#637=VECTOR('',#3751,10.);
#638=VECTOR('',#3754,10.);
#639=VECTOR('',#3755,10.);
#640=VECTOR('',#3756,10.);
#641=VECTOR('',#3759,10.);
#642=VECTOR('',#3760,10.);
#643=VECTOR('',#3761,10.);
#644=VECTOR('',#3764,10.);
#645=VECTOR('',#3765,10.);
#646=VECTOR('',#3766,10.);
#647=VECTOR('',#3769,10.);
#648=VECTOR('',#3770,10.);
#649=VECTOR('',#3771,10.);
#650=VECTOR('',#3774,10.);
#651=VECTOR('',#3775,10.);
#652=VECTOR('',#3776,10.);
#653=VECTOR('',#3777,10.);
#654=VECTOR('',#3780,10.);
#655=VECTOR('',#3781,10.);
#656=VECTOR('',#3782,10.);
#657=VECTOR('',#3785,10.);
#658=VECTOR('',#3786,10.);
#659=VECTOR('',#3787,10.);
#660=VECTOR('',#3790,10.);
#661=VECTOR('',#3791,10.);
#662=VECTOR('',#3792,10.);
#663=VECTOR('',#3795,10.);
#664=VECTOR('',#3798,10.);
#665=VECTOR('',#3799,10.);
#666=VECTOR('',#3800,10.);
#667=VECTOR('',#3801,10.);
#668=VECTOR('',#3802,10.);
#669=VECTOR('',#3803,10.);
#670=VECTOR('',#3804,10.);
#671=VECTOR('',#3805,10.);
#672=VECTOR('',#3806,10.);
#673=VECTOR('',#3807,10.);
#674=VECTOR('',#3808,10.);
#675=VECTOR('',#3809,10.);
#676=VECTOR('',#3810,10.);
#677=VECTOR('',#3811,10.);
#678=VECTOR('',#3812,10.);
#679=VECTOR('',#3813,10.);
#680=VECTOR('',#3814,10.);
#681=VECTOR('',#3815,10.);
#682=VECTOR('',#3816,10.);
#683=VECTOR('',#3817,10.);
#684=VECTOR('',#3818,10.);
#685=VECTOR('',#3821,10.);
#686=VECTOR('',#3822,10.);
#687=VECTOR('',#3823,10.);
#688=VECTOR('',#3824,10.);
#689=VECTOR('',#3825,10.);
#690=VECTOR('',#3826,10.);
#691=VECTOR('',#3827,10.);
#692=VECTOR('',#3832,10.);
#693=VECTOR('',#3833,10.);
#694=VECTOR('',#3834,10.);
#695=VECTOR('',#3839,10.);
#696=VECTOR('',#3840,10.);
#697=VECTOR('',#3845,10.);
#698=VECTOR('',#3846,10.);
#699=VECTOR('',#3849,10.);
#700=VECTOR('',#3850,10.);
#701=VECTOR('',#3853,10.);
#702=VECTOR('',#3856,10.);
#703=VECTOR('',#3857,10.);
#704=VECTOR('',#3860,10.);
#705=VECTOR('',#3863,10.);
#706=VECTOR('',#3866,10.);
#707=VECTOR('',#3867,10.);
#708=VECTOR('',#3868,10.);
#709=VECTOR('',#3871,10.);
#710=VECTOR('',#3872,10.);
#711=VECTOR('',#3873,10.);
#712=VECTOR('',#3876,10.);
#713=VECTOR('',#3877,10.);
#714=VECTOR('',#3880,10.);
#715=VECTOR('',#3881,10.);
#716=VECTOR('',#3882,10.);
#717=VECTOR('',#3885,10.);
#718=VECTOR('',#3886,10.);
#719=VECTOR('',#3887,10.);
#720=VECTOR('',#3890,10.);
#721=VECTOR('',#3891,10.);
#722=VECTOR('',#3894,10.);
#723=VECTOR('',#3895,10.);
#724=VECTOR('',#3898,10.);
#725=VECTOR('',#3899,10.);
#726=VECTOR('',#3902,10.);
#727=VECTOR('',#3905,10.);
#728=VECTOR('',#3906,10.);
#729=VECTOR('',#3909,10.);
#730=VECTOR('',#3910,10.);
#731=VECTOR('',#3913,10.);
#732=VECTOR('',#3916,10.);
#733=VECTOR('',#3917,10.);
#734=VECTOR('',#3918,10.);
#735=VECTOR('',#3921,10.);
#736=VECTOR('',#3922,10.);
#737=VECTOR('',#3923,10.);
#738=VECTOR('',#3926,10.);
#739=VECTOR('',#3927,10.);
#740=VECTOR('',#3930,10.);
#741=VECTOR('',#3931,10.);
#742=VECTOR('',#3934,10.);
#743=VECTOR('',#3935,10.);
#744=VECTOR('',#3938,10.);
#745=VECTOR('',#3939,10.);
#746=VECTOR('',#3942,10.);
#747=VECTOR('',#3943,10.);
#748=VECTOR('',#3946,10.);
#749=VECTOR('',#3947,10.);
#750=VECTOR('',#3950,10.);
#751=VECTOR('',#3955,10.);
#752=VECTOR('',#3956,10.);
#753=VECTOR('',#3959,10.);
#754=VECTOR('',#3962,10.);
#755=VECTOR('',#3963,10.);
#756=VECTOR('',#3964,10.);
#757=VECTOR('',#3967,10.);
#758=VECTOR('',#3968,10.);
#759=VECTOR('',#3971,10.);
#760=VECTOR('',#3972,10.);
#761=VECTOR('',#3973,10.);
#762=VECTOR('',#3976,10.);
#763=VECTOR('',#3977,10.);
#764=VECTOR('',#3980,10.);
#765=VECTOR('',#3981,10.);
#766=VECTOR('',#3982,10.);
#767=VECTOR('',#3985,10.);
#768=VECTOR('',#3986,10.);
#769=VECTOR('',#3989,10.);
#770=VECTOR('',#3990,10.);
#771=VECTOR('',#3991,10.);
#772=VECTOR('',#3994,10.);
#773=VECTOR('',#3995,10.);
#774=VECTOR('',#3996,10.);
#775=VECTOR('',#3997,10.);
#776=VECTOR('',#4002,10.);
#777=VECTOR('',#4005,10.);
#778=VECTOR('',#4008,10.);
#779=VECTOR('',#4009,10.);
#780=VECTOR('',#4012,10.);
#781=VECTOR('',#4015,10.);
#782=VECTOR('',#4016,10.);
#783=VECTOR('',#4019,10.);
#784=VECTOR('',#4022,10.);
#785=VECTOR('',#4023,10.);
#786=VECTOR('',#4026,10.);
#787=VECTOR('',#4029,10.);
#788=VECTOR('',#4030,10.);
#789=VECTOR('',#4037,10.);
#790=VECTOR('',#4040,10.);
#791=VECTOR('',#4041,10.);
#792=VECTOR('',#4044,10.);
#793=VECTOR('',#4045,10.);
#794=VECTOR('',#4048,10.);
#795=VECTOR('',#4049,10.);
#796=VECTOR('',#4052,10.);
#797=VECTOR('',#4053,10.);
#798=VECTOR('',#4056,10.);
#799=CYLINDRICAL_SURFACE('',#3239,1.);
#800=CYLINDRICAL_SURFACE('',#3240,1.);
#801=CYLINDRICAL_SURFACE('',#3241,1.);
#802=CYLINDRICAL_SURFACE('',#3242,1.);
#803=CYLINDRICAL_SURFACE('',#3247,0.499999999999343);
#804=CYLINDRICAL_SURFACE('',#3251,0.500000000000625);
#805=CYLINDRICAL_SURFACE('',#3255,0.500000000000941);
#806=CYLINDRICAL_SURFACE('',#3259,0.500000000000909);
#807=CYLINDRICAL_SURFACE('',#3265,2.5);
#808=CYLINDRICAL_SURFACE('',#3276,1.);
#809=CYLINDRICAL_SURFACE('',#3278,1.);
#810=CYLINDRICAL_SURFACE('',#3283,1.);
#811=CYLINDRICAL_SURFACE('',#3290,1.);
#812=CYLINDRICAL_SURFACE('',#3291,1.);
#813=CYLINDRICAL_SURFACE('',#3295,0.300086588695899);
#814=CYLINDRICAL_SURFACE('',#3303,0.300087937085189);
#815=CYLINDRICAL_SURFACE('',#3309,1.);
#816=CYLINDRICAL_SURFACE('',#3314,1.);
#817=CYLINDRICAL_SURFACE('',#3315,1.);
#818=CYLINDRICAL_SURFACE('',#3316,1.);
#819=CYLINDRICAL_SURFACE('',#3319,1.);
#820=CYLINDRICAL_SURFACE('',#3361,1.69999999999963);
#821=CYLINDRICAL_SURFACE('',#3367,0.300000000000369);
#822=CYLINDRICAL_SURFACE('',#3378,1.10000000000104);
#823=CYLINDRICAL_SURFACE('',#3379,0.90000000000061);
#824=CYLINDRICAL_SURFACE('',#3390,1.49999999999974);
#825=CYLINDRICAL_SURFACE('',#3396,1.50000000000036);
#826=FACE_OUTER_BOUND('',#985,.T.);
#827=FACE_OUTER_BOUND('',#986,.T.);
#828=FACE_OUTER_BOUND('',#987,.T.);
#829=FACE_OUTER_BOUND('',#988,.T.);
#830=FACE_OUTER_BOUND('',#989,.T.);
#831=FACE_OUTER_BOUND('',#990,.T.);
#832=FACE_OUTER_BOUND('',#991,.T.);
#833=FACE_OUTER_BOUND('',#992,.T.);
#834=FACE_OUTER_BOUND('',#993,.T.);
#835=FACE_OUTER_BOUND('',#994,.T.);
#836=FACE_OUTER_BOUND('',#995,.T.);
#837=FACE_OUTER_BOUND('',#996,.T.);
#838=FACE_OUTER_BOUND('',#997,.T.);
#839=FACE_OUTER_BOUND('',#998,.T.);
#840=FACE_OUTER_BOUND('',#999,.T.);
#841=FACE_OUTER_BOUND('',#1000,.T.);
#842=FACE_OUTER_BOUND('',#1001,.T.);
#843=FACE_OUTER_BOUND('',#1002,.T.);
#844=FACE_OUTER_BOUND('',#1003,.T.);
#845=FACE_OUTER_BOUND('',#1004,.T.);
#846=FACE_OUTER_BOUND('',#1005,.T.);
#847=FACE_OUTER_BOUND('',#1006,.T.);
#848=FACE_OUTER_BOUND('',#1007,.T.);
#849=FACE_OUTER_BOUND('',#1008,.T.);
#850=FACE_OUTER_BOUND('',#1009,.T.);
#851=FACE_OUTER_BOUND('',#1010,.T.);
#852=FACE_OUTER_BOUND('',#1011,.T.);
#853=FACE_OUTER_BOUND('',#1012,.T.);
#854=FACE_OUTER_BOUND('',#1014,.T.);
#855=FACE_OUTER_BOUND('',#1015,.T.);
#856=FACE_OUTER_BOUND('',#1016,.T.);
#857=FACE_OUTER_BOUND('',#1017,.T.);
#858=FACE_OUTER_BOUND('',#1018,.T.);
#859=FACE_OUTER_BOUND('',#1019,.T.);
#860=FACE_OUTER_BOUND('',#1020,.T.);
#861=FACE_OUTER_BOUND('',#1021,.T.);
#862=FACE_OUTER_BOUND('',#1022,.T.);
#863=FACE_OUTER_BOUND('',#1023,.T.);
#864=FACE_OUTER_BOUND('',#1024,.T.);
#865=FACE_OUTER_BOUND('',#1025,.T.);
#866=FACE_OUTER_BOUND('',#1026,.T.);
#867=FACE_OUTER_BOUND('',#1027,.T.);
#868=FACE_OUTER_BOUND('',#1031,.T.);
#869=FACE_OUTER_BOUND('',#1032,.T.);
#870=FACE_OUTER_BOUND('',#1037,.T.);
#871=FACE_OUTER_BOUND('',#1038,.T.);
#872=FACE_OUTER_BOUND('',#1039,.T.);
#873=FACE_OUTER_BOUND('',#1040,.T.);
#874=FACE_OUTER_BOUND('',#1041,.T.);
#875=FACE_OUTER_BOUND('',#1042,.T.);
#876=FACE_OUTER_BOUND('',#1043,.T.);
#877=FACE_OUTER_BOUND('',#1044,.T.);
#878=FACE_OUTER_BOUND('',#1045,.T.);
#879=FACE_OUTER_BOUND('',#1046,.T.);
#880=FACE_OUTER_BOUND('',#1047,.T.);
#881=FACE_OUTER_BOUND('',#1048,.T.);
#882=FACE_OUTER_BOUND('',#1049,.T.);
#883=FACE_OUTER_BOUND('',#1050,.T.);
#884=FACE_OUTER_BOUND('',#1051,.T.);
#885=FACE_OUTER_BOUND('',#1052,.T.);
#886=FACE_OUTER_BOUND('',#1053,.T.);
#887=FACE_OUTER_BOUND('',#1054,.T.);
#888=FACE_OUTER_BOUND('',#1055,.T.);
#889=FACE_OUTER_BOUND('',#1056,.T.);
#890=FACE_OUTER_BOUND('',#1057,.T.);
#891=FACE_OUTER_BOUND('',#1058,.T.);
#892=FACE_OUTER_BOUND('',#1059,.T.);
#893=FACE_OUTER_BOUND('',#1060,.T.);
#894=FACE_OUTER_BOUND('',#1061,.T.);
#895=FACE_OUTER_BOUND('',#1062,.T.);
#896=FACE_OUTER_BOUND('',#1063,.T.);
#897=FACE_OUTER_BOUND('',#1064,.T.);
#898=FACE_OUTER_BOUND('',#1065,.T.);
#899=FACE_OUTER_BOUND('',#1066,.T.);
#900=FACE_OUTER_BOUND('',#1068,.T.);
#901=FACE_OUTER_BOUND('',#1069,.T.);
#902=FACE_OUTER_BOUND('',#1070,.T.);
#903=FACE_OUTER_BOUND('',#1071,.T.);
#904=FACE_OUTER_BOUND('',#1072,.T.);
#905=FACE_OUTER_BOUND('',#1073,.T.);
#906=FACE_OUTER_BOUND('',#1074,.T.);
#907=FACE_OUTER_BOUND('',#1075,.T.);
#908=FACE_OUTER_BOUND('',#1076,.T.);
#909=FACE_OUTER_BOUND('',#1077,.T.);
#910=FACE_OUTER_BOUND('',#1078,.T.);
#911=FACE_OUTER_BOUND('',#1079,.T.);
#912=FACE_OUTER_BOUND('',#1080,.T.);
#913=FACE_OUTER_BOUND('',#1081,.T.);
#914=FACE_OUTER_BOUND('',#1082,.T.);
#915=FACE_OUTER_BOUND('',#1083,.T.);
#916=FACE_OUTER_BOUND('',#1084,.T.);
#917=FACE_OUTER_BOUND('',#1085,.T.);
#918=FACE_OUTER_BOUND('',#1086,.T.);
#919=FACE_OUTER_BOUND('',#1087,.T.);
#920=FACE_OUTER_BOUND('',#1088,.T.);
#921=FACE_OUTER_BOUND('',#1089,.T.);
#922=FACE_OUTER_BOUND('',#1090,.T.);
#923=FACE_OUTER_BOUND('',#1091,.T.);
#924=FACE_OUTER_BOUND('',#1092,.T.);
#925=FACE_OUTER_BOUND('',#1093,.T.);
#926=FACE_OUTER_BOUND('',#1094,.T.);
#927=FACE_OUTER_BOUND('',#1095,.T.);
#928=FACE_OUTER_BOUND('',#1096,.T.);
#929=FACE_OUTER_BOUND('',#1097,.T.);
#930=FACE_OUTER_BOUND('',#1098,.T.);
#931=FACE_OUTER_BOUND('',#1099,.T.);
#932=FACE_OUTER_BOUND('',#1100,.T.);
#933=FACE_OUTER_BOUND('',#1101,.T.);
#934=FACE_OUTER_BOUND('',#1102,.T.);
#935=FACE_OUTER_BOUND('',#1103,.T.);
#936=FACE_OUTER_BOUND('',#1104,.T.);
#937=FACE_OUTER_BOUND('',#1105,.T.);
#938=FACE_OUTER_BOUND('',#1106,.T.);
#939=FACE_OUTER_BOUND('',#1107,.T.);
#940=FACE_OUTER_BOUND('',#1108,.T.);
#941=FACE_OUTER_BOUND('',#1109,.T.);
#942=FACE_OUTER_BOUND('',#1110,.T.);
#943=FACE_OUTER_BOUND('',#1111,.T.);
#944=FACE_OUTER_BOUND('',#1112,.T.);
#945=FACE_OUTER_BOUND('',#1113,.T.);
#946=FACE_OUTER_BOUND('',#1114,.T.);
#947=FACE_OUTER_BOUND('',#1115,.T.);
#948=FACE_OUTER_BOUND('',#1116,.T.);
#949=FACE_OUTER_BOUND('',#1117,.T.);
#950=FACE_OUTER_BOUND('',#1118,.T.);
#951=FACE_OUTER_BOUND('',#1119,.T.);
#952=FACE_OUTER_BOUND('',#1120,.T.);
#953=FACE_OUTER_BOUND('',#1121,.T.);
#954=FACE_OUTER_BOUND('',#1122,.T.);
#955=FACE_OUTER_BOUND('',#1123,.T.);
#956=FACE_OUTER_BOUND('',#1124,.T.);
#957=FACE_OUTER_BOUND('',#1125,.T.);
#958=FACE_OUTER_BOUND('',#1126,.T.);
#959=FACE_OUTER_BOUND('',#1127,.T.);
#960=FACE_OUTER_BOUND('',#1128,.T.);
#961=FACE_OUTER_BOUND('',#1129,.T.);
#962=FACE_OUTER_BOUND('',#1130,.T.);
#963=FACE_OUTER_BOUND('',#1131,.T.);
#964=FACE_OUTER_BOUND('',#1132,.T.);
#965=FACE_OUTER_BOUND('',#1133,.T.);
#966=FACE_OUTER_BOUND('',#1134,.T.);
#967=FACE_OUTER_BOUND('',#1135,.T.);
#968=FACE_OUTER_BOUND('',#1136,.T.);
#969=FACE_OUTER_BOUND('',#1137,.T.);
#970=FACE_OUTER_BOUND('',#1138,.T.);
#971=FACE_OUTER_BOUND('',#1139,.T.);
#972=FACE_OUTER_BOUND('',#1140,.T.);
#973=FACE_OUTER_BOUND('',#1141,.T.);
#974=FACE_OUTER_BOUND('',#1142,.T.);
#975=FACE_OUTER_BOUND('',#1143,.T.);
#976=FACE_OUTER_BOUND('',#1144,.T.);
#977=FACE_OUTER_BOUND('',#1145,.T.);
#978=FACE_OUTER_BOUND('',#1146,.T.);
#979=FACE_OUTER_BOUND('',#1147,.T.);
#980=FACE_OUTER_BOUND('',#1148,.T.);
#981=FACE_OUTER_BOUND('',#1149,.T.);
#982=FACE_OUTER_BOUND('',#1150,.T.);
#983=FACE_OUTER_BOUND('',#1151,.T.);
#984=FACE_OUTER_BOUND('',#1152,.T.);
#985=EDGE_LOOP('',(#2026));
#986=EDGE_LOOP('',(#2027,#2028,#2029,#2030));
#987=EDGE_LOOP('',(#2031,#2032,#2033,#2034));
#988=EDGE_LOOP('',(#2035,#2036,#2037,#2038));
#989=EDGE_LOOP('',(#2039,#2040,#2041,#2042));
#990=EDGE_LOOP('',(#2043,#2044,#2045));
#991=EDGE_LOOP('',(#2046,#2047,#2048));
#992=EDGE_LOOP('',(#2049,#2050,#2051));
#993=EDGE_LOOP('',(#2052,#2053,#2054));
#994=EDGE_LOOP('',(#2055,#2056,#2057,#2058));
#995=EDGE_LOOP('',(#2059,#2060,#2061,#2062));
#996=EDGE_LOOP('',(#2063,#2064,#2065,#2066));
#997=EDGE_LOOP('',(#2067,#2068,#2069,#2070));
#998=EDGE_LOOP('',(#2071,#2072,#2073,#2074));
#999=EDGE_LOOP('',(#2075,#2076,#2077,#2078));
#1000=EDGE_LOOP('',(#2079,#2080,#2081,#2082));
#1001=EDGE_LOOP('',(#2083,#2084,#2085,#2086));
#1002=EDGE_LOOP('',(#2087,#2088,#2089,#2090));
#1003=EDGE_LOOP('',(#2091,#2092,#2093,#2094));
#1004=EDGE_LOOP('',(#2095,#2096,#2097,#2098));
#1005=EDGE_LOOP('',(#2099,#2100,#2101,#2102));
#1006=EDGE_LOOP('',(#2103,#2104,#2105,#2106));
#1007=EDGE_LOOP('',(#2107,#2108,#2109,#2110));
#1008=EDGE_LOOP('',(#2111,#2112,#2113,#2114));
#1009=EDGE_LOOP('',(#2115,#2116,#2117,#2118));
#1010=EDGE_LOOP('',(#2119,#2120,#2121,#2122,#2123,#2124,#2125,#2126));
#1011=EDGE_LOOP('',(#2127,#2128,#2129,#2130,#2131,#2132,#2133,#2134,#2135,
#2136,#2137,#2138,#2139,#2140,#2141,#2142));
#1012=EDGE_LOOP('',(#2143,#2144,#2145,#2146,#2147,#2148,#2149,#2150));
#1013=EDGE_LOOP('',(#2151));
#1014=EDGE_LOOP('',(#2152,#2153,#2154,#2155));
#1015=EDGE_LOOP('',(#2156,#2157,#2158,#2159));
#1016=EDGE_LOOP('',(#2160,#2161,#2162,#2163,#2164,#2165,#2166,#2167,#2168,
#2169,#2170,#2171,#2172,#2173,#2174,#2175,#2176,#2177,#2178,#2179,#2180,
#2181,#2182,#2183,#2184,#2185,#2186,#2187,#2188,#2189,#2190,#2191,#2192,
#2193,#2194,#2195,#2196,#2197,#2198,#2199,#2200,#2201,#2202,#2203,#2204,
#2205,#2206,#2207,#2208,#2209,#2210,#2211,#2212,#2213,#2214,#2215,#2216,
#2217,#2218,#2219));
#1017=EDGE_LOOP('',(#2220,#2221,#2222,#2223));
#1018=EDGE_LOOP('',(#2224,#2225,#2226,#2227));
#1019=EDGE_LOOP('',(#2228,#2229,#2230));
#1020=EDGE_LOOP('',(#2231,#2232,#2233,#2234));
#1021=EDGE_LOOP('',(#2235,#2236,#2237));
#1022=EDGE_LOOP('',(#2238,#2239,#2240,#2241));
#1023=EDGE_LOOP('',(#2242,#2243,#2244,#2245));
#1024=EDGE_LOOP('',(#2246,#2247,#2248,#2249));
#1025=EDGE_LOOP('',(#2250,#2251,#2252,#2253));
#1026=EDGE_LOOP('',(#2254,#2255,#2256,#2257));
#1027=EDGE_LOOP('',(#2258,#2259,#2260,#2261,#2262,#2263,#2264,#2265,#2266,
#2267,#2268,#2269,#2270,#2271,#2272,#2273,#2274,#2275));
#1028=EDGE_LOOP('',(#2276,#2277,#2278,#2279,#2280,#2281,#2282,#2283));
#1029=EDGE_LOOP('',(#2284,#2285,#2286,#2287,#2288,#2289,#2290,#2291));
#1030=EDGE_LOOP('',(#2292,#2293,#2294,#2295,#2296,#2297,#2298,#2299));
#1031=EDGE_LOOP('',(#2300,#2301,#2302,#2303));
#1032=EDGE_LOOP('',(#2304,#2305,#2306,#2307,#2308,#2309,#2310,#2311,#2312,
#2313,#2314,#2315,#2316,#2317,#2318,#2319));
#1033=EDGE_LOOP('',(#2320,#2321,#2322,#2323,#2324,#2325,#2326,#2327));
#1034=EDGE_LOOP('',(#2328,#2329,#2330,#2331,#2332,#2333,#2334,#2335));
#1035=EDGE_LOOP('',(#2336,#2337,#2338,#2339,#2340,#2341,#2342,#2343));
#1036=EDGE_LOOP('',(#2344,#2345,#2346,#2347,#2348,#2349,#2350,#2351));
#1037=EDGE_LOOP('',(#2352,#2353,#2354,#2355));
#1038=EDGE_LOOP('',(#2356,#2357,#2358,#2359));
#1039=EDGE_LOOP('',(#2360,#2361,#2362,#2363));
#1040=EDGE_LOOP('',(#2364,#2365,#2366,#2367));
#1041=EDGE_LOOP('',(#2368,#2369,#2370));
#1042=EDGE_LOOP('',(#2371,#2372,#2373,#2374));
#1043=EDGE_LOOP('',(#2375,#2376,#2377,#2378));
#1044=EDGE_LOOP('',(#2379,#2380,#2381,#2382));
#1045=EDGE_LOOP('',(#2383,#2384,#2385,#2386,#2387,#2388,#2389,#2390));
#1046=EDGE_LOOP('',(#2391,#2392,#2393,#2394));
#1047=EDGE_LOOP('',(#2395,#2396,#2397,#2398));
#1048=EDGE_LOOP('',(#2399,#2400,#2401,#2402));
#1049=EDGE_LOOP('',(#2403,#2404,#2405));
#1050=EDGE_LOOP('',(#2406,#2407,#2408));
#1051=EDGE_LOOP('',(#2409,#2410,#2411));
#1052=EDGE_LOOP('',(#2412,#2413,#2414,#2415,#2416,#2417));
#1053=EDGE_LOOP('',(#2418,#2419,#2420,#2421,#2422,#2423,#2424,#2425,#2426,
#2427));
#1054=EDGE_LOOP('',(#2428,#2429,#2430,#2431,#2432,#2433));
#1055=EDGE_LOOP('',(#2434,#2435,#2436,#2437,#2438,#2439,#2440,#2441,#2442,
#2443,#2444,#2445));
#1056=EDGE_LOOP('',(#2446,#2447,#2448,#2449));
#1057=EDGE_LOOP('',(#2450,#2451,#2452,#2453));
#1058=EDGE_LOOP('',(#2454,#2455,#2456,#2457));
#1059=EDGE_LOOP('',(#2458,#2459,#2460,#2461));
#1060=EDGE_LOOP('',(#2462,#2463,#2464,#2465));
#1061=EDGE_LOOP('',(#2466,#2467,#2468,#2469));
#1062=EDGE_LOOP('',(#2470,#2471,#2472,#2473));
#1063=EDGE_LOOP('',(#2474,#2475,#2476,#2477,#2478,#2479));
#1064=EDGE_LOOP('',(#2480,#2481,#2482,#2483));
#1065=EDGE_LOOP('',(#2484,#2485,#2486,#2487));
#1066=EDGE_LOOP('',(#2488,#2489,#2490,#2491,#2492,#2493,#2494,#2495,#2496,
#2497,#2498,#2499,#2500,#2501,#2502,#2503,#2504,#2505));
#1067=EDGE_LOOP('',(#2506,#2507,#2508,#2509,#2510,#2511,#2512,#2513,#2514,
#2515,#2516,#2517,#2518,#2519,#2520,#2521,#2522,#2523,#2524,#2525,#2526,
#2527,#2528,#2529,#2530,#2531,#2532,#2533,#2534,#2535,#2536,#2537,#2538,
#2539,#2540,#2541,#2542,#2543,#2544,#2545,#2546,#2547,#2548,#2549,#2550,
#2551));
#1068=EDGE_LOOP('',(#2552,#2553,#2554,#2555,#2556,#2557));
#1069=EDGE_LOOP('',(#2558,#2559,#2560,#2561,#2562,#2563));
#1070=EDGE_LOOP('',(#2564,#2565,#2566,#2567,#2568,#2569));
#1071=EDGE_LOOP('',(#2570,#2571,#2572,#2573,#2574,#2575));
#1072=EDGE_LOOP('',(#2576,#2577,#2578,#2579));
#1073=EDGE_LOOP('',(#2580,#2581,#2582,#2583,#2584,#2585));
#1074=EDGE_LOOP('',(#2586,#2587,#2588,#2589,#2590,#2591));
#1075=EDGE_LOOP('',(#2592,#2593,#2594,#2595,#2596,#2597));
#1076=EDGE_LOOP('',(#2598,#2599,#2600,#2601,#2602,#2603));
#1077=EDGE_LOOP('',(#2604,#2605,#2606,#2607,#2608,#2609));
#1078=EDGE_LOOP('',(#2610,#2611,#2612,#2613));
#1079=EDGE_LOOP('',(#2614,#2615,#2616,#2617,#2618,#2619));
#1080=EDGE_LOOP('',(#2620,#2621,#2622,#2623,#2624,#2625));
#1081=EDGE_LOOP('',(#2626,#2627,#2628,#2629));
#1082=EDGE_LOOP('',(#2630,#2631,#2632,#2633,#2634,#2635));
#1083=EDGE_LOOP('',(#2636,#2637,#2638,#2639,#2640,#2641));
#1084=EDGE_LOOP('',(#2642,#2643,#2644,#2645));
#1085=EDGE_LOOP('',(#2646,#2647,#2648,#2649,#2650,#2651));
#1086=EDGE_LOOP('',(#2652,#2653,#2654,#2655,#2656,#2657));
#1087=EDGE_LOOP('',(#2658,#2659,#2660,#2661));
#1088=EDGE_LOOP('',(#2662,#2663,#2664,#2665,#2666,#2667));
#1089=EDGE_LOOP('',(#2668,#2669,#2670,#2671,#2672,#2673));
#1090=EDGE_LOOP('',(#2674,#2675,#2676,#2677));
#1091=EDGE_LOOP('',(#2678,#2679,#2680,#2681,#2682,#2683));
#1092=EDGE_LOOP('',(#2684,#2685,#2686,#2687,#2688,#2689,#2690,#2691,#2692,
#2693));
#1093=EDGE_LOOP('',(#2694,#2695,#2696,#2697,#2698,#2699,#2700,#2701,#2702,
#2703,#2704,#2705));
#1094=EDGE_LOOP('',(#2706,#2707,#2708,#2709,#2710,#2711,#2712,#2713,#2714,
#2715));
#1095=EDGE_LOOP('',(#2716,#2717,#2718,#2719,#2720,#2721,#2722,#2723,#2724,
#2725,#2726,#2727));
#1096=EDGE_LOOP('',(#2728,#2729,#2730,#2731,#2732,#2733,#2734,#2735,#2736,
#2737,#2738,#2739));
#1097=EDGE_LOOP('',(#2740,#2741,#2742,#2743));
#1098=EDGE_LOOP('',(#2744,#2745,#2746,#2747));
#1099=EDGE_LOOP('',(#2748,#2749,#2750,#2751,#2752,#2753,#2754,#2755,#2756,
#2757));
#1100=EDGE_LOOP('',(#2758,#2759,#2760,#2761));
#1101=EDGE_LOOP('',(#2762,#2763,#2764,#2765));
#1102=EDGE_LOOP('',(#2766,#2767,#2768,#2769));
#1103=EDGE_LOOP('',(#2770,#2771,#2772,#2773,#2774,#2775));
#1104=EDGE_LOOP('',(#2776,#2777,#2778,#2779));
#1105=EDGE_LOOP('',(#2780,#2781,#2782,#2783));
#1106=EDGE_LOOP('',(#2784,#2785,#2786,#2787));
#1107=EDGE_LOOP('',(#2788,#2789,#2790,#2791));
#1108=EDGE_LOOP('',(#2792,#2793,#2794,#2795));
#1109=EDGE_LOOP('',(#2796,#2797,#2798,#2799));
#1110=EDGE_LOOP('',(#2800,#2801,#2802,#2803));
#1111=EDGE_LOOP('',(#2804,#2805,#2806,#2807));
#1112=EDGE_LOOP('',(#2808,#2809,#2810,#2811));
#1113=EDGE_LOOP('',(#2812,#2813,#2814,#2815,#2816));
#1114=EDGE_LOOP('',(#2817,#2818,#2819,#2820));
#1115=EDGE_LOOP('',(#2821,#2822,#2823,#2824,#2825));
#1116=EDGE_LOOP('',(#2826,#2827,#2828,#2829));
#1117=EDGE_LOOP('',(#2830,#2831,#2832,#2833));
#1118=EDGE_LOOP('',(#2834,#2835,#2836,#2837));
#1119=EDGE_LOOP('',(#2838,#2839,#2840,#2841));
#1120=EDGE_LOOP('',(#2842,#2843,#2844,#2845,#2846,#2847));
#1121=EDGE_LOOP('',(#2848,#2849,#2850,#2851,#2852,#2853));
#1122=EDGE_LOOP('',(#2854,#2855,#2856,#2857));
#1123=EDGE_LOOP('',(#2858,#2859,#2860,#2861));
#1124=EDGE_LOOP('',(#2862,#2863,#2864,#2865));
#1125=EDGE_LOOP('',(#2866,#2867,#2868,#2869));
#1126=EDGE_LOOP('',(#2870,#2871,#2872,#2873));
#1127=EDGE_LOOP('',(#2874,#2875,#2876,#2877));
#1128=EDGE_LOOP('',(#2878,#2879,#2880,#2881));
#1129=EDGE_LOOP('',(#2882,#2883,#2884,#2885));
#1130=EDGE_LOOP('',(#2886,#2887,#2888,#2889));
#1131=EDGE_LOOP('',(#2890,#2891,#2892,#2893));
#1132=EDGE_LOOP('',(#2894,#2895,#2896,#2897));
#1133=EDGE_LOOP('',(#2898,#2899,#2900,#2901));
#1134=EDGE_LOOP('',(#2902,#2903,#2904,#2905));
#1135=EDGE_LOOP('',(#2906,#2907,#2908,#2909));
#1136=EDGE_LOOP('',(#2910,#2911,#2912,#2913));
#1137=EDGE_LOOP('',(#2914,#2915,#2916,#2917));
#1138=EDGE_LOOP('',(#2918,#2919,#2920,#2921));
#1139=EDGE_LOOP('',(#2922,#2923,#2924,#2925));
#1140=EDGE_LOOP('',(#2926,#2927,#2928,#2929));
#1141=EDGE_LOOP('',(#2930,#2931,#2932,#2933));
#1142=EDGE_LOOP('',(#2934,#2935,#2936,#2937));
#1143=EDGE_LOOP('',(#2938,#2939,#2940,#2941));
#1144=EDGE_LOOP('',(#2942,#2943,#2944,#2945));
#1145=EDGE_LOOP('',(#2946,#2947,#2948,#2949));
#1146=EDGE_LOOP('',(#2950,#2951,#2952,#2953));
#1147=EDGE_LOOP('',(#2954,#2955,#2956,#2957));
#1148=EDGE_LOOP('',(#2958,#2959,#2960,#2961));
#1149=EDGE_LOOP('',(#2962,#2963,#2964,#2965));
#1150=EDGE_LOOP('',(#2966,#2967,#2968,#2969));
#1151=EDGE_LOOP('',(#2970,#2971,#2972,#2973));
#1152=EDGE_LOOP('',(#2974,#2975,#2976,#2977));
#1153=B_SPLINE_CURVE_WITH_KNOTS('',3,(#4062,#4063,#4064,#4065,#4066,#4067,
#4068,#4069,#4070,#4071,#4072,#4073,#4074,#4075,#4076,#4077,#4078,#4079,
#4080,#4081,#4082,#4083,#4084,#4085,#4086,#4087,#4088,#4089,#4090,#4091,
#4092,#4093,#4094,#4095,#4096,#4097,#4098,#4099,#4100),.UNSPECIFIED.,.T.,
 .F.,(4,2,2,2,2,2,2,2,2,2,2,2,2,2,2,3,2,2,4),(-1.66022103116406,-1.64971945655165,
-1.52965517062784,-1.41097418109096,-1.2957285721273,-1.17944763516802,
-1.05921874813288,-0.940295056932745,-0.824811124042023,-0.708637296531677,
-0.588506148519225,-0.469603733671506,-0.354129683642743,-0.2382980125033,
-0.118561113873766,0.,0.0648284221184352,0.130441367624599,0.236115371757387),
 .UNSPECIFIED.);
#1154=B_SPLINE_CURVE_WITH_KNOTS('',3,(#4104,#4105,#4106,#4107,#4108,#4109,
#4110,#4111,#4112,#4113,#4114,#4115,#4116,#4117,#4118,#4119,#4120,#4121,
#4122,#4123,#4124,#4125,#4126,#4127,#4128,#4129,#4130,#4131,#4132,#4133,
#4134,#4135,#4136,#4137,#4138,#4139,#4140),.UNSPECIFIED.,.F.,.F.,(4,3,3,
3,3,3,3,3,3,3,3,3,4),(0.,0.139594425991679,0.279183395141175,0.418767390558848,
0.558346895173183,0.697966533993939,0.837572058555014,0.977165403873626,
1.11674850316825,1.25636529368767,1.39595652951195,1.53556783274102,1.64845418764883),
 .UNSPECIFIED.);
#1155=B_SPLINE_CURVE_WITH_KNOTS('',3,(#4144,#4145,#4146,#4147,#4148,#4149,
#4150,#4151,#4152,#4153,#4154,#4155,#4156,#4157,#4158,#4159,#4160,#4161,
#4162,#4163,#4164,#4165,#4166,#4167,#4168,#4169,#4170,#4171,#4172,#4173,
#4174,#4175,#4176,#4177,#4178,#4179,#4180),.UNSPECIFIED.,.F.,.F.,(4,3,3,
3,3,3,3,3,3,3,3,3,4),(0.,0.139594425814884,0.27918339478761,0.418767390028532,
0.558346894466126,0.69796653311006,0.837572057494324,0.977165402636145,
1.116748501754,1.2563652920966,1.39595652774408,1.53556783079634,1.64845418556113),
 .UNSPECIFIED.);
#1156=B_SPLINE_CURVE_WITH_KNOTS('',3,(#4184,#4185,#4186,#4187,#4188,#4189,
#4190,#4191,#4192,#4193,#4194,#4195,#4196,#4197,#4198,#4199,#4200,#4201,
#4202,#4203,#4204,#4205,#4206,#4207,#4208,#4209,#4210,#4211,#4212,#4213,
#4214,#4215,#4216,#4217,#4218,#4219,#4220),.UNSPECIFIED.,.F.,.F.,(4,3,3,
3,3,3,3,3,3,3,3,3,4),(0.,0.139594425985044,0.279183395127892,0.418767390538936,
0.558346895146651,0.697966533960768,0.83757205851519,0.977165403827156,
1.11674850311514,1.25636529362792,1.39595652944556,1.53556783266799,1.64845418757032),
 .UNSPECIFIED.);
#1157=B_SPLINE_CURVE_WITH_KNOTS('',3,(#4224,#4225,#4226,#4227,#4228,#4229,
#4230,#4231,#4232,#4233,#4234,#4235,#4236,#4237,#4238,#4239,#4240,#4241,
#4242,#4243,#4244,#4245,#4246,#4247,#4248,#4249,#4250,#4251,#4252,#4253,
#4254,#4255,#4256,#4257,#4258,#4259,#4260),.UNSPECIFIED.,.F.,.F.,(4,3,3,
3,3,3,3,3,3,3,3,3,4),(0.,0.139594425831619,0.279183394821072,0.418767390078735,
0.55834689453306,0.697966533193746,0.837572057594763,0.977165402753344,
1.11674850188795,1.25636529224729,1.39595652791152,1.53556783098053,1.64845418575908),
 .UNSPECIFIED.);
#1158=B_SPLINE_CURVE_WITH_KNOTS('',3,(#4264,#4265,#4266,#4267,#4268,#4269,
#4270,#4271,#4272,#4273,#4274,#4275,#4276,#4277,#4278,#4279,#4280,#4281,
#4282,#4283,#4284,#4285,#4286,#4287,#4288,#4289,#4290,#4291,#4292,#4293,
#4294,#4295,#4296,#4297,#4298,#4299,#4300),.UNSPECIFIED.,.F.,.F.,(4,3,3,
3,3,3,3,3,3,3,3,3,4),(0.,0.139594425847561,0.279183394852932,0.418767390126506,
0.558346894596741,0.697966533273357,0.837572057690295,0.977165402864782,
1.1167485020153,1.25636529239058,1.39595652807074,1.53556783115567,1.64845418594695),
 .UNSPECIFIED.);
#1159=B_SPLINE_CURVE_WITH_KNOTS('',3,(#4304,#4305,#4306,#4307,#4308,#4309,
#4310,#4311,#4312,#4313,#4314,#4315,#4316,#4317,#4318,#4319,#4320,#4321,
#4322,#4323,#4324,#4325,#4326,#4327,#4328,#4329,#4330,#4331,#4332,#4333,
#4334,#4335,#4336,#4337,#4338,#4339,#4340),.UNSPECIFIED.,.F.,.F.,(4,3,3,
3,3,3,3,3,3,3,3,3,4),(0.,0.139594425765092,0.279183394688018,0.418767389879137,
0.558346894266942,0.697966532861076,0.837572057195544,0.977165402287583,
1.11674850135566,1.25636529164846,1.39595652724617,1.53556783024863,1.64845418497315),
 .UNSPECIFIED.);
#1160=B_SPLINE_CURVE_WITH_KNOTS('',3,(#4344,#4345,#4346,#4347,#4348,#4349,
#4350,#4351,#4352,#4353,#4354,#4355,#4356,#4357,#4358,#4359,#4360,#4361,
#4362,#4363,#4364,#4365,#4366,#4367,#4368,#4369,#4370,#4371,#4372,#4373,
#4374,#4375,#4376,#4377,#4378,#4379,#4380),.UNSPECIFIED.,.F.,.F.,(4,3,3,
3,3,3,3,3,3,3,3,3,4),(0.,0.139594425811459,0.279183394780743,0.418767390018219,
0.55834689445239,0.697966533092888,0.83757205747372,0.977165402612117,1.11674850172654,
1.2563652920657,1.39595652770975,1.53556783075858,1.64845418552059),
 .UNSPECIFIED.);
#1161=B_SPLINE_CURVE_WITH_KNOTS('',3,(#4383,#4384,#4385,#4386,#4387,#4388,
#4389,#4390,#4391,#4392,#4393,#4394,#4395,#4396,#4397,#4398,#4399,#4400,
#4401,#4402,#4403,#4404,#4405,#4406,#4407,#4408,#4409,#4410,#4411,#4412,
#4413,#4414,#4415,#4416,#4417,#4418,#4419),.UNSPECIFIED.,.F.,.F.,(4,3,3,
3,3,3,3,3,3,3,3,3,4),(0.,0.139594425974313,0.279183395106448,0.418767390506791,
0.558346895103779,0.697966533907171,0.837572058450876,0.977165403752124,
1.1167485030294,1.25636529353144,1.39595652933837,1.53556783255007,1.64845418744377),
 .UNSPECIFIED.);
#1162=B_SPLINE_CURVE_WITH_KNOTS('',3,(#4451,#4452,#4453,#4454,#4455,#4456),
 .UNSPECIFIED.,.F.,.F.,(4,1,1,4),(0.,0.285714285714286,0.571428571428571,
1.),.UNSPECIFIED.);
#1163=B_SPLINE_CURVE_WITH_KNOTS('',3,(#4487,#4488,#4489,#4490,#4491,#4492),
 .UNSPECIFIED.,.F.,.F.,(4,1,1,4),(0.,0.285714285714286,0.571428571428571,
1.),.UNSPECIFIED.);
#1164=B_SPLINE_CURVE_WITH_KNOTS('',3,(#4523,#4524,#4525,#4526,#4527,#4528),
 .UNSPECIFIED.,.F.,.F.,(4,1,1,4),(0.,0.285714285714286,0.571428571428571,
1.),.UNSPECIFIED.);
#1165=B_SPLINE_CURVE_WITH_KNOTS('',3,(#4559,#4560,#4561,#4562,#4563,#4564),
 .UNSPECIFIED.,.F.,.F.,(4,1,1,4),(0.,0.285714285714286,0.571428571428571,
1.),.UNSPECIFIED.);
#1166=B_SPLINE_CURVE_WITH_KNOTS('',3,(#4576,#4577,#4578,#4579),
 .UNSPECIFIED.,.F.,.F.,(4,4),(6.,7.),.UNSPECIFIED.);
#1167=B_SPLINE_CURVE_WITH_KNOTS('',3,(#4595,#4596,#4597,#4598),
 .UNSPECIFIED.,.F.,.F.,(4,4),(0.,1.),.UNSPECIFIED.);
#1168=B_SPLINE_CURVE_WITH_KNOTS('',3,(#4656,#4657,#4658,#4659,#4660,#4661,
#4662,#4663,#4664,#4665,#4666,#4667,#4668,#4669,#4670,#4671,#4672,#4673,
#4674,#4675,#4676,#4677,#4678,#4679,#4680),.UNSPECIFIED.,.T.,.F.,(4,3,3,
3,3,3,3,3,4),(0.,0.110295997913776,1.,1.1102959979138,2.,2.11029599791482,
3.,3.11029599791479,4.),.UNSPECIFIED.);
#1169=B_SPLINE_CURVE_WITH_KNOTS('',3,(#4692,#4693,#4694,#4695),
 .UNSPECIFIED.,.F.,.F.,(4,4),(4.,5.),.UNSPECIFIED.);
#1170=B_SPLINE_CURVE_WITH_KNOTS('',3,(#4709,#4710,#4711,#4712),
 .UNSPECIFIED.,.F.,.F.,(4,4),(2.,3.),.UNSPECIFIED.);
#1171=B_SPLINE_CURVE_WITH_KNOTS('',3,(#4783,#4784,#4785,#4786),
 .UNSPECIFIED.,.F.,.F.,(4,4),(-13.,-12.),.UNSPECIFIED.);
#1172=B_SPLINE_CURVE_WITH_KNOTS('',3,(#4790,#4791,#4792,#4793),
 .UNSPECIFIED.,.F.,.F.,(4,4),(-11.,-10.),.UNSPECIFIED.);
#1173=B_SPLINE_CURVE_WITH_KNOTS('',3,(#4799,#4800,#4801,#4802),
 .UNSPECIFIED.,.F.,.F.,(4,4),(12.8699934206544,13.),.UNSPECIFIED.);
#1174=B_SPLINE_CURVE_WITH_KNOTS('',3,(#4820,#4821,#4822,#4823),
 .UNSPECIFIED.,.F.,.F.,(4,4),(14.0948921286892,15.),.UNSPECIFIED.);
#1175=B_SPLINE_CURVE_WITH_KNOTS('',3,(#4843,#4844,#4845,#4846),
 .UNSPECIFIED.,.F.,.F.,(4,4),(16.,17.),.UNSPECIFIED.);
#1176=B_SPLINE_CURVE_WITH_KNOTS('',3,(#4896,#4897,#4898,#4899),
 .UNSPECIFIED.,.F.,.F.,(4,4),(10.,10.1300064525201),.UNSPECIFIED.);
#1177=B_SPLINE_CURVE_WITH_KNOTS('',3,(#4905,#4906,#4907,#4908),
 .UNSPECIFIED.,.F.,.F.,(4,4),(-3.,-2.),.UNSPECIFIED.);
#1178=B_SPLINE_CURVE_WITH_KNOTS('',3,(#4912,#4913,#4914,#4915),
 .UNSPECIFIED.,.F.,.F.,(4,4),(-1.,0.),.UNSPECIFIED.);
#1179=B_SPLINE_CURVE_WITH_KNOTS('',3,(#4918,#4919,#4920,#4921),
 .UNSPECIFIED.,.F.,.F.,(4,4),(-17.,-16.),.UNSPECIFIED.);
#1180=B_SPLINE_CURVE_WITH_KNOTS('',3,(#4956,#4957,#4958,#4959,#4960,#4961,
#4962,#4963,#4964,#4965,#4966,#4967,#4968,#4969,#4970,#4971,#4972,#4973,
#4974,#4975,#4976,#4977,#4978,#4979,#4980,#4981,#4982,#4983,#4984,#4985,
#4986,#4987,#4988,#4989,#4990,#4991,#4992),.UNSPECIFIED.,.F.,.F.,(4,3,3,
3,3,3,3,3,3,3,3,3,4),(0.,0.133287483399992,0.266569756500512,0.3998472805848,
0.533120516762373,0.666432073863833,0.799730154394571,0.933016605946817,
1.06629327439532,1.19960211188305,1.33288654924892,1.46619014736469,1.57397624304132),
 .UNSPECIFIED.);
#1181=B_SPLINE_CURVE_WITH_KNOTS('',3,(#5004,#5005,#5006,#5007,#5008,#5009),
 .UNSPECIFIED.,.F.,.F.,(4,1,1,4),(-0.329879013618716,-0.235627866870511,
-0.141376720122307,0.),.UNSPECIFIED.);
#1182=B_SPLINE_CURVE_WITH_KNOTS('',3,(#5015,#5016,#5017,#5018),
 .UNSPECIFIED.,.F.,.F.,(4,4),(6.58655100141523,7.),.UNSPECIFIED.);
#1183=B_SPLINE_CURVE_WITH_KNOTS('',3,(#5022,#5023,#5024,#5025),
 .UNSPECIFIED.,.F.,.F.,(4,4),(0.,1.),.UNSPECIFIED.);
#1184=B_SPLINE_CURVE_WITH_KNOTS('',3,(#5029,#5030,#5031,#5032),
 .UNSPECIFIED.,.F.,.F.,(4,4),(2.,3.),.UNSPECIFIED.);
#1185=B_SPLINE_CURVE_WITH_KNOTS('',3,(#5036,#5037,#5038,#5039),
 .UNSPECIFIED.,.F.,.F.,(4,4),(4.,4.41344900133485),.UNSPECIFIED.);
#1186=B_SPLINE_CURVE_WITH_KNOTS('',3,(#5049,#5050,#5051,#5052),
 .UNSPECIFIED.,.F.,.F.,(4,4),(6.,7.),.UNSPECIFIED.);
#1187=B_SPLINE_CURVE_WITH_KNOTS('',3,(#5056,#5057,#5058,#5059),
 .UNSPECIFIED.,.F.,.F.,(4,4),(0.,1.),.UNSPECIFIED.);
#1188=B_SPLINE_CURVE_WITH_KNOTS('',3,(#5063,#5064,#5065,#5066),
 .UNSPECIFIED.,.F.,.F.,(4,4),(2.,3.),.UNSPECIFIED.);
#1189=B_SPLINE_CURVE_WITH_KNOTS('',3,(#5070,#5071,#5072,#5073),
 .UNSPECIFIED.,.F.,.F.,(4,4),(4.,5.),.UNSPECIFIED.);
#1190=B_SPLINE_CURVE_WITH_KNOTS('',3,(#5077,#5078,#5079,#5080),
 .UNSPECIFIED.,.F.,.F.,(4,4),(6.,7.),.UNSPECIFIED.);
#1191=B_SPLINE_CURVE_WITH_KNOTS('',3,(#5084,#5085,#5086,#5087),
 .UNSPECIFIED.,.F.,.F.,(4,4),(0.,1.),.UNSPECIFIED.);
#1192=B_SPLINE_CURVE_WITH_KNOTS('',3,(#5091,#5092,#5093,#5094),
 .UNSPECIFIED.,.F.,.F.,(4,4),(2.,3.),.UNSPECIFIED.);
#1193=B_SPLINE_CURVE_WITH_KNOTS('',3,(#5098,#5099,#5100,#5101),
 .UNSPECIFIED.,.F.,.F.,(4,4),(4.,5.),.UNSPECIFIED.);
#1194=B_SPLINE_CURVE_WITH_KNOTS('',3,(#5105,#5106,#5107,#5108),
 .UNSPECIFIED.,.F.,.F.,(4,4),(6.,7.),.UNSPECIFIED.);
#1195=B_SPLINE_CURVE_WITH_KNOTS('',3,(#5112,#5113,#5114,#5115),
 .UNSPECIFIED.,.F.,.F.,(4,4),(0.,1.),.UNSPECIFIED.);
#1196=B_SPLINE_CURVE_WITH_KNOTS('',3,(#5119,#5120,#5121,#5122),
 .UNSPECIFIED.,.F.,.F.,(4,4),(2.,3.),.UNSPECIFIED.);
#1197=B_SPLINE_CURVE_WITH_KNOTS('',3,(#5126,#5127,#5128,#5129),
 .UNSPECIFIED.,.F.,.F.,(4,4),(4.,5.),.UNSPECIFIED.);
#1198=B_SPLINE_CURVE_WITH_KNOTS('',3,(#5156,#5157,#5158,#5159),
 .UNSPECIFIED.,.F.,.F.,(4,4),(-11.,-10.),.UNSPECIFIED.);
#1199=B_SPLINE_CURVE_WITH_KNOTS('',3,(#5163,#5164,#5165,#5166),
 .UNSPECIFIED.,.F.,.F.,(4,4),(-13.,-12.),.UNSPECIFIED.);
#1200=B_SPLINE_CURVE_WITH_KNOTS('',3,(#5170,#5171,#5172,#5173),
 .UNSPECIFIED.,.F.,.F.,(4,4),(-15.,-14.),.UNSPECIFIED.);
#1201=B_SPLINE_CURVE_WITH_KNOTS('',3,(#5177,#5178,#5179,#5180),
 .UNSPECIFIED.,.F.,.F.,(4,4),(-17.,-16.),.UNSPECIFIED.);
#1202=B_SPLINE_CURVE_WITH_KNOTS('',3,(#5184,#5185,#5186,#5187),
 .UNSPECIFIED.,.F.,.F.,(4,4),(-0.0789303408516569,0.),.UNSPECIFIED.);
#1203=B_SPLINE_CURVE_WITH_KNOTS('',3,(#5191,#5192,#5193,#5194),
 .UNSPECIFIED.,.F.,.F.,(4,4),(-0.078930340534742,0.),.UNSPECIFIED.);
#1204=B_SPLINE_CURVE_WITH_KNOTS('',3,(#5198,#5199,#5200,#5201),
 .UNSPECIFIED.,.F.,.F.,(4,4),(-0.0789303405880364,0.),.UNSPECIFIED.);
#1205=B_SPLINE_CURVE_WITH_KNOTS('',3,(#5205,#5206,#5207,#5208),
 .UNSPECIFIED.,.F.,.F.,(4,4),(-0.0789303405348243,0.),.UNSPECIFIED.);
#1206=B_SPLINE_CURVE_WITH_KNOTS('',3,(#5212,#5213,#5214,#5215),
 .UNSPECIFIED.,.F.,.F.,(4,4),(-0.0789303407907793,0.),.UNSPECIFIED.);
#1207=B_SPLINE_CURVE_WITH_KNOTS('',3,(#5219,#5220,#5221,#5222),
 .UNSPECIFIED.,.F.,.F.,(4,4),(-0.0789303405956564,0.),.UNSPECIFIED.);
#1208=B_SPLINE_CURVE_WITH_KNOTS('',3,(#5226,#5227,#5228,#5229),
 .UNSPECIFIED.,.F.,.F.,(4,4),(-0.0789303405275637,0.),.UNSPECIFIED.);
#1209=B_SPLINE_CURVE_WITH_KNOTS('',3,(#5233,#5234,#5235,#5236),
 .UNSPECIFIED.,.F.,.F.,(4,4),(-0.0789303405957117,0.),.UNSPECIFIED.);
#1210=B_SPLINE_CURVE_WITH_KNOTS('',3,(#5240,#5241,#5242,#5243),
 .UNSPECIFIED.,.F.,.F.,(4,4),(-0.0789303407908891,0.),.UNSPECIFIED.);
#1211=B_SPLINE_CURVE_WITH_KNOTS('',3,(#5247,#5248,#5249,#5250),
 .UNSPECIFIED.,.F.,.F.,(4,4),(-0.0789303405958934,0.),.UNSPECIFIED.);
#1212=B_SPLINE_CURVE_WITH_KNOTS('',3,(#5254,#5255,#5256,#5257),
 .UNSPECIFIED.,.F.,.F.,(4,4),(-0.0789303405273316,0.),.UNSPECIFIED.);
#1213=B_SPLINE_CURVE_WITH_KNOTS('',3,(#5261,#5262,#5263,#5264),
 .UNSPECIFIED.,.F.,.F.,(4,4),(-0.0789303405959673,0.),.UNSPECIFIED.);
#1214=B_SPLINE_CURVE_WITH_KNOTS('',3,(#5268,#5269,#5270,#5271),
 .UNSPECIFIED.,.F.,.F.,(4,4),(-0.0789303407905559,0.),.UNSPECIFIED.);
#1215=B_SPLINE_CURVE_WITH_KNOTS('',3,(#5275,#5276,#5277,#5278),
 .UNSPECIFIED.,.F.,.F.,(4,4),(-0.0789303405958633,0.),.UNSPECIFIED.);
#1216=B_SPLINE_CURVE_WITH_KNOTS('',3,(#5282,#5283,#5284,#5285),
 .UNSPECIFIED.,.F.,.F.,(4,4),(-0.0789303405273719,0.),.UNSPECIFIED.);
#1217=B_SPLINE_CURVE_WITH_KNOTS('',3,(#5289,#5290,#5291,#5292),
 .UNSPECIFIED.,.F.,.F.,(4,4),(-0.0789303405955704,0.),.UNSPECIFIED.);
#1218=B_SPLINE_CURVE_WITH_KNOTS('',3,(#5345,#5346,#5347,#5348,#5349,#5350,
#5351,#5352,#5353,#5354,#5355,#5356,#5357,#5358,#5359,#5360,#5361,#5362,
#5363,#5364,#5365,#5366,#5367,#5368,#5369,#5370,#5371,#5372,#5373,#5374,
#5375,#5376,#5377,#5378,#5379,#5380,#5381),.UNSPECIFIED.,.F.,.F.,(4,3,3,
3,3,3,3,3,3,3,3,3,4),(0.,0.133287481672739,0.266569753046084,0.399847275403258,
0.533120509853789,0.666432065227683,0.799730144031035,0.933016593856053,
1.06629326057745,1.19960209633764,1.3328865319763,1.46619012836461,1.57397622264437),
 .UNSPECIFIED.);
#1219=B_SPLINE_CURVE_WITH_KNOTS('',3,(#5393,#5394,#5395,#5396,#5397,#5398,
#5399,#5400,#5401,#5402,#5403,#5404,#5405,#5406,#5407,#5408,#5409,#5410,
#5411,#5412,#5413,#5414),.UNSPECIFIED.,.F.,.F.,(4,3,3,3,3,3,3,4),(-0.0796056138386936,
-0.0711966733195299,-0.0671691082540436,-0.0570206393986975,-0.0551424715579938,
-0.0416307612860626,-0.0361203172742453,-0.0334057614021881),
 .UNSPECIFIED.);
#1220=B_SPLINE_CURVE_WITH_KNOTS('',3,(#5416,#5417,#5418,#5419,#5420,#5421,
#5422,#5423,#5424,#5425,#5426,#5427,#5428,#5429,#5430,#5431,#5432,#5433,
#5434,#5435,#5436,#5437,#5438,#5439,#5440,#5441,#5442,#5443,#5444,#5445,
#5446,#5447,#5448,#5449,#5450,#5451,#5452),.UNSPECIFIED.,.F.,.F.,(4,3,3,
3,3,3,3,3,3,3,3,3,4),(0.,0.133287480572668,0.266569750845995,0.39984727210318,
0.533120505453736,0.666432059727357,0.799730137430543,0.933016586155499,
1.06629325177691,1.19960208643686,1.33288652097546,1.46619011626355,1.57397620965379),
 .UNSPECIFIED.);
#1221=B_SPLINE_CURVE_WITH_KNOTS('',3,(#5455,#5456,#5457,#5458,#5459,#5460,
#5461,#5462,#5463,#5464,#5465,#5466,#5467,#5468,#5469,#5470,#5471,#5472,
#5473,#5474,#5475,#5476,#5477,#5478,#5479,#5480,#5481,#5482,#5483,#5484,
#5485,#5486,#5487,#5488,#5489,#5490,#5491),.UNSPECIFIED.,.F.,.F.,(4,3,3,
3,3,3,3,3,3,3,3,3,4),(0.,0.133287480503441,0.26656975070753,0.399847271895491,
0.533120505176845,0.666432059381227,0.799730137015186,0.933016585670903,
1.06629325122307,1.19960208581378,1.33288652028317,1.46619011550203,1.57397620883625),
 .UNSPECIFIED.);
#1222=B_SPLINE_CURVE_WITH_KNOTS('',3,(#5493,#5494,#5495,#5496,#5497,#5498,
#5499,#5500),.UNSPECIFIED.,.F.,.F.,(4,2,2,4),(-0.0463218080550211,-0.0382694950557552,
-0.0190159196457682,0.),.UNSPECIFIED.);
#1223=B_SPLINE_CURVE_WITH_KNOTS('',3,(#5504,#5505,#5506,#5507,#5508,#5509,
#5510,#5511,#5512,#5513,#5514,#5515,#5516,#5517,#5518,#5519,#5520,#5521,
#5522,#5523,#5524,#5525,#5526,#5527,#5528,#5529,#5530,#5531,#5532,#5533,
#5534,#5535,#5536,#5537,#5538,#5539,#5540),.UNSPECIFIED.,.F.,.F.,(4,3,3,
3,3,3,3,3,3,3,3,3,4),(0.,0.133287483441107,0.26656975658275,0.39984728070815,
0.533120516926827,0.666432074069399,0.799730154641247,0.933016606234605,
1.06629327472423,1.19960211225307,1.33288654966005,1.46619014781692,1.57397624352676),
 .UNSPECIFIED.);
#1224=B_SPLINE_CURVE_WITH_KNOTS('',3,(#5576,#5577,#5578,#5579,#5580,#5581),
 .UNSPECIFIED.,.F.,.F.,(4,1,1,4),(0.,0.141376720122307,0.235627866870511,
0.329879013618716),.UNSPECIFIED.);
#1225=B_SPLINE_CURVE_WITH_KNOTS('',3,(#5584,#5585,#5586,#5587,#5588,#5589,
#5590,#5591,#5592,#5593,#5594,#5595,#5596,#5597,#5598,#5599,#5600,#5601,
#5602,#5603,#5604,#5605,#5606,#5607,#5608,#5609,#5610,#5611,#5612,#5613,
#5614,#5615,#5616,#5617,#5618,#5619,#5620),.UNSPECIFIED.,.F.,.F.,(4,3,3,
3,3,3,3,3,3,3,3,3,4),(0.,0.133287481564923,0.266569752830467,0.399847275079837,
0.533120509422567,0.666432064688625,0.799730143384156,0.933016593101347,
1.06629325971494,1.1996020953673,1.33288653089814,1.46619012717862,1.57397622137121),
 .UNSPECIFIED.);
#1226=B_SPLINE_CURVE_WITH_KNOTS('',3,(#5647,#5648,#5649,#5650,#5651),
 .UNSPECIFIED.,.F.,.F.,(4,1,4),(0.,0.571428571428571,1.),.UNSPECIFIED.);
#1227=B_SPLINE_CURVE_WITH_KNOTS('',3,(#5677,#5678,#5679,#5680,#5681),
 .UNSPECIFIED.,.F.,.F.,(4,1,4),(0.,0.571428571428571,1.),.UNSPECIFIED.);
#1228=B_SPLINE_CURVE_WITH_KNOTS('',3,(#5707,#5708,#5709,#5710,#5711),
 .UNSPECIFIED.,.F.,.F.,(4,1,4),(0.,0.571428571428571,1.),.UNSPECIFIED.);
#1229=B_SPLINE_CURVE_WITH_KNOTS('',3,(#5724,#5725,#5726,#5727),
 .UNSPECIFIED.,.F.,.F.,(4,4),(12.,12.8699934206544),.UNSPECIFIED.);
#1230=B_SPLINE_CURVE_WITH_KNOTS('',3,(#5750,#5751,#5752,#5753),
 .UNSPECIFIED.,.F.,.F.,(4,4),(-0.0800000000000001,-0.05),.UNSPECIFIED.);
#1231=B_SPLINE_CURVE_WITH_KNOTS('',3,(#5754,#5755,#5756,#5757),
 .UNSPECIFIED.,.F.,.F.,(4,4),(-0.0170902299659941,0.),.UNSPECIFIED.);
#1232=B_SPLINE_CURVE_WITH_KNOTS('',3,(#5836,#5837,#5838,#5839),
 .UNSPECIFIED.,.F.,.F.,(4,4),(16.,17.),.UNSPECIFIED.);
#1233=B_SPLINE_CURVE_WITH_KNOTS('',3,(#5843,#5844,#5845,#5846),
 .UNSPECIFIED.,.F.,.F.,(4,4),(0.,1.),.UNSPECIFIED.);
#1234=B_SPLINE_CURVE_WITH_KNOTS('',3,(#5850,#5851,#5852,#5853),
 .UNSPECIFIED.,.F.,.F.,(4,4),(2.,3.),.UNSPECIFIED.);
#1235=B_SPLINE_CURVE_WITH_KNOTS('',3,(#5859,#5860,#5861,#5862),
 .UNSPECIFIED.,.F.,.F.,(4,4),(10.1300064525201,11.),.UNSPECIFIED.);
#1236=B_SPLINE_CURVE_WITH_KNOTS('',3,(#5869,#5870,#5871,#5872),
 .UNSPECIFIED.,.F.,.F.,(4,4),(10.,11.),.UNSPECIFIED.);
#1237=B_SPLINE_CURVE_WITH_KNOTS('',3,(#5875,#5876,#5877,#5878),
 .UNSPECIFIED.,.F.,.F.,(4,4),(12.,13.),.UNSPECIFIED.);
#1238=B_SPLINE_CURVE_WITH_KNOTS('',3,(#5880,#5881,#5882,#5883),
 .UNSPECIFIED.,.F.,.F.,(4,4),(-17.,-16.),.UNSPECIFIED.);
#1239=B_SPLINE_CURVE_WITH_KNOTS('',3,(#5897,#5898,#5899,#5900),
 .UNSPECIFIED.,.F.,.F.,(4,4),(-15.,-14.0609329351994),.UNSPECIFIED.);
#1240=B_SPLINE_CURVE_WITH_KNOTS('',3,(#5912,#5913,#5914,#5915),
 .UNSPECIFIED.,.F.,.F.,(4,4),(-13.,-12.),.UNSPECIFIED.);
#1241=B_SPLINE_CURVE_WITH_KNOTS('',3,(#5919,#5920,#5921,#5922),
 .UNSPECIFIED.,.F.,.F.,(4,4),(-11.,-10.),.UNSPECIFIED.);
#1242=B_SPLINE_CURVE_WITH_KNOTS('',3,(#5975,#5976,#5977,#5978),
 .UNSPECIFIED.,.F.,.F.,(4,4),(-0.11,0.),.UNSPECIFIED.);
#1243=B_SPLINE_CURVE_WITH_KNOTS('',3,(#5983,#5984,#5985,#5986),
 .UNSPECIFIED.,.F.,.F.,(4,4),(-0.068890730762758,-0.0518924973366157),
 .UNSPECIFIED.);
#1244=VERTEX_POINT('',#4061);
#1245=VERTEX_POINT('',#4102);
#1246=VERTEX_POINT('',#4103);
#1247=VERTEX_POINT('',#4141);
#1248=VERTEX_POINT('',#4143);
#1249=VERTEX_POINT('',#4183);
#1250=VERTEX_POINT('',#4221);
#1251=VERTEX_POINT('',#4223);
#1252=VERTEX_POINT('',#4263);
#1253=VERTEX_POINT('',#4301);
#1254=VERTEX_POINT('',#4303);
#1255=VERTEX_POINT('',#4343);
#1256=VERTEX_POINT('',#4381);
#1257=VERTEX_POINT('',#4573);
#1258=VERTEX_POINT('',#4575);
#1259=VERTEX_POINT('',#4582);
#1260=VERTEX_POINT('',#4593);
#1261=VERTEX_POINT('',#4600);
#1262=VERTEX_POINT('',#4654);
#1263=VERTEX_POINT('',#4689);
#1264=VERTEX_POINT('',#4691);
#1265=VERTEX_POINT('',#4698);
#1266=VERTEX_POINT('',#4714);
#1267=VERTEX_POINT('',#4715);
#1268=VERTEX_POINT('',#4717);
#1269=VERTEX_POINT('',#4719);
#1270=VERTEX_POINT('',#4723);
#1271=VERTEX_POINT('',#4725);
#1272=VERTEX_POINT('',#4729);
#1273=VERTEX_POINT('',#4731);
#1274=VERTEX_POINT('',#4735);
#1275=VERTEX_POINT('',#4737);
#1276=VERTEX_POINT('',#4741);
#1277=VERTEX_POINT('',#4743);
#1278=VERTEX_POINT('',#4747);
#1279=VERTEX_POINT('',#4749);
#1280=VERTEX_POINT('',#4753);
#1281=VERTEX_POINT('',#4755);
#1282=VERTEX_POINT('',#4765);
#1283=VERTEX_POINT('',#4766);
#1284=VERTEX_POINT('',#4768);
#1285=VERTEX_POINT('',#4770);
#1286=VERTEX_POINT('',#4774);
#1287=VERTEX_POINT('',#4776);
#1288=VERTEX_POINT('',#4780);
#1289=VERTEX_POINT('',#4782);
#1290=VERTEX_POINT('',#4787);
#1291=VERTEX_POINT('',#4789);
#1292=VERTEX_POINT('',#4794);
#1293=VERTEX_POINT('',#4796);
#1294=VERTEX_POINT('',#4798);
#1295=VERTEX_POINT('',#4803);
#1296=VERTEX_POINT('',#4805);
#1297=VERTEX_POINT('',#4807);
#1298=VERTEX_POINT('',#4809);
#1299=VERTEX_POINT('',#4811);
#1300=VERTEX_POINT('',#4813);
#1301=VERTEX_POINT('',#4815);
#1302=VERTEX_POINT('',#4817);
#1303=VERTEX_POINT('',#4819);
#1304=VERTEX_POINT('',#4824);
#1305=VERTEX_POINT('',#4826);
#1306=VERTEX_POINT('',#4828);
#1307=VERTEX_POINT('',#4830);
#1308=VERTEX_POINT('',#4832);
#1309=VERTEX_POINT('',#4834);
#1310=VERTEX_POINT('',#4836);
#1311=VERTEX_POINT('',#4838);
#1312=VERTEX_POINT('',#4840);
#1313=VERTEX_POINT('',#4842);
#1314=VERTEX_POINT('',#4847);
#1315=VERTEX_POINT('',#4849);
#1316=VERTEX_POINT('',#4851);
#1317=VERTEX_POINT('',#4853);
#1318=VERTEX_POINT('',#4855);
#1319=VERTEX_POINT('',#4857);
#1320=VERTEX_POINT('',#4859);
#1321=VERTEX_POINT('',#4861);
#1322=VERTEX_POINT('',#4863);
#1323=VERTEX_POINT('',#4865);
#1324=VERTEX_POINT('',#4867);
#1325=VERTEX_POINT('',#4869);
#1326=VERTEX_POINT('',#4871);
#1327=VERTEX_POINT('',#4873);
#1328=VERTEX_POINT('',#4875);
#1329=VERTEX_POINT('',#4877);
#1330=VERTEX_POINT('',#4879);
#1331=VERTEX_POINT('',#4881);
#1332=VERTEX_POINT('',#4883);
#1333=VERTEX_POINT('',#4885);
#1334=VERTEX_POINT('',#4887);
#1335=VERTEX_POINT('',#4889);
#1336=VERTEX_POINT('',#4891);
#1337=VERTEX_POINT('',#4893);
#1338=VERTEX_POINT('',#4895);
#1339=VERTEX_POINT('',#4900);
#1340=VERTEX_POINT('',#4902);
#1341=VERTEX_POINT('',#4904);
#1342=VERTEX_POINT('',#4909);
#1343=VERTEX_POINT('',#4911);
#1344=VERTEX_POINT('',#4916);
#1345=VERTEX_POINT('',#4923);
#1346=VERTEX_POINT('',#4924);
#1347=VERTEX_POINT('',#4929);
#1348=VERTEX_POINT('',#4931);
#1349=VERTEX_POINT('',#4933);
#1350=VERTEX_POINT('',#4939);
#1351=VERTEX_POINT('',#4946);
#1352=VERTEX_POINT('',#4951);
#1353=VERTEX_POINT('',#4955);
#1354=VERTEX_POINT('',#4995);
#1355=VERTEX_POINT('',#4997);
#1356=VERTEX_POINT('',#5001);
#1357=VERTEX_POINT('',#5003);
#1358=VERTEX_POINT('',#5010);
#1359=VERTEX_POINT('',#5012);
#1360=VERTEX_POINT('',#5014);
#1361=VERTEX_POINT('',#5019);
#1362=VERTEX_POINT('',#5021);
#1363=VERTEX_POINT('',#5026);
#1364=VERTEX_POINT('',#5028);
#1365=VERTEX_POINT('',#5033);
#1366=VERTEX_POINT('',#5035);
#1367=VERTEX_POINT('',#5040);
#1368=VERTEX_POINT('',#5042);
#1369=VERTEX_POINT('',#5044);
#1370=VERTEX_POINT('',#5047);
#1371=VERTEX_POINT('',#5048);
#1372=VERTEX_POINT('',#5053);
#1373=VERTEX_POINT('',#5055);
#1374=VERTEX_POINT('',#5060);
#1375=VERTEX_POINT('',#5062);
#1376=VERTEX_POINT('',#5067);
#1377=VERTEX_POINT('',#5069);
#1378=VERTEX_POINT('',#5075);
#1379=VERTEX_POINT('',#5076);
#1380=VERTEX_POINT('',#5081);
#1381=VERTEX_POINT('',#5083);
#1382=VERTEX_POINT('',#5088);
#1383=VERTEX_POINT('',#5090);
#1384=VERTEX_POINT('',#5095);
#1385=VERTEX_POINT('',#5097);
#1386=VERTEX_POINT('',#5103);
#1387=VERTEX_POINT('',#5104);
#1388=VERTEX_POINT('',#5109);
#1389=VERTEX_POINT('',#5111);
#1390=VERTEX_POINT('',#5116);
#1391=VERTEX_POINT('',#5118);
#1392=VERTEX_POINT('',#5123);
#1393=VERTEX_POINT('',#5125);
#1394=VERTEX_POINT('',#5132);
#1395=VERTEX_POINT('',#5133);
#1396=VERTEX_POINT('',#5135);
#1397=VERTEX_POINT('',#5137);
#1398=VERTEX_POINT('',#5141);
#1399=VERTEX_POINT('',#5143);
#1400=VERTEX_POINT('',#5145);
#1401=VERTEX_POINT('',#5147);
#1402=VERTEX_POINT('',#5149);
#1403=VERTEX_POINT('',#5151);
#1404=VERTEX_POINT('',#5153);
#1405=VERTEX_POINT('',#5155);
#1406=VERTEX_POINT('',#5160);
#1407=VERTEX_POINT('',#5162);
#1408=VERTEX_POINT('',#5167);
#1409=VERTEX_POINT('',#5169);
#1410=VERTEX_POINT('',#5174);
#1411=VERTEX_POINT('',#5176);
#1412=VERTEX_POINT('',#5182);
#1413=VERTEX_POINT('',#5183);
#1414=VERTEX_POINT('',#5188);
#1415=VERTEX_POINT('',#5190);
#1416=VERTEX_POINT('',#5195);
#1417=VERTEX_POINT('',#5197);
#1418=VERTEX_POINT('',#5202);
#1419=VERTEX_POINT('',#5204);
#1420=VERTEX_POINT('',#5210);
#1421=VERTEX_POINT('',#5211);
#1422=VERTEX_POINT('',#5216);
#1423=VERTEX_POINT('',#5218);
#1424=VERTEX_POINT('',#5223);
#1425=VERTEX_POINT('',#5225);
#1426=VERTEX_POINT('',#5230);
#1427=VERTEX_POINT('',#5232);
#1428=VERTEX_POINT('',#5238);
#1429=VERTEX_POINT('',#5239);
#1430=VERTEX_POINT('',#5244);
#1431=VERTEX_POINT('',#5246);
#1432=VERTEX_POINT('',#5251);
#1433=VERTEX_POINT('',#5253);
#1434=VERTEX_POINT('',#5258);
#1435=VERTEX_POINT('',#5260);
#1436=VERTEX_POINT('',#5266);
#1437=VERTEX_POINT('',#5267);
#1438=VERTEX_POINT('',#5272);
#1439=VERTEX_POINT('',#5274);
#1440=VERTEX_POINT('',#5279);
#1441=VERTEX_POINT('',#5281);
#1442=VERTEX_POINT('',#5286);
#1443=VERTEX_POINT('',#5288);
#1444=VERTEX_POINT('',#5295);
#1445=VERTEX_POINT('',#5299);
#1446=VERTEX_POINT('',#5303);
#1447=VERTEX_POINT('',#5307);
#1448=VERTEX_POINT('',#5340);
#1449=VERTEX_POINT('',#5344);
#1450=VERTEX_POINT('',#5382);
#1451=VERTEX_POINT('',#5386);
#1452=VERTEX_POINT('',#5392);
#1453=VERTEX_POINT('',#5415);
#1454=VERTEX_POINT('',#5453);
#1455=VERTEX_POINT('',#5492);
#1456=VERTEX_POINT('',#5503);
#1457=VERTEX_POINT('',#5541);
#1458=VERTEX_POINT('',#5574);
#1459=VERTEX_POINT('',#5583);
#1460=VERTEX_POINT('',#5721);
#1461=VERTEX_POINT('',#5723);
#1462=VERTEX_POINT('',#5730);
#1463=VERTEX_POINT('',#5732);
#1464=VERTEX_POINT('',#5735);
#1465=VERTEX_POINT('',#5737);
#1466=VERTEX_POINT('',#5749);
#1467=VERTEX_POINT('',#5760);
#1468=VERTEX_POINT('',#5762);
#1469=VERTEX_POINT('',#5765);
#1470=VERTEX_POINT('',#5767);
#1471=VERTEX_POINT('',#5779);
#1472=VERTEX_POINT('',#5781);
#1473=VERTEX_POINT('',#5785);
#1474=VERTEX_POINT('',#5787);
#1475=VERTEX_POINT('',#5791);
#1476=VERTEX_POINT('',#5793);
#1477=VERTEX_POINT('',#5797);
#1478=VERTEX_POINT('',#5799);
#1479=VERTEX_POINT('',#5803);
#1480=VERTEX_POINT('',#5805);
#1481=VERTEX_POINT('',#5809);
#1482=VERTEX_POINT('',#5810);
#1483=VERTEX_POINT('',#5815);
#1484=VERTEX_POINT('',#5817);
#1485=VERTEX_POINT('',#5819);
#1486=VERTEX_POINT('',#5823);
#1487=VERTEX_POINT('',#5825);
#1488=VERTEX_POINT('',#5829);
#1489=VERTEX_POINT('',#5831);
#1490=VERTEX_POINT('',#5835);
#1491=VERTEX_POINT('',#5840);
#1492=VERTEX_POINT('',#5842);
#1493=VERTEX_POINT('',#5847);
#1494=VERTEX_POINT('',#5849);
#1495=VERTEX_POINT('',#5854);
#1496=VERTEX_POINT('',#5856);
#1497=VERTEX_POINT('',#5858);
#1498=VERTEX_POINT('',#5864);
#1499=VERTEX_POINT('',#5866);
#1500=VERTEX_POINT('',#5868);
#1501=VERTEX_POINT('',#5873);
#1502=VERTEX_POINT('',#5879);
#1503=VERTEX_POINT('',#5884);
#1504=VERTEX_POINT('',#5887);
#1505=VERTEX_POINT('',#5889);
#1506=VERTEX_POINT('',#5892);
#1507=VERTEX_POINT('',#5894);
#1508=VERTEX_POINT('',#5896);
#1509=VERTEX_POINT('',#5902);
#1510=VERTEX_POINT('',#5904);
#1511=VERTEX_POINT('',#5907);
#1512=VERTEX_POINT('',#5909);
#1513=VERTEX_POINT('',#5911);
#1514=VERTEX_POINT('',#5916);
#1515=VERTEX_POINT('',#5918);
#1516=VERTEX_POINT('',#5923);
#1517=VERTEX_POINT('',#5926);
#1518=VERTEX_POINT('',#5928);
#1519=VERTEX_POINT('',#5931);
#1520=VERTEX_POINT('',#5933);
#1521=VERTEX_POINT('',#5936);
#1522=VERTEX_POINT('',#5938);
#1523=VERTEX_POINT('',#5941);
#1524=VERTEX_POINT('',#5943);
#1525=VERTEX_POINT('',#5947);
#1526=VERTEX_POINT('',#5949);
#1527=VERTEX_POINT('',#5953);
#1528=VERTEX_POINT('',#5956);
#1529=VERTEX_POINT('',#5960);
#1530=VERTEX_POINT('',#5964);
#1531=VERTEX_POINT('',#5970);
#1532=VERTEX_POINT('',#5974);
#1533=VERTEX_POINT('',#5981);
#1534=VERTEX_POINT('',#5988);
#1535=VERTEX_POINT('',#5990);
#1536=VERTEX_POINT('',#5994);
#1537=VERTEX_POINT('',#5996);
#1538=VERTEX_POINT('',#6003);
#1539=VERTEX_POINT('',#6005);
#1540=VERTEX_POINT('',#6009);
#1541=VERTEX_POINT('',#6011);
#1542=VERTEX_POINT('',#6018);
#1543=VERTEX_POINT('',#6022);
#1544=VERTEX_POINT('',#6028);
#1545=VERTEX_POINT('',#6032);
#1546=VERTEX_POINT('',#6038);
#1547=VERTEX_POINT('',#6040);
#1548=VERTEX_POINT('',#6044);
#1549=VERTEX_POINT('',#6046);
#1550=EDGE_CURVE('',#1244,#1244,#1153,.T.);
#1551=EDGE_CURVE('',#1245,#1246,#1154,.T.);
#1552=EDGE_CURVE('',#1246,#1247,#115,.T.);
#1553=EDGE_CURVE('',#1247,#1248,#1155,.T.);
#1554=EDGE_CURVE('',#1248,#1245,#116,.T.);
#1555=EDGE_CURVE('',#1249,#1247,#1156,.T.);
#1556=EDGE_CURVE('',#1247,#1250,#117,.T.);
#1557=EDGE_CURVE('',#1250,#1251,#1157,.T.);
#1558=EDGE_CURVE('',#1251,#1249,#118,.T.);
#1559=EDGE_CURVE('',#1252,#1250,#1158,.T.);
#1560=EDGE_CURVE('',#1250,#1253,#119,.T.);
#1561=EDGE_CURVE('',#1253,#1254,#1159,.T.);
#1562=EDGE_CURVE('',#1254,#1252,#120,.T.);
#1563=EDGE_CURVE('',#1246,#1255,#1160,.T.);
#1564=EDGE_CURVE('',#1255,#1256,#121,.T.);
#1565=EDGE_CURVE('',#1256,#1253,#1161,.T.);
#1566=EDGE_CURVE('',#1253,#1246,#122,.T.);
#1567=EDGE_CURVE('',#1256,#1254,#1162,.T.);
#1568=EDGE_CURVE('',#1252,#1251,#1163,.T.);
#1569=EDGE_CURVE('',#1249,#1248,#1164,.T.);
#1570=EDGE_CURVE('',#1245,#1255,#1165,.T.);
#1571=EDGE_CURVE('',#1257,#1252,#123,.T.);
#1572=EDGE_CURVE('',#1258,#1257,#1166,.T.);
#1573=EDGE_CURVE('',#1258,#1251,#124,.T.);
#1574=EDGE_CURVE('',#1259,#1254,#125,.T.);
#1575=EDGE_CURVE('',#1257,#1259,#126,.T.);
#1576=EDGE_CURVE('',#1260,#1256,#127,.T.);
#1577=EDGE_CURVE('',#1259,#1260,#1167,.T.);
#1578=EDGE_CURVE('',#1261,#1255,#128,.T.);
#1579=EDGE_CURVE('',#1260,#1261,#129,.T.);
#1580=EDGE_CURVE('',#1262,#1244,#130,.T.);
#1581=EDGE_CURVE('',#1262,#1262,#1168,.F.);
#1582=EDGE_CURVE('',#1263,#1249,#131,.T.);
#1583=EDGE_CURVE('',#1264,#1263,#1169,.T.);
#1584=EDGE_CURVE('',#1264,#1248,#132,.T.);
#1585=EDGE_CURVE('',#1265,#1264,#133,.T.);
#1586=EDGE_CURVE('',#1265,#1245,#134,.T.);
#1587=EDGE_CURVE('',#1261,#1265,#1170,.T.);
#1588=EDGE_CURVE('',#1266,#1267,#31,.T.);
#1589=EDGE_CURVE('',#1266,#1268,#135,.T.);
#1590=EDGE_CURVE('',#1269,#1268,#32,.T.);
#1591=EDGE_CURVE('',#1267,#1269,#136,.T.);
#1592=EDGE_CURVE('',#1267,#1270,#137,.T.);
#1593=EDGE_CURVE('',#1271,#1269,#138,.T.);
#1594=EDGE_CURVE('',#1270,#1271,#139,.T.);
#1595=EDGE_CURVE('',#1270,#1272,#33,.T.);
#1596=EDGE_CURVE('',#1273,#1271,#34,.T.);
#1597=EDGE_CURVE('',#1272,#1273,#140,.T.);
#1598=EDGE_CURVE('',#1272,#1274,#141,.T.);
#1599=EDGE_CURVE('',#1275,#1273,#142,.T.);
#1600=EDGE_CURVE('',#1274,#1275,#143,.T.);
#1601=EDGE_CURVE('',#1274,#1276,#35,.T.);
#1602=EDGE_CURVE('',#1277,#1275,#36,.T.);
#1603=EDGE_CURVE('',#1276,#1277,#144,.T.);
#1604=EDGE_CURVE('',#1276,#1278,#145,.T.);
#1605=EDGE_CURVE('',#1279,#1277,#146,.T.);
#1606=EDGE_CURVE('',#1278,#1279,#147,.T.);
#1607=EDGE_CURVE('',#1278,#1280,#37,.T.);
#1608=EDGE_CURVE('',#1281,#1279,#38,.T.);
#1609=EDGE_CURVE('',#1280,#1281,#148,.T.);
#1610=EDGE_CURVE('',#1268,#1258,#149,.T.);
#1611=EDGE_CURVE('',#1280,#1266,#150,.T.);
#1612=EDGE_CURVE('',#1263,#1281,#151,.T.);
#1613=EDGE_CURVE('',#1282,#1283,#39,.T.);
#1614=EDGE_CURVE('',#1283,#1284,#152,.T.);
#1615=EDGE_CURVE('',#1284,#1285,#40,.T.);
#1616=EDGE_CURVE('',#1285,#1282,#153,.T.);
#1617=EDGE_CURVE('',#1286,#1285,#154,.T.);
#1618=EDGE_CURVE('',#1287,#1286,#155,.T.);
#1619=EDGE_CURVE('',#1282,#1287,#156,.T.);
#1620=EDGE_CURVE('',#1284,#1288,#157,.T.);
#1621=EDGE_CURVE('',#1288,#1289,#1171,.T.);
#1622=EDGE_CURVE('',#1289,#1290,#158,.T.);
#1623=EDGE_CURVE('',#1290,#1291,#1172,.T.);
#1624=EDGE_CURVE('',#1291,#1292,#159,.T.);
#1625=EDGE_CURVE('',#1292,#1293,#41,.T.);
#1626=EDGE_CURVE('',#1293,#1294,#1173,.T.);
#1627=EDGE_CURVE('',#1294,#1295,#160,.T.);
#1628=EDGE_CURVE('',#1295,#1296,#161,.T.);
#1629=EDGE_CURVE('',#1296,#1297,#162,.T.);
#1630=EDGE_CURVE('',#1297,#1298,#163,.T.);
#1631=EDGE_CURVE('',#1298,#1299,#164,.T.);
#1632=EDGE_CURVE('',#1299,#1300,#165,.T.);
#1633=EDGE_CURVE('',#1300,#1301,#166,.T.);
#1634=EDGE_CURVE('',#1301,#1302,#167,.T.);
#1635=EDGE_CURVE('',#1302,#1303,#1174,.T.);
#1636=EDGE_CURVE('',#1303,#1304,#168,.T.);
#1637=EDGE_CURVE('',#1304,#1305,#169,.T.);
#1638=EDGE_CURVE('',#1305,#1306,#170,.T.);
#1639=EDGE_CURVE('',#1306,#1307,#171,.T.);
#1640=EDGE_CURVE('',#1307,#1308,#172,.T.);
#1641=EDGE_CURVE('',#1308,#1309,#173,.T.);
#1642=EDGE_CURVE('',#1309,#1310,#174,.T.);
#1643=EDGE_CURVE('',#1310,#1311,#175,.T.);
#1644=EDGE_CURVE('',#1311,#1312,#176,.T.);
#1645=EDGE_CURVE('',#1312,#1313,#1175,.T.);
#1646=EDGE_CURVE('',#1313,#1314,#177,.T.);
#1647=EDGE_CURVE('',#1315,#1314,#42,.F.);
#1648=EDGE_CURVE('',#1315,#1316,#178,.T.);
#1649=EDGE_CURVE('',#1317,#1316,#43,.F.);
#1650=EDGE_CURVE('',#1317,#1318,#179,.T.);
#1651=EDGE_CURVE('',#1318,#1319,#44,.T.);
#1652=EDGE_CURVE('',#1319,#1320,#180,.T.);
#1653=EDGE_CURVE('',#1320,#1321,#181,.T.);
#1654=EDGE_CURVE('',#1321,#1322,#182,.T.);
#1655=EDGE_CURVE('',#1322,#1323,#183,.T.);
#1656=EDGE_CURVE('',#1323,#1324,#184,.T.);
#1657=EDGE_CURVE('',#1324,#1325,#185,.T.);
#1658=EDGE_CURVE('',#1325,#1326,#186,.T.);
#1659=EDGE_CURVE('',#1326,#1327,#187,.T.);
#1660=EDGE_CURVE('',#1327,#1328,#188,.T.);
#1661=EDGE_CURVE('',#1328,#1329,#45,.T.);
#1662=EDGE_CURVE('',#1329,#1330,#189,.T.);
#1663=EDGE_CURVE('',#1330,#1331,#190,.T.);
#1664=EDGE_CURVE('',#1331,#1332,#191,.T.);
#1665=EDGE_CURVE('',#1332,#1333,#192,.T.);
#1666=EDGE_CURVE('',#1333,#1334,#193,.T.);
#1667=EDGE_CURVE('',#1334,#1335,#194,.T.);
#1668=EDGE_CURVE('',#1335,#1336,#195,.T.);
#1669=EDGE_CURVE('',#1336,#1337,#196,.T.);
#1670=EDGE_CURVE('',#1337,#1338,#1176,.T.);
#1671=EDGE_CURVE('',#1338,#1339,#46,.T.);
#1672=EDGE_CURVE('',#1339,#1340,#197,.T.);
#1673=EDGE_CURVE('',#1340,#1341,#1177,.T.);
#1674=EDGE_CURVE('',#1341,#1342,#198,.T.);
#1675=EDGE_CURVE('',#1342,#1343,#1178,.T.);
#1676=EDGE_CURVE('',#1343,#1344,#199,.T.);
#1677=EDGE_CURVE('',#1344,#1286,#1179,.T.);
#1678=EDGE_CURVE('',#1345,#1346,#47,.T.);
#1679=EDGE_CURVE('',#1346,#1315,#200,.T.);
#1680=EDGE_CURVE('',#1314,#1345,#201,.T.);
#1681=EDGE_CURVE('',#1346,#1347,#48,.T.);
#1682=EDGE_CURVE('',#1347,#1348,#202,.T.);
#1683=EDGE_CURVE('',#1348,#1349,#49,.T.);
#1684=EDGE_CURVE('',#1349,#1346,#203,.T.);
#1685=EDGE_CURVE('',#1345,#1347,#50,.T.);
#1686=EDGE_CURVE('',#1349,#1350,#51,.T.);
#1687=EDGE_CURVE('',#1350,#1317,#204,.T.);
#1688=EDGE_CURVE('',#1316,#1349,#205,.T.);
#1689=EDGE_CURVE('',#1348,#1350,#52,.T.);
#1690=EDGE_CURVE('',#1313,#1351,#206,.T.);
#1691=EDGE_CURVE('',#1345,#1351,#207,.T.);
#1692=EDGE_CURVE('',#1352,#1283,#208,.T.);
#1693=EDGE_CURVE('',#1352,#1288,#209,.T.);
#1694=EDGE_CURVE('',#1351,#1353,#1180,.T.);
#1695=EDGE_CURVE('',#1353,#1347,#210,.T.);
#1696=EDGE_CURVE('',#1348,#1354,#211,.T.);
#1697=EDGE_CURVE('',#1355,#1354,#14,.T.);
#1698=EDGE_CURVE('',#1355,#1350,#212,.T.);
#1699=EDGE_CURVE('',#1356,#1353,#213,.T.);
#1700=EDGE_CURVE('',#1357,#1356,#1181,.T.);
#1701=EDGE_CURVE('',#1358,#1357,#214,.T.);
#1702=EDGE_CURVE('',#1359,#1358,#215,.T.);
#1703=EDGE_CURVE('',#1359,#1360,#1182,.T.);
#1704=EDGE_CURVE('',#1360,#1361,#216,.T.);
#1705=EDGE_CURVE('',#1361,#1362,#1183,.T.);
#1706=EDGE_CURVE('',#1362,#1363,#217,.T.);
#1707=EDGE_CURVE('',#1363,#1364,#1184,.T.);
#1708=EDGE_CURVE('',#1364,#1365,#218,.T.);
#1709=EDGE_CURVE('',#1365,#1366,#1185,.T.);
#1710=EDGE_CURVE('',#1367,#1366,#219,.T.);
#1711=EDGE_CURVE('',#1368,#1367,#220,.T.);
#1712=EDGE_CURVE('',#1369,#1368,#53,.T.);
#1713=EDGE_CURVE('',#1354,#1369,#221,.T.);
#1714=EDGE_CURVE('',#1370,#1371,#1186,.T.);
#1715=EDGE_CURVE('',#1371,#1372,#222,.T.);
#1716=EDGE_CURVE('',#1372,#1373,#1187,.T.);
#1717=EDGE_CURVE('',#1373,#1374,#223,.T.);
#1718=EDGE_CURVE('',#1374,#1375,#1188,.T.);
#1719=EDGE_CURVE('',#1375,#1376,#224,.T.);
#1720=EDGE_CURVE('',#1376,#1377,#1189,.T.);
#1721=EDGE_CURVE('',#1377,#1370,#225,.T.);
#1722=EDGE_CURVE('',#1378,#1379,#1190,.T.);
#1723=EDGE_CURVE('',#1379,#1380,#226,.T.);
#1724=EDGE_CURVE('',#1380,#1381,#1191,.T.);
#1725=EDGE_CURVE('',#1381,#1382,#227,.T.);
#1726=EDGE_CURVE('',#1382,#1383,#1192,.T.);
#1727=EDGE_CURVE('',#1383,#1384,#228,.T.);
#1728=EDGE_CURVE('',#1384,#1385,#1193,.T.);
#1729=EDGE_CURVE('',#1385,#1378,#229,.T.);
#1730=EDGE_CURVE('',#1386,#1387,#1194,.T.);
#1731=EDGE_CURVE('',#1387,#1388,#230,.T.);
#1732=EDGE_CURVE('',#1388,#1389,#1195,.T.);
#1733=EDGE_CURVE('',#1389,#1390,#231,.T.);
#1734=EDGE_CURVE('',#1390,#1391,#1196,.T.);
#1735=EDGE_CURVE('',#1391,#1392,#232,.T.);
#1736=EDGE_CURVE('',#1392,#1393,#1197,.T.);
#1737=EDGE_CURVE('',#1393,#1386,#233,.T.);
#1738=EDGE_CURVE('',#1394,#1395,#54,.T.);
#1739=EDGE_CURVE('',#1394,#1396,#234,.T.);
#1740=EDGE_CURVE('',#1396,#1397,#55,.T.);
#1741=EDGE_CURVE('',#1397,#1395,#235,.T.);
#1742=EDGE_CURVE('',#1398,#1395,#236,.F.);
#1743=EDGE_CURVE('',#1398,#1399,#56,.T.);
#1744=EDGE_CURVE('',#1400,#1399,#237,.T.);
#1745=EDGE_CURVE('',#1401,#1400,#57,.T.);
#1746=EDGE_CURVE('',#1402,#1401,#238,.T.);
#1747=EDGE_CURVE('',#1403,#1402,#58,.T.);
#1748=EDGE_CURVE('',#1404,#1403,#239,.T.);
#1749=EDGE_CURVE('',#1405,#1404,#1198,.T.);
#1750=EDGE_CURVE('',#1406,#1405,#240,.T.);
#1751=EDGE_CURVE('',#1407,#1406,#1199,.T.);
#1752=EDGE_CURVE('',#1408,#1407,#241,.T.);
#1753=EDGE_CURVE('',#1409,#1408,#1200,.T.);
#1754=EDGE_CURVE('',#1410,#1409,#242,.T.);
#1755=EDGE_CURVE('',#1411,#1410,#1201,.T.);
#1756=EDGE_CURVE('',#1394,#1411,#243,.T.);
#1757=EDGE_CURVE('',#1412,#1413,#1202,.T.);
#1758=EDGE_CURVE('',#1414,#1412,#244,.T.);
#1759=EDGE_CURVE('',#1415,#1414,#1203,.T.);
#1760=EDGE_CURVE('',#1416,#1415,#245,.T.);
#1761=EDGE_CURVE('',#1417,#1416,#1204,.T.);
#1762=EDGE_CURVE('',#1418,#1417,#246,.T.);
#1763=EDGE_CURVE('',#1419,#1418,#1205,.T.);
#1764=EDGE_CURVE('',#1413,#1419,#247,.T.);
#1765=EDGE_CURVE('',#1420,#1421,#1206,.T.);
#1766=EDGE_CURVE('',#1422,#1420,#248,.T.);
#1767=EDGE_CURVE('',#1423,#1422,#1207,.T.);
#1768=EDGE_CURVE('',#1424,#1423,#249,.T.);
#1769=EDGE_CURVE('',#1425,#1424,#1208,.T.);
#1770=EDGE_CURVE('',#1426,#1425,#250,.T.);
#1771=EDGE_CURVE('',#1427,#1426,#1209,.T.);
#1772=EDGE_CURVE('',#1421,#1427,#251,.T.);
#1773=EDGE_CURVE('',#1428,#1429,#1210,.T.);
#1774=EDGE_CURVE('',#1430,#1428,#252,.T.);
#1775=EDGE_CURVE('',#1431,#1430,#1211,.T.);
#1776=EDGE_CURVE('',#1432,#1431,#253,.T.);
#1777=EDGE_CURVE('',#1433,#1432,#1212,.T.);
#1778=EDGE_CURVE('',#1434,#1433,#254,.T.);
#1779=EDGE_CURVE('',#1435,#1434,#1213,.T.);
#1780=EDGE_CURVE('',#1429,#1435,#255,.T.);
#1781=EDGE_CURVE('',#1436,#1437,#1214,.T.);
#1782=EDGE_CURVE('',#1438,#1436,#256,.T.);
#1783=EDGE_CURVE('',#1439,#1438,#1215,.T.);
#1784=EDGE_CURVE('',#1440,#1439,#257,.T.);
#1785=EDGE_CURVE('',#1441,#1440,#1216,.T.);
#1786=EDGE_CURVE('',#1442,#1441,#258,.T.);
#1787=EDGE_CURVE('',#1443,#1442,#1217,.T.);
#1788=EDGE_CURVE('',#1437,#1443,#259,.T.);
#1789=EDGE_CURVE('',#1444,#1397,#260,.F.);
#1790=EDGE_CURVE('',#1398,#1444,#261,.T.);
#1791=EDGE_CURVE('',#1444,#1445,#59,.T.);
#1792=EDGE_CURVE('',#1445,#1399,#262,.T.);
#1793=EDGE_CURVE('',#1446,#1445,#263,.T.);
#1794=EDGE_CURVE('',#1446,#1400,#264,.T.);
#1795=EDGE_CURVE('',#1447,#1411,#265,.T.);
#1796=EDGE_CURVE('',#1396,#1447,#266,.T.);
#1797=EDGE_CURVE('',#1354,#1448,#15,.T.);
#1798=EDGE_CURVE('',#1448,#1355,#60,.T.);
#1799=EDGE_CURVE('',#1367,#1449,#1218,.T.);
#1800=EDGE_CURVE('',#1449,#1450,#267,.T.);
#1801=EDGE_CURVE('',#1450,#1368,#61,.T.);
#1802=EDGE_CURVE('',#1451,#1369,#62,.T.);
#1803=EDGE_CURVE('',#1450,#1451,#63,.T.);
#1804=EDGE_CURVE('',#1451,#1448,#268,.T.);
#1805=EDGE_CURVE('',#1452,#1359,#1219,.T.);
#1806=EDGE_CURVE('',#1358,#1453,#1220,.T.);
#1807=EDGE_CURVE('',#1453,#1454,#269,.T.);
#1808=EDGE_CURVE('',#1454,#1367,#1221,.T.);
#1809=EDGE_CURVE('',#1366,#1455,#1222,.T.);
#1810=EDGE_CURVE('',#1455,#1452,#270,.T.);
#1811=EDGE_CURVE('',#1353,#1456,#1223,.T.);
#1812=EDGE_CURVE('',#1456,#1457,#271,.T.);
#1813=EDGE_CURVE('',#1457,#1356,#64,.T.);
#1814=EDGE_CURVE('',#1458,#1357,#65,.T.);
#1815=EDGE_CURVE('',#1457,#1458,#1224,.T.);
#1816=EDGE_CURVE('',#1459,#1358,#1225,.T.);
#1817=EDGE_CURVE('',#1458,#1459,#272,.T.);
#1818=EDGE_CURVE('',#1351,#1456,#1226,.T.);
#1819=EDGE_CURVE('',#1459,#1453,#1227,.T.);
#1820=EDGE_CURVE('',#1454,#1449,#1228,.T.);
#1821=EDGE_CURVE('',#1294,#1459,#273,.T.);
#1822=EDGE_CURVE('',#1460,#1293,#274,.T.);
#1823=EDGE_CURVE('',#1461,#1460,#1229,.T.);
#1824=EDGE_CURVE('',#1461,#1453,#275,.T.);
#1825=EDGE_CURVE('',#1462,#1458,#276,.T.);
#1826=EDGE_CURVE('',#1462,#1463,#277,.T.);
#1827=EDGE_CURVE('',#1463,#1299,#278,.T.);
#1828=EDGE_CURVE('',#1298,#1464,#279,.T.);
#1829=EDGE_CURVE('',#1464,#1465,#280,.T.);
#1830=EDGE_CURVE('',#1465,#1295,#281,.T.);
#1831=EDGE_CURVE('',#1303,#1457,#282,.T.);
#1832=EDGE_CURVE('',#1302,#1466,#1230,.T.);
#1833=EDGE_CURVE('',#1466,#1462,#1231,.T.);
#1834=EDGE_CURVE('',#1312,#1456,#283,.T.);
#1835=EDGE_CURVE('',#1311,#1467,#284,.T.);
#1836=EDGE_CURVE('',#1467,#1468,#285,.T.);
#1837=EDGE_CURVE('',#1468,#1308,#286,.T.);
#1838=EDGE_CURVE('',#1307,#1469,#287,.T.);
#1839=EDGE_CURVE('',#1469,#1470,#288,.T.);
#1840=EDGE_CURVE('',#1470,#1304,#289,.T.);
#1841=EDGE_CURVE('',#1471,#1325,#290,.T.);
#1842=EDGE_CURVE('',#1472,#1471,#291,.T.);
#1843=EDGE_CURVE('',#1326,#1472,#292,.T.);
#1844=EDGE_CURVE('',#1473,#1309,#293,.T.);
#1845=EDGE_CURVE('',#1474,#1473,#294,.T.);
#1846=EDGE_CURVE('',#1310,#1474,#295,.T.);
#1847=EDGE_CURVE('',#1475,#1305,#296,.T.);
#1848=EDGE_CURVE('',#1476,#1475,#297,.T.);
#1849=EDGE_CURVE('',#1306,#1476,#298,.T.);
#1850=EDGE_CURVE('',#1477,#1321,#299,.T.);
#1851=EDGE_CURVE('',#1478,#1477,#300,.T.);
#1852=EDGE_CURVE('',#1322,#1478,#301,.T.);
#1853=EDGE_CURVE('',#1479,#1334,#302,.T.);
#1854=EDGE_CURVE('',#1480,#1479,#303,.T.);
#1855=EDGE_CURVE('',#1335,#1480,#304,.T.);
#1856=EDGE_CURVE('',#1481,#1482,#305,.T.);
#1857=EDGE_CURVE('',#1331,#1481,#306,.T.);
#1858=EDGE_CURVE('',#1482,#1330,#307,.T.);
#1859=EDGE_CURVE('',#1483,#1329,#308,.T.);
#1860=EDGE_CURVE('',#1483,#1484,#309,.T.);
#1861=EDGE_CURVE('',#1485,#1484,#310,.T.);
#1862=EDGE_CURVE('',#1482,#1485,#311,.T.);
#1863=EDGE_CURVE('',#1301,#1486,#312,.T.);
#1864=EDGE_CURVE('',#1487,#1300,#313,.T.);
#1865=EDGE_CURVE('',#1486,#1487,#314,.T.);
#1866=EDGE_CURVE('',#1488,#1296,#315,.T.);
#1867=EDGE_CURVE('',#1489,#1488,#316,.T.);
#1868=EDGE_CURVE('',#1297,#1489,#317,.T.);
#1869=EDGE_CURVE('',#1287,#1490,#1232,.T.);
#1870=EDGE_CURVE('',#1490,#1491,#318,.T.);
#1871=EDGE_CURVE('',#1491,#1492,#1233,.T.);
#1872=EDGE_CURVE('',#1492,#1493,#319,.T.);
#1873=EDGE_CURVE('',#1493,#1494,#1234,.T.);
#1874=EDGE_CURVE('',#1494,#1495,#320,.T.);
#1875=EDGE_CURVE('',#1495,#1496,#66,.T.);
#1876=EDGE_CURVE('',#1496,#1497,#1235,.T.);
#1877=EDGE_CURVE('',#1497,#1461,#321,.T.);
#1878=EDGE_CURVE('',#1460,#1498,#67,.T.);
#1879=EDGE_CURVE('',#1498,#1499,#322,.T.);
#1880=EDGE_CURVE('',#1499,#1500,#1236,.T.);
#1881=EDGE_CURVE('',#1500,#1501,#323,.T.);
#1882=EDGE_CURVE('',#1501,#1352,#1237,.T.);
#1883=EDGE_CURVE('',#1447,#1502,#1238,.T.);
#1884=EDGE_CURVE('',#1502,#1503,#324,.T.);
#1885=EDGE_CURVE('',#1503,#1474,#325,.T.);
#1886=EDGE_CURVE('',#1473,#1504,#326,.T.);
#1887=EDGE_CURVE('',#1504,#1505,#327,.T.);
#1888=EDGE_CURVE('',#1505,#1476,#328,.T.);
#1889=EDGE_CURVE('',#1475,#1506,#329,.T.);
#1890=EDGE_CURVE('',#1506,#1507,#330,.T.);
#1891=EDGE_CURVE('',#1507,#1508,#1239,.T.);
#1892=EDGE_CURVE('',#1508,#1486,#331,.T.);
#1893=EDGE_CURVE('',#1487,#1509,#332,.T.);
#1894=EDGE_CURVE('',#1509,#1510,#333,.T.);
#1895=EDGE_CURVE('',#1510,#1489,#334,.T.);
#1896=EDGE_CURVE('',#1488,#1511,#335,.T.);
#1897=EDGE_CURVE('',#1511,#1512,#336,.T.);
#1898=EDGE_CURVE('',#1512,#1513,#1240,.T.);
#1899=EDGE_CURVE('',#1513,#1514,#337,.T.);
#1900=EDGE_CURVE('',#1514,#1515,#1241,.T.);
#1901=EDGE_CURVE('',#1515,#1516,#338,.T.);
#1902=EDGE_CURVE('',#1516,#1480,#339,.T.);
#1903=EDGE_CURVE('',#1479,#1517,#340,.T.);
#1904=EDGE_CURVE('',#1517,#1518,#341,.T.);
#1905=EDGE_CURVE('',#1518,#1481,#342,.T.);
#1906=EDGE_CURVE('',#1485,#1519,#68,.T.);
#1907=EDGE_CURVE('',#1519,#1520,#343,.T.);
#1908=EDGE_CURVE('',#1520,#1472,#344,.T.);
#1909=EDGE_CURVE('',#1471,#1521,#345,.T.);
#1910=EDGE_CURVE('',#1521,#1522,#346,.T.);
#1911=EDGE_CURVE('',#1522,#1478,#347,.T.);
#1912=EDGE_CURVE('',#1477,#1523,#348,.T.);
#1913=EDGE_CURVE('',#1523,#1524,#349,.T.);
#1914=EDGE_CURVE('',#1524,#1446,#69,.T.);
#1915=EDGE_CURVE('',#1525,#1518,#350,.T.);
#1916=EDGE_CURVE('',#1525,#1526,#351,.T.);
#1917=EDGE_CURVE('',#1332,#1526,#352,.T.);
#1918=EDGE_CURVE('',#1527,#1483,#70,.T.);
#1919=EDGE_CURVE('',#1526,#1527,#353,.T.);
#1920=EDGE_CURVE('',#1528,#1525,#354,.T.);
#1921=EDGE_CURVE('',#1484,#1528,#71,.T.);
#1922=EDGE_CURVE('',#1529,#1505,#355,.T.);
#1923=EDGE_CURVE('',#1529,#1469,#356,.T.);
#1924=EDGE_CURVE('',#1470,#1530,#357,.T.);
#1925=EDGE_CURVE('',#1506,#1530,#358,.T.);
#1926=EDGE_CURVE('',#1530,#1529,#359,.T.);
#1927=EDGE_CURVE('',#1463,#1531,#360,.T.);
#1928=EDGE_CURVE('',#1509,#1531,#361,.T.);
#1929=EDGE_CURVE('',#1532,#1508,#1242,.T.);
#1930=EDGE_CURVE('',#1532,#1466,#362,.T.);
#1931=EDGE_CURVE('',#1531,#1533,#363,.T.);
#1932=EDGE_CURVE('',#1533,#1532,#1243,.T.);
#1933=EDGE_CURVE('',#1534,#1520,#364,.T.);
#1934=EDGE_CURVE('',#1534,#1535,#365,.T.);
#1935=EDGE_CURVE('',#1327,#1535,#366,.T.);
#1936=EDGE_CURVE('',#1536,#1324,#367,.T.);
#1937=EDGE_CURVE('',#1536,#1537,#368,.T.);
#1938=EDGE_CURVE('',#1521,#1537,#369,.T.);
#1939=EDGE_CURVE('',#1535,#1536,#370,.T.);
#1940=EDGE_CURVE('',#1537,#1534,#371,.T.);
#1941=EDGE_CURVE('',#1538,#1516,#372,.T.);
#1942=EDGE_CURVE('',#1538,#1539,#373,.T.);
#1943=EDGE_CURVE('',#1336,#1539,#374,.T.);
#1944=EDGE_CURVE('',#1540,#1333,#375,.T.);
#1945=EDGE_CURVE('',#1540,#1541,#376,.T.);
#1946=EDGE_CURVE('',#1517,#1541,#377,.T.);
#1947=EDGE_CURVE('',#1539,#1540,#378,.T.);
#1948=EDGE_CURVE('',#1541,#1538,#379,.T.);
#1949=EDGE_CURVE('',#1468,#1542,#380,.T.);
#1950=EDGE_CURVE('',#1504,#1542,#381,.T.);
#1951=EDGE_CURVE('',#1543,#1503,#382,.T.);
#1952=EDGE_CURVE('',#1543,#1467,#383,.T.);
#1953=EDGE_CURVE('',#1542,#1543,#384,.T.);
#1954=EDGE_CURVE('',#1544,#1510,#385,.T.);
#1955=EDGE_CURVE('',#1544,#1464,#386,.T.);
#1956=EDGE_CURVE('',#1465,#1545,#387,.T.);
#1957=EDGE_CURVE('',#1511,#1545,#388,.T.);
#1958=EDGE_CURVE('',#1545,#1544,#389,.T.);
#1959=EDGE_CURVE('',#1546,#1522,#390,.T.);
#1960=EDGE_CURVE('',#1546,#1547,#391,.T.);
#1961=EDGE_CURVE('',#1323,#1547,#392,.T.);
#1962=EDGE_CURVE('',#1548,#1320,#393,.T.);
#1963=EDGE_CURVE('',#1548,#1549,#394,.T.);
#1964=EDGE_CURVE('',#1523,#1549,#395,.T.);
#1965=EDGE_CURVE('',#1547,#1548,#396,.T.);
#1966=EDGE_CURVE('',#1549,#1546,#397,.T.);
#1967=EDGE_CURVE('',#1528,#1403,#398,.T.);
#1968=EDGE_CURVE('',#1519,#1402,#399,.T.);
#1969=EDGE_CURVE('',#1337,#1449,#400,.T.);
#1970=EDGE_CURVE('',#1527,#1450,#401,.T.);
#1971=EDGE_CURVE('',#1502,#1410,#402,.T.);
#1972=EDGE_CURVE('',#1507,#1409,#403,.T.);
#1973=EDGE_CURVE('',#1533,#1408,#404,.T.);
#1974=EDGE_CURVE('',#1512,#1407,#405,.T.);
#1975=EDGE_CURVE('',#1328,#1451,#406,.T.);
#1976=EDGE_CURVE('',#1319,#1448,#407,.T.);
#1977=EDGE_CURVE('',#1524,#1401,#408,.T.);
#1978=EDGE_CURVE('',#1515,#1404,#409,.T.);
#1979=EDGE_CURVE('',#1514,#1405,#410,.T.);
#1980=EDGE_CURVE('',#1513,#1406,#411,.T.);
#1981=EDGE_CURVE('',#1439,#1392,#412,.T.);
#1982=EDGE_CURVE('',#1440,#1391,#413,.T.);
#1983=EDGE_CURVE('',#1438,#1393,#414,.T.);
#1984=EDGE_CURVE('',#1436,#1386,#415,.T.);
#1985=EDGE_CURVE('',#1437,#1387,#416,.T.);
#1986=EDGE_CURVE('',#1431,#1376,#417,.T.);
#1987=EDGE_CURVE('',#1432,#1375,#418,.T.);
#1988=EDGE_CURVE('',#1430,#1377,#419,.T.);
#1989=EDGE_CURVE('',#1428,#1370,#420,.T.);
#1990=EDGE_CURVE('',#1429,#1371,#421,.T.);
#1991=EDGE_CURVE('',#1423,#1365,#422,.T.);
#1992=EDGE_CURVE('',#1424,#1364,#423,.T.);
#1993=EDGE_CURVE('',#1422,#1455,#424,.T.);
#1994=EDGE_CURVE('',#1420,#1452,#425,.T.);
#1995=EDGE_CURVE('',#1421,#1360,#426,.T.);
#1996=EDGE_CURVE('',#1415,#1384,#427,.T.);
#1997=EDGE_CURVE('',#1416,#1383,#428,.T.);
#1998=EDGE_CURVE('',#1414,#1385,#429,.T.);
#1999=EDGE_CURVE('',#1412,#1378,#430,.T.);
#2000=EDGE_CURVE('',#1413,#1379,#431,.T.);
#2001=EDGE_CURVE('',#1497,#1454,#432,.T.);
#2002=EDGE_CURVE('',#1496,#1338,#433,.T.);
#2003=EDGE_CURVE('',#1318,#1355,#434,.T.);
#2004=EDGE_CURVE('',#1425,#1363,#435,.T.);
#2005=EDGE_CURVE('',#1426,#1362,#436,.T.);
#2006=EDGE_CURVE('',#1427,#1361,#437,.T.);
#2007=EDGE_CURVE('',#1441,#1390,#438,.T.);
#2008=EDGE_CURVE('',#1442,#1389,#439,.T.);
#2009=EDGE_CURVE('',#1443,#1388,#440,.T.);
#2010=EDGE_CURVE('',#1417,#1382,#441,.T.);
#2011=EDGE_CURVE('',#1418,#1381,#442,.T.);
#2012=EDGE_CURVE('',#1419,#1380,#443,.T.);
#2013=EDGE_CURVE('',#1433,#1374,#444,.T.);
#2014=EDGE_CURVE('',#1434,#1373,#445,.T.);
#2015=EDGE_CURVE('',#1435,#1372,#446,.T.);
#2016=EDGE_CURVE('',#1498,#1292,#447,.T.);
#2017=EDGE_CURVE('',#1499,#1291,#448,.T.);
#2018=EDGE_CURVE('',#1500,#1290,#449,.T.);
#2019=EDGE_CURVE('',#1501,#1289,#450,.T.);
#2020=EDGE_CURVE('',#1490,#1344,#451,.T.);
#2021=EDGE_CURVE('',#1491,#1343,#452,.T.);
#2022=EDGE_CURVE('',#1492,#1342,#453,.T.);
#2023=EDGE_CURVE('',#1493,#1341,#454,.T.);
#2024=EDGE_CURVE('',#1494,#1340,#455,.T.);
#2025=EDGE_CURVE('',#1495,#1339,#456,.T.);
#2026=ORIENTED_EDGE('',*,*,#1550,.F.);
#2027=ORIENTED_EDGE('',*,*,#1551,.T.);
#2028=ORIENTED_EDGE('',*,*,#1552,.T.);
#2029=ORIENTED_EDGE('',*,*,#1553,.T.);
#2030=ORIENTED_EDGE('',*,*,#1554,.T.);
#2031=ORIENTED_EDGE('',*,*,#1555,.T.);
#2032=ORIENTED_EDGE('',*,*,#1556,.T.);
#2033=ORIENTED_EDGE('',*,*,#1557,.T.);
#2034=ORIENTED_EDGE('',*,*,#1558,.T.);
#2035=ORIENTED_EDGE('',*,*,#1559,.T.);
#2036=ORIENTED_EDGE('',*,*,#1560,.T.);
#2037=ORIENTED_EDGE('',*,*,#1561,.T.);
#2038=ORIENTED_EDGE('',*,*,#1562,.T.);
#2039=ORIENTED_EDGE('',*,*,#1563,.T.);
#2040=ORIENTED_EDGE('',*,*,#1564,.T.);
#2041=ORIENTED_EDGE('',*,*,#1565,.T.);
#2042=ORIENTED_EDGE('',*,*,#1566,.T.);
#2043=ORIENTED_EDGE('',*,*,#1565,.F.);
#2044=ORIENTED_EDGE('',*,*,#1567,.T.);
#2045=ORIENTED_EDGE('',*,*,#1561,.F.);
#2046=ORIENTED_EDGE('',*,*,#1559,.F.);
#2047=ORIENTED_EDGE('',*,*,#1568,.T.);
#2048=ORIENTED_EDGE('',*,*,#1557,.F.);
#2049=ORIENTED_EDGE('',*,*,#1555,.F.);
#2050=ORIENTED_EDGE('',*,*,#1569,.T.);
#2051=ORIENTED_EDGE('',*,*,#1553,.F.);
#2052=ORIENTED_EDGE('',*,*,#1551,.F.);
#2053=ORIENTED_EDGE('',*,*,#1570,.T.);
#2054=ORIENTED_EDGE('',*,*,#1563,.F.);
#2055=ORIENTED_EDGE('',*,*,#1568,.F.);
#2056=ORIENTED_EDGE('',*,*,#1571,.F.);
#2057=ORIENTED_EDGE('',*,*,#1572,.F.);
#2058=ORIENTED_EDGE('',*,*,#1573,.T.);
#2059=ORIENTED_EDGE('',*,*,#1562,.F.);
#2060=ORIENTED_EDGE('',*,*,#1574,.F.);
#2061=ORIENTED_EDGE('',*,*,#1575,.F.);
#2062=ORIENTED_EDGE('',*,*,#1571,.T.);
#2063=ORIENTED_EDGE('',*,*,#1567,.F.);
#2064=ORIENTED_EDGE('',*,*,#1576,.F.);
#2065=ORIENTED_EDGE('',*,*,#1577,.F.);
#2066=ORIENTED_EDGE('',*,*,#1574,.T.);
#2067=ORIENTED_EDGE('',*,*,#1564,.F.);
#2068=ORIENTED_EDGE('',*,*,#1578,.F.);
#2069=ORIENTED_EDGE('',*,*,#1579,.F.);
#2070=ORIENTED_EDGE('',*,*,#1576,.T.);
#2071=ORIENTED_EDGE('',*,*,#1552,.F.);
#2072=ORIENTED_EDGE('',*,*,#1566,.F.);
#2073=ORIENTED_EDGE('',*,*,#1560,.F.);
#2074=ORIENTED_EDGE('',*,*,#1556,.F.);
#2075=ORIENTED_EDGE('',*,*,#1550,.T.);
#2076=ORIENTED_EDGE('',*,*,#1580,.F.);
#2077=ORIENTED_EDGE('',*,*,#1581,.F.);
#2078=ORIENTED_EDGE('',*,*,#1580,.T.);
#2079=ORIENTED_EDGE('',*,*,#1569,.F.);
#2080=ORIENTED_EDGE('',*,*,#1582,.F.);
#2081=ORIENTED_EDGE('',*,*,#1583,.F.);
#2082=ORIENTED_EDGE('',*,*,#1584,.T.);
#2083=ORIENTED_EDGE('',*,*,#1554,.F.);
#2084=ORIENTED_EDGE('',*,*,#1584,.F.);
#2085=ORIENTED_EDGE('',*,*,#1585,.F.);
#2086=ORIENTED_EDGE('',*,*,#1586,.T.);
#2087=ORIENTED_EDGE('',*,*,#1570,.F.);
#2088=ORIENTED_EDGE('',*,*,#1586,.F.);
#2089=ORIENTED_EDGE('',*,*,#1587,.F.);
#2090=ORIENTED_EDGE('',*,*,#1578,.T.);
#2091=ORIENTED_EDGE('',*,*,#1588,.F.);
#2092=ORIENTED_EDGE('',*,*,#1589,.T.);
#2093=ORIENTED_EDGE('',*,*,#1590,.F.);
#2094=ORIENTED_EDGE('',*,*,#1591,.F.);
#2095=ORIENTED_EDGE('',*,*,#1592,.F.);
#2096=ORIENTED_EDGE('',*,*,#1591,.T.);
#2097=ORIENTED_EDGE('',*,*,#1593,.F.);
#2098=ORIENTED_EDGE('',*,*,#1594,.F.);
#2099=ORIENTED_EDGE('',*,*,#1595,.F.);
#2100=ORIENTED_EDGE('',*,*,#1594,.T.);
#2101=ORIENTED_EDGE('',*,*,#1596,.F.);
#2102=ORIENTED_EDGE('',*,*,#1597,.F.);
#2103=ORIENTED_EDGE('',*,*,#1598,.F.);
#2104=ORIENTED_EDGE('',*,*,#1597,.T.);
#2105=ORIENTED_EDGE('',*,*,#1599,.F.);
#2106=ORIENTED_EDGE('',*,*,#1600,.F.);
#2107=ORIENTED_EDGE('',*,*,#1601,.F.);
#2108=ORIENTED_EDGE('',*,*,#1600,.T.);
#2109=ORIENTED_EDGE('',*,*,#1602,.F.);
#2110=ORIENTED_EDGE('',*,*,#1603,.F.);
#2111=ORIENTED_EDGE('',*,*,#1604,.F.);
#2112=ORIENTED_EDGE('',*,*,#1603,.T.);
#2113=ORIENTED_EDGE('',*,*,#1605,.F.);
#2114=ORIENTED_EDGE('',*,*,#1606,.F.);
#2115=ORIENTED_EDGE('',*,*,#1607,.F.);
#2116=ORIENTED_EDGE('',*,*,#1606,.T.);
#2117=ORIENTED_EDGE('',*,*,#1608,.F.);
#2118=ORIENTED_EDGE('',*,*,#1609,.F.);
#2119=ORIENTED_EDGE('',*,*,#1558,.F.);
#2120=ORIENTED_EDGE('',*,*,#1573,.F.);
#2121=ORIENTED_EDGE('',*,*,#1610,.F.);
#2122=ORIENTED_EDGE('',*,*,#1589,.F.);
#2123=ORIENTED_EDGE('',*,*,#1611,.F.);
#2124=ORIENTED_EDGE('',*,*,#1609,.T.);
#2125=ORIENTED_EDGE('',*,*,#1612,.F.);
#2126=ORIENTED_EDGE('',*,*,#1582,.T.);
#2127=ORIENTED_EDGE('',*,*,#1572,.T.);
#2128=ORIENTED_EDGE('',*,*,#1575,.T.);
#2129=ORIENTED_EDGE('',*,*,#1577,.T.);
#2130=ORIENTED_EDGE('',*,*,#1579,.T.);
#2131=ORIENTED_EDGE('',*,*,#1587,.T.);
#2132=ORIENTED_EDGE('',*,*,#1585,.T.);
#2133=ORIENTED_EDGE('',*,*,#1583,.T.);
#2134=ORIENTED_EDGE('',*,*,#1612,.T.);
#2135=ORIENTED_EDGE('',*,*,#1608,.T.);
#2136=ORIENTED_EDGE('',*,*,#1605,.T.);
#2137=ORIENTED_EDGE('',*,*,#1602,.T.);
#2138=ORIENTED_EDGE('',*,*,#1599,.T.);
#2139=ORIENTED_EDGE('',*,*,#1596,.T.);
#2140=ORIENTED_EDGE('',*,*,#1593,.T.);
#2141=ORIENTED_EDGE('',*,*,#1590,.T.);
#2142=ORIENTED_EDGE('',*,*,#1610,.T.);
#2143=ORIENTED_EDGE('',*,*,#1611,.T.);
#2144=ORIENTED_EDGE('',*,*,#1588,.T.);
#2145=ORIENTED_EDGE('',*,*,#1592,.T.);
#2146=ORIENTED_EDGE('',*,*,#1595,.T.);
#2147=ORIENTED_EDGE('',*,*,#1598,.T.);
#2148=ORIENTED_EDGE('',*,*,#1601,.T.);
#2149=ORIENTED_EDGE('',*,*,#1604,.T.);
#2150=ORIENTED_EDGE('',*,*,#1607,.T.);
#2151=ORIENTED_EDGE('',*,*,#1581,.T.);
#2152=ORIENTED_EDGE('',*,*,#1613,.T.);
#2153=ORIENTED_EDGE('',*,*,#1614,.T.);
#2154=ORIENTED_EDGE('',*,*,#1615,.T.);
#2155=ORIENTED_EDGE('',*,*,#1616,.T.);
#2156=ORIENTED_EDGE('',*,*,#1616,.F.);
#2157=ORIENTED_EDGE('',*,*,#1617,.F.);
#2158=ORIENTED_EDGE('',*,*,#1618,.F.);
#2159=ORIENTED_EDGE('',*,*,#1619,.F.);
#2160=ORIENTED_EDGE('',*,*,#1615,.F.);
#2161=ORIENTED_EDGE('',*,*,#1620,.T.);
#2162=ORIENTED_EDGE('',*,*,#1621,.T.);
#2163=ORIENTED_EDGE('',*,*,#1622,.T.);
#2164=ORIENTED_EDGE('',*,*,#1623,.T.);
#2165=ORIENTED_EDGE('',*,*,#1624,.T.);
#2166=ORIENTED_EDGE('',*,*,#1625,.T.);
#2167=ORIENTED_EDGE('',*,*,#1626,.T.);
#2168=ORIENTED_EDGE('',*,*,#1627,.T.);
#2169=ORIENTED_EDGE('',*,*,#1628,.T.);
#2170=ORIENTED_EDGE('',*,*,#1629,.T.);
#2171=ORIENTED_EDGE('',*,*,#1630,.T.);
#2172=ORIENTED_EDGE('',*,*,#1631,.T.);
#2173=ORIENTED_EDGE('',*,*,#1632,.T.);
#2174=ORIENTED_EDGE('',*,*,#1633,.T.);
#2175=ORIENTED_EDGE('',*,*,#1634,.T.);
#2176=ORIENTED_EDGE('',*,*,#1635,.T.);
#2177=ORIENTED_EDGE('',*,*,#1636,.T.);
#2178=ORIENTED_EDGE('',*,*,#1637,.T.);
#2179=ORIENTED_EDGE('',*,*,#1638,.T.);
#2180=ORIENTED_EDGE('',*,*,#1639,.T.);
#2181=ORIENTED_EDGE('',*,*,#1640,.T.);
#2182=ORIENTED_EDGE('',*,*,#1641,.T.);
#2183=ORIENTED_EDGE('',*,*,#1642,.T.);
#2184=ORIENTED_EDGE('',*,*,#1643,.T.);
#2185=ORIENTED_EDGE('',*,*,#1644,.T.);
#2186=ORIENTED_EDGE('',*,*,#1645,.T.);
#2187=ORIENTED_EDGE('',*,*,#1646,.T.);
#2188=ORIENTED_EDGE('',*,*,#1647,.F.);
#2189=ORIENTED_EDGE('',*,*,#1648,.T.);
#2190=ORIENTED_EDGE('',*,*,#1649,.F.);
#2191=ORIENTED_EDGE('',*,*,#1650,.T.);
#2192=ORIENTED_EDGE('',*,*,#1651,.T.);
#2193=ORIENTED_EDGE('',*,*,#1652,.T.);
#2194=ORIENTED_EDGE('',*,*,#1653,.T.);
#2195=ORIENTED_EDGE('',*,*,#1654,.T.);
#2196=ORIENTED_EDGE('',*,*,#1655,.T.);
#2197=ORIENTED_EDGE('',*,*,#1656,.T.);
#2198=ORIENTED_EDGE('',*,*,#1657,.T.);
#2199=ORIENTED_EDGE('',*,*,#1658,.T.);
#2200=ORIENTED_EDGE('',*,*,#1659,.T.);
#2201=ORIENTED_EDGE('',*,*,#1660,.T.);
#2202=ORIENTED_EDGE('',*,*,#1661,.T.);
#2203=ORIENTED_EDGE('',*,*,#1662,.T.);
#2204=ORIENTED_EDGE('',*,*,#1663,.T.);
#2205=ORIENTED_EDGE('',*,*,#1664,.T.);
#2206=ORIENTED_EDGE('',*,*,#1665,.T.);
#2207=ORIENTED_EDGE('',*,*,#1666,.T.);
#2208=ORIENTED_EDGE('',*,*,#1667,.T.);
#2209=ORIENTED_EDGE('',*,*,#1668,.T.);
#2210=ORIENTED_EDGE('',*,*,#1669,.T.);
#2211=ORIENTED_EDGE('',*,*,#1670,.T.);
#2212=ORIENTED_EDGE('',*,*,#1671,.T.);
#2213=ORIENTED_EDGE('',*,*,#1672,.T.);
#2214=ORIENTED_EDGE('',*,*,#1673,.T.);
#2215=ORIENTED_EDGE('',*,*,#1674,.T.);
#2216=ORIENTED_EDGE('',*,*,#1675,.T.);
#2217=ORIENTED_EDGE('',*,*,#1676,.T.);
#2218=ORIENTED_EDGE('',*,*,#1677,.T.);
#2219=ORIENTED_EDGE('',*,*,#1617,.T.);
#2220=ORIENTED_EDGE('',*,*,#1678,.T.);
#2221=ORIENTED_EDGE('',*,*,#1679,.T.);
#2222=ORIENTED_EDGE('',*,*,#1647,.T.);
#2223=ORIENTED_EDGE('',*,*,#1680,.T.);
#2224=ORIENTED_EDGE('',*,*,#1681,.T.);
#2225=ORIENTED_EDGE('',*,*,#1682,.T.);
#2226=ORIENTED_EDGE('',*,*,#1683,.T.);
#2227=ORIENTED_EDGE('',*,*,#1684,.T.);
#2228=ORIENTED_EDGE('',*,*,#1681,.F.);
#2229=ORIENTED_EDGE('',*,*,#1678,.F.);
#2230=ORIENTED_EDGE('',*,*,#1685,.T.);
#2231=ORIENTED_EDGE('',*,*,#1686,.T.);
#2232=ORIENTED_EDGE('',*,*,#1687,.T.);
#2233=ORIENTED_EDGE('',*,*,#1649,.T.);
#2234=ORIENTED_EDGE('',*,*,#1688,.T.);
#2235=ORIENTED_EDGE('',*,*,#1686,.F.);
#2236=ORIENTED_EDGE('',*,*,#1683,.F.);
#2237=ORIENTED_EDGE('',*,*,#1689,.T.);
#2238=ORIENTED_EDGE('',*,*,#1680,.F.);
#2239=ORIENTED_EDGE('',*,*,#1646,.F.);
#2240=ORIENTED_EDGE('',*,*,#1690,.T.);
#2241=ORIENTED_EDGE('',*,*,#1691,.F.);
#2242=ORIENTED_EDGE('',*,*,#1679,.F.);
#2243=ORIENTED_EDGE('',*,*,#1684,.F.);
#2244=ORIENTED_EDGE('',*,*,#1688,.F.);
#2245=ORIENTED_EDGE('',*,*,#1648,.F.);
#2246=ORIENTED_EDGE('',*,*,#1614,.F.);
#2247=ORIENTED_EDGE('',*,*,#1692,.F.);
#2248=ORIENTED_EDGE('',*,*,#1693,.T.);
#2249=ORIENTED_EDGE('',*,*,#1620,.F.);
#2250=ORIENTED_EDGE('',*,*,#1685,.F.);
#2251=ORIENTED_EDGE('',*,*,#1691,.T.);
#2252=ORIENTED_EDGE('',*,*,#1694,.T.);
#2253=ORIENTED_EDGE('',*,*,#1695,.T.);
#2254=ORIENTED_EDGE('',*,*,#1689,.F.);
#2255=ORIENTED_EDGE('',*,*,#1696,.T.);
#2256=ORIENTED_EDGE('',*,*,#1697,.F.);
#2257=ORIENTED_EDGE('',*,*,#1698,.T.);
#2258=ORIENTED_EDGE('',*,*,#1682,.F.);
#2259=ORIENTED_EDGE('',*,*,#1695,.F.);
#2260=ORIENTED_EDGE('',*,*,#1699,.F.);
#2261=ORIENTED_EDGE('',*,*,#1700,.F.);
#2262=ORIENTED_EDGE('',*,*,#1701,.F.);
#2263=ORIENTED_EDGE('',*,*,#1702,.F.);
#2264=ORIENTED_EDGE('',*,*,#1703,.T.);
#2265=ORIENTED_EDGE('',*,*,#1704,.T.);
#2266=ORIENTED_EDGE('',*,*,#1705,.T.);
#2267=ORIENTED_EDGE('',*,*,#1706,.T.);
#2268=ORIENTED_EDGE('',*,*,#1707,.T.);
#2269=ORIENTED_EDGE('',*,*,#1708,.T.);
#2270=ORIENTED_EDGE('',*,*,#1709,.T.);
#2271=ORIENTED_EDGE('',*,*,#1710,.F.);
#2272=ORIENTED_EDGE('',*,*,#1711,.F.);
#2273=ORIENTED_EDGE('',*,*,#1712,.F.);
#2274=ORIENTED_EDGE('',*,*,#1713,.F.);
#2275=ORIENTED_EDGE('',*,*,#1696,.F.);
#2276=ORIENTED_EDGE('',*,*,#1714,.T.);
#2277=ORIENTED_EDGE('',*,*,#1715,.T.);
#2278=ORIENTED_EDGE('',*,*,#1716,.T.);
#2279=ORIENTED_EDGE('',*,*,#1717,.T.);
#2280=ORIENTED_EDGE('',*,*,#1718,.T.);
#2281=ORIENTED_EDGE('',*,*,#1719,.T.);
#2282=ORIENTED_EDGE('',*,*,#1720,.T.);
#2283=ORIENTED_EDGE('',*,*,#1721,.T.);
#2284=ORIENTED_EDGE('',*,*,#1722,.T.);
#2285=ORIENTED_EDGE('',*,*,#1723,.T.);
#2286=ORIENTED_EDGE('',*,*,#1724,.T.);
#2287=ORIENTED_EDGE('',*,*,#1725,.T.);
#2288=ORIENTED_EDGE('',*,*,#1726,.T.);
#2289=ORIENTED_EDGE('',*,*,#1727,.T.);
#2290=ORIENTED_EDGE('',*,*,#1728,.T.);
#2291=ORIENTED_EDGE('',*,*,#1729,.T.);
#2292=ORIENTED_EDGE('',*,*,#1730,.T.);
#2293=ORIENTED_EDGE('',*,*,#1731,.T.);
#2294=ORIENTED_EDGE('',*,*,#1732,.T.);
#2295=ORIENTED_EDGE('',*,*,#1733,.T.);
#2296=ORIENTED_EDGE('',*,*,#1734,.T.);
#2297=ORIENTED_EDGE('',*,*,#1735,.T.);
#2298=ORIENTED_EDGE('',*,*,#1736,.T.);
#2299=ORIENTED_EDGE('',*,*,#1737,.T.);
#2300=ORIENTED_EDGE('',*,*,#1738,.F.);
#2301=ORIENTED_EDGE('',*,*,#1739,.T.);
#2302=ORIENTED_EDGE('',*,*,#1740,.T.);
#2303=ORIENTED_EDGE('',*,*,#1741,.T.);
#2304=ORIENTED_EDGE('',*,*,#1738,.T.);
#2305=ORIENTED_EDGE('',*,*,#1742,.F.);
#2306=ORIENTED_EDGE('',*,*,#1743,.T.);
#2307=ORIENTED_EDGE('',*,*,#1744,.F.);
#2308=ORIENTED_EDGE('',*,*,#1745,.F.);
#2309=ORIENTED_EDGE('',*,*,#1746,.F.);
#2310=ORIENTED_EDGE('',*,*,#1747,.F.);
#2311=ORIENTED_EDGE('',*,*,#1748,.F.);
#2312=ORIENTED_EDGE('',*,*,#1749,.F.);
#2313=ORIENTED_EDGE('',*,*,#1750,.F.);
#2314=ORIENTED_EDGE('',*,*,#1751,.F.);
#2315=ORIENTED_EDGE('',*,*,#1752,.F.);
#2316=ORIENTED_EDGE('',*,*,#1753,.F.);
#2317=ORIENTED_EDGE('',*,*,#1754,.F.);
#2318=ORIENTED_EDGE('',*,*,#1755,.F.);
#2319=ORIENTED_EDGE('',*,*,#1756,.F.);
#2320=ORIENTED_EDGE('',*,*,#1757,.F.);
#2321=ORIENTED_EDGE('',*,*,#1758,.F.);
#2322=ORIENTED_EDGE('',*,*,#1759,.F.);
#2323=ORIENTED_EDGE('',*,*,#1760,.F.);
#2324=ORIENTED_EDGE('',*,*,#1761,.F.);
#2325=ORIENTED_EDGE('',*,*,#1762,.F.);
#2326=ORIENTED_EDGE('',*,*,#1763,.F.);
#2327=ORIENTED_EDGE('',*,*,#1764,.F.);
#2328=ORIENTED_EDGE('',*,*,#1765,.F.);
#2329=ORIENTED_EDGE('',*,*,#1766,.F.);
#2330=ORIENTED_EDGE('',*,*,#1767,.F.);
#2331=ORIENTED_EDGE('',*,*,#1768,.F.);
#2332=ORIENTED_EDGE('',*,*,#1769,.F.);
#2333=ORIENTED_EDGE('',*,*,#1770,.F.);
#2334=ORIENTED_EDGE('',*,*,#1771,.F.);
#2335=ORIENTED_EDGE('',*,*,#1772,.F.);
#2336=ORIENTED_EDGE('',*,*,#1773,.F.);
#2337=ORIENTED_EDGE('',*,*,#1774,.F.);
#2338=ORIENTED_EDGE('',*,*,#1775,.F.);
#2339=ORIENTED_EDGE('',*,*,#1776,.F.);
#2340=ORIENTED_EDGE('',*,*,#1777,.F.);
#2341=ORIENTED_EDGE('',*,*,#1778,.F.);
#2342=ORIENTED_EDGE('',*,*,#1779,.F.);
#2343=ORIENTED_EDGE('',*,*,#1780,.F.);
#2344=ORIENTED_EDGE('',*,*,#1781,.F.);
#2345=ORIENTED_EDGE('',*,*,#1782,.F.);
#2346=ORIENTED_EDGE('',*,*,#1783,.F.);
#2347=ORIENTED_EDGE('',*,*,#1784,.F.);
#2348=ORIENTED_EDGE('',*,*,#1785,.F.);
#2349=ORIENTED_EDGE('',*,*,#1786,.F.);
#2350=ORIENTED_EDGE('',*,*,#1787,.F.);
#2351=ORIENTED_EDGE('',*,*,#1788,.F.);
#2352=ORIENTED_EDGE('',*,*,#1741,.F.);
#2353=ORIENTED_EDGE('',*,*,#1789,.F.);
#2354=ORIENTED_EDGE('',*,*,#1790,.F.);
#2355=ORIENTED_EDGE('',*,*,#1742,.T.);
#2356=ORIENTED_EDGE('',*,*,#1743,.F.);
#2357=ORIENTED_EDGE('',*,*,#1790,.T.);
#2358=ORIENTED_EDGE('',*,*,#1791,.T.);
#2359=ORIENTED_EDGE('',*,*,#1792,.T.);
#2360=ORIENTED_EDGE('',*,*,#1792,.F.);
#2361=ORIENTED_EDGE('',*,*,#1793,.F.);
#2362=ORIENTED_EDGE('',*,*,#1794,.T.);
#2363=ORIENTED_EDGE('',*,*,#1744,.T.);
#2364=ORIENTED_EDGE('',*,*,#1739,.F.);
#2365=ORIENTED_EDGE('',*,*,#1756,.T.);
#2366=ORIENTED_EDGE('',*,*,#1795,.F.);
#2367=ORIENTED_EDGE('',*,*,#1796,.F.);
#2368=ORIENTED_EDGE('',*,*,#1697,.T.);
#2369=ORIENTED_EDGE('',*,*,#1797,.T.);
#2370=ORIENTED_EDGE('',*,*,#1798,.T.);
#2371=ORIENTED_EDGE('',*,*,#1799,.T.);
#2372=ORIENTED_EDGE('',*,*,#1800,.T.);
#2373=ORIENTED_EDGE('',*,*,#1801,.T.);
#2374=ORIENTED_EDGE('',*,*,#1711,.T.);
#2375=ORIENTED_EDGE('',*,*,#1802,.T.);
#2376=ORIENTED_EDGE('',*,*,#1712,.T.);
#2377=ORIENTED_EDGE('',*,*,#1801,.F.);
#2378=ORIENTED_EDGE('',*,*,#1803,.T.);
#2379=ORIENTED_EDGE('',*,*,#1797,.F.);
#2380=ORIENTED_EDGE('',*,*,#1713,.T.);
#2381=ORIENTED_EDGE('',*,*,#1802,.F.);
#2382=ORIENTED_EDGE('',*,*,#1804,.T.);
#2383=ORIENTED_EDGE('',*,*,#1805,.T.);
#2384=ORIENTED_EDGE('',*,*,#1702,.T.);
#2385=ORIENTED_EDGE('',*,*,#1806,.T.);
#2386=ORIENTED_EDGE('',*,*,#1807,.T.);
#2387=ORIENTED_EDGE('',*,*,#1808,.T.);
#2388=ORIENTED_EDGE('',*,*,#1710,.T.);
#2389=ORIENTED_EDGE('',*,*,#1809,.T.);
#2390=ORIENTED_EDGE('',*,*,#1810,.T.);
#2391=ORIENTED_EDGE('',*,*,#1811,.T.);
#2392=ORIENTED_EDGE('',*,*,#1812,.T.);
#2393=ORIENTED_EDGE('',*,*,#1813,.T.);
#2394=ORIENTED_EDGE('',*,*,#1699,.T.);
#2395=ORIENTED_EDGE('',*,*,#1814,.T.);
#2396=ORIENTED_EDGE('',*,*,#1700,.T.);
#2397=ORIENTED_EDGE('',*,*,#1813,.F.);
#2398=ORIENTED_EDGE('',*,*,#1815,.T.);
#2399=ORIENTED_EDGE('',*,*,#1816,.T.);
#2400=ORIENTED_EDGE('',*,*,#1701,.T.);
#2401=ORIENTED_EDGE('',*,*,#1814,.F.);
#2402=ORIENTED_EDGE('',*,*,#1817,.T.);
#2403=ORIENTED_EDGE('',*,*,#1694,.F.);
#2404=ORIENTED_EDGE('',*,*,#1818,.T.);
#2405=ORIENTED_EDGE('',*,*,#1811,.F.);
#2406=ORIENTED_EDGE('',*,*,#1816,.F.);
#2407=ORIENTED_EDGE('',*,*,#1819,.T.);
#2408=ORIENTED_EDGE('',*,*,#1806,.F.);
#2409=ORIENTED_EDGE('',*,*,#1808,.F.);
#2410=ORIENTED_EDGE('',*,*,#1820,.T.);
#2411=ORIENTED_EDGE('',*,*,#1799,.F.);
#2412=ORIENTED_EDGE('',*,*,#1819,.F.);
#2413=ORIENTED_EDGE('',*,*,#1821,.F.);
#2414=ORIENTED_EDGE('',*,*,#1626,.F.);
#2415=ORIENTED_EDGE('',*,*,#1822,.F.);
#2416=ORIENTED_EDGE('',*,*,#1823,.F.);
#2417=ORIENTED_EDGE('',*,*,#1824,.T.);
#2418=ORIENTED_EDGE('',*,*,#1817,.F.);
#2419=ORIENTED_EDGE('',*,*,#1825,.F.);
#2420=ORIENTED_EDGE('',*,*,#1826,.T.);
#2421=ORIENTED_EDGE('',*,*,#1827,.T.);
#2422=ORIENTED_EDGE('',*,*,#1631,.F.);
#2423=ORIENTED_EDGE('',*,*,#1828,.T.);
#2424=ORIENTED_EDGE('',*,*,#1829,.T.);
#2425=ORIENTED_EDGE('',*,*,#1830,.T.);
#2426=ORIENTED_EDGE('',*,*,#1627,.F.);
#2427=ORIENTED_EDGE('',*,*,#1821,.T.);
#2428=ORIENTED_EDGE('',*,*,#1815,.F.);
#2429=ORIENTED_EDGE('',*,*,#1831,.F.);
#2430=ORIENTED_EDGE('',*,*,#1635,.F.);
#2431=ORIENTED_EDGE('',*,*,#1832,.T.);
#2432=ORIENTED_EDGE('',*,*,#1833,.T.);
#2433=ORIENTED_EDGE('',*,*,#1825,.T.);
#2434=ORIENTED_EDGE('',*,*,#1812,.F.);
#2435=ORIENTED_EDGE('',*,*,#1834,.F.);
#2436=ORIENTED_EDGE('',*,*,#1644,.F.);
#2437=ORIENTED_EDGE('',*,*,#1835,.T.);
#2438=ORIENTED_EDGE('',*,*,#1836,.T.);
#2439=ORIENTED_EDGE('',*,*,#1837,.T.);
#2440=ORIENTED_EDGE('',*,*,#1640,.F.);
#2441=ORIENTED_EDGE('',*,*,#1838,.T.);
#2442=ORIENTED_EDGE('',*,*,#1839,.T.);
#2443=ORIENTED_EDGE('',*,*,#1840,.T.);
#2444=ORIENTED_EDGE('',*,*,#1636,.F.);
#2445=ORIENTED_EDGE('',*,*,#1831,.T.);
#2446=ORIENTED_EDGE('',*,*,#1818,.F.);
#2447=ORIENTED_EDGE('',*,*,#1690,.F.);
#2448=ORIENTED_EDGE('',*,*,#1645,.F.);
#2449=ORIENTED_EDGE('',*,*,#1834,.T.);
#2450=ORIENTED_EDGE('',*,*,#1658,.F.);
#2451=ORIENTED_EDGE('',*,*,#1841,.F.);
#2452=ORIENTED_EDGE('',*,*,#1842,.F.);
#2453=ORIENTED_EDGE('',*,*,#1843,.F.);
#2454=ORIENTED_EDGE('',*,*,#1642,.F.);
#2455=ORIENTED_EDGE('',*,*,#1844,.F.);
#2456=ORIENTED_EDGE('',*,*,#1845,.F.);
#2457=ORIENTED_EDGE('',*,*,#1846,.F.);
#2458=ORIENTED_EDGE('',*,*,#1638,.F.);
#2459=ORIENTED_EDGE('',*,*,#1847,.F.);
#2460=ORIENTED_EDGE('',*,*,#1848,.F.);
#2461=ORIENTED_EDGE('',*,*,#1849,.F.);
#2462=ORIENTED_EDGE('',*,*,#1654,.F.);
#2463=ORIENTED_EDGE('',*,*,#1850,.F.);
#2464=ORIENTED_EDGE('',*,*,#1851,.F.);
#2465=ORIENTED_EDGE('',*,*,#1852,.F.);
#2466=ORIENTED_EDGE('',*,*,#1667,.F.);
#2467=ORIENTED_EDGE('',*,*,#1853,.F.);
#2468=ORIENTED_EDGE('',*,*,#1854,.F.);
#2469=ORIENTED_EDGE('',*,*,#1855,.F.);
#2470=ORIENTED_EDGE('',*,*,#1856,.F.);
#2471=ORIENTED_EDGE('',*,*,#1857,.F.);
#2472=ORIENTED_EDGE('',*,*,#1663,.F.);
#2473=ORIENTED_EDGE('',*,*,#1858,.F.);
#2474=ORIENTED_EDGE('',*,*,#1859,.F.);
#2475=ORIENTED_EDGE('',*,*,#1860,.T.);
#2476=ORIENTED_EDGE('',*,*,#1861,.F.);
#2477=ORIENTED_EDGE('',*,*,#1862,.F.);
#2478=ORIENTED_EDGE('',*,*,#1858,.T.);
#2479=ORIENTED_EDGE('',*,*,#1662,.F.);
#2480=ORIENTED_EDGE('',*,*,#1863,.F.);
#2481=ORIENTED_EDGE('',*,*,#1633,.F.);
#2482=ORIENTED_EDGE('',*,*,#1864,.F.);
#2483=ORIENTED_EDGE('',*,*,#1865,.F.);
#2484=ORIENTED_EDGE('',*,*,#1629,.F.);
#2485=ORIENTED_EDGE('',*,*,#1866,.F.);
#2486=ORIENTED_EDGE('',*,*,#1867,.F.);
#2487=ORIENTED_EDGE('',*,*,#1868,.F.);
#2488=ORIENTED_EDGE('',*,*,#1613,.F.);
#2489=ORIENTED_EDGE('',*,*,#1619,.T.);
#2490=ORIENTED_EDGE('',*,*,#1869,.T.);
#2491=ORIENTED_EDGE('',*,*,#1870,.T.);
#2492=ORIENTED_EDGE('',*,*,#1871,.T.);
#2493=ORIENTED_EDGE('',*,*,#1872,.T.);
#2494=ORIENTED_EDGE('',*,*,#1873,.T.);
#2495=ORIENTED_EDGE('',*,*,#1874,.T.);
#2496=ORIENTED_EDGE('',*,*,#1875,.T.);
#2497=ORIENTED_EDGE('',*,*,#1876,.T.);
#2498=ORIENTED_EDGE('',*,*,#1877,.T.);
#2499=ORIENTED_EDGE('',*,*,#1823,.T.);
#2500=ORIENTED_EDGE('',*,*,#1878,.T.);
#2501=ORIENTED_EDGE('',*,*,#1879,.T.);
#2502=ORIENTED_EDGE('',*,*,#1880,.T.);
#2503=ORIENTED_EDGE('',*,*,#1881,.T.);
#2504=ORIENTED_EDGE('',*,*,#1882,.T.);
#2505=ORIENTED_EDGE('',*,*,#1692,.T.);
#2506=ORIENTED_EDGE('',*,*,#1796,.T.);
#2507=ORIENTED_EDGE('',*,*,#1883,.T.);
#2508=ORIENTED_EDGE('',*,*,#1884,.T.);
#2509=ORIENTED_EDGE('',*,*,#1885,.T.);
#2510=ORIENTED_EDGE('',*,*,#1845,.T.);
#2511=ORIENTED_EDGE('',*,*,#1886,.T.);
#2512=ORIENTED_EDGE('',*,*,#1887,.T.);
#2513=ORIENTED_EDGE('',*,*,#1888,.T.);
#2514=ORIENTED_EDGE('',*,*,#1848,.T.);
#2515=ORIENTED_EDGE('',*,*,#1889,.T.);
#2516=ORIENTED_EDGE('',*,*,#1890,.T.);
#2517=ORIENTED_EDGE('',*,*,#1891,.T.);
#2518=ORIENTED_EDGE('',*,*,#1892,.T.);
#2519=ORIENTED_EDGE('',*,*,#1865,.T.);
#2520=ORIENTED_EDGE('',*,*,#1893,.T.);
#2521=ORIENTED_EDGE('',*,*,#1894,.T.);
#2522=ORIENTED_EDGE('',*,*,#1895,.T.);
#2523=ORIENTED_EDGE('',*,*,#1867,.T.);
#2524=ORIENTED_EDGE('',*,*,#1896,.T.);
#2525=ORIENTED_EDGE('',*,*,#1897,.T.);
#2526=ORIENTED_EDGE('',*,*,#1898,.T.);
#2527=ORIENTED_EDGE('',*,*,#1899,.T.);
#2528=ORIENTED_EDGE('',*,*,#1900,.T.);
#2529=ORIENTED_EDGE('',*,*,#1901,.T.);
#2530=ORIENTED_EDGE('',*,*,#1902,.T.);
#2531=ORIENTED_EDGE('',*,*,#1854,.T.);
#2532=ORIENTED_EDGE('',*,*,#1903,.T.);
#2533=ORIENTED_EDGE('',*,*,#1904,.T.);
#2534=ORIENTED_EDGE('',*,*,#1905,.T.);
#2535=ORIENTED_EDGE('',*,*,#1856,.T.);
#2536=ORIENTED_EDGE('',*,*,#1862,.T.);
#2537=ORIENTED_EDGE('',*,*,#1906,.T.);
#2538=ORIENTED_EDGE('',*,*,#1907,.T.);
#2539=ORIENTED_EDGE('',*,*,#1908,.T.);
#2540=ORIENTED_EDGE('',*,*,#1842,.T.);
#2541=ORIENTED_EDGE('',*,*,#1909,.T.);
#2542=ORIENTED_EDGE('',*,*,#1910,.T.);
#2543=ORIENTED_EDGE('',*,*,#1911,.T.);
#2544=ORIENTED_EDGE('',*,*,#1851,.T.);
#2545=ORIENTED_EDGE('',*,*,#1912,.T.);
#2546=ORIENTED_EDGE('',*,*,#1913,.T.);
#2547=ORIENTED_EDGE('',*,*,#1914,.T.);
#2548=ORIENTED_EDGE('',*,*,#1793,.T.);
#2549=ORIENTED_EDGE('',*,*,#1791,.F.);
#2550=ORIENTED_EDGE('',*,*,#1789,.T.);
#2551=ORIENTED_EDGE('',*,*,#1740,.F.);
#2552=ORIENTED_EDGE('',*,*,#1905,.F.);
#2553=ORIENTED_EDGE('',*,*,#1915,.F.);
#2554=ORIENTED_EDGE('',*,*,#1916,.T.);
#2555=ORIENTED_EDGE('',*,*,#1917,.F.);
#2556=ORIENTED_EDGE('',*,*,#1664,.F.);
#2557=ORIENTED_EDGE('',*,*,#1857,.T.);
#2558=ORIENTED_EDGE('',*,*,#1860,.F.);
#2559=ORIENTED_EDGE('',*,*,#1918,.F.);
#2560=ORIENTED_EDGE('',*,*,#1919,.F.);
#2561=ORIENTED_EDGE('',*,*,#1916,.F.);
#2562=ORIENTED_EDGE('',*,*,#1920,.F.);
#2563=ORIENTED_EDGE('',*,*,#1921,.F.);
#2564=ORIENTED_EDGE('',*,*,#1888,.F.);
#2565=ORIENTED_EDGE('',*,*,#1922,.F.);
#2566=ORIENTED_EDGE('',*,*,#1923,.T.);
#2567=ORIENTED_EDGE('',*,*,#1838,.F.);
#2568=ORIENTED_EDGE('',*,*,#1639,.F.);
#2569=ORIENTED_EDGE('',*,*,#1849,.T.);
#2570=ORIENTED_EDGE('',*,*,#1889,.F.);
#2571=ORIENTED_EDGE('',*,*,#1847,.T.);
#2572=ORIENTED_EDGE('',*,*,#1637,.F.);
#2573=ORIENTED_EDGE('',*,*,#1840,.F.);
#2574=ORIENTED_EDGE('',*,*,#1924,.T.);
#2575=ORIENTED_EDGE('',*,*,#1925,.F.);
#2576=ORIENTED_EDGE('',*,*,#1924,.F.);
#2577=ORIENTED_EDGE('',*,*,#1839,.F.);
#2578=ORIENTED_EDGE('',*,*,#1923,.F.);
#2579=ORIENTED_EDGE('',*,*,#1926,.F.);
#2580=ORIENTED_EDGE('',*,*,#1893,.F.);
#2581=ORIENTED_EDGE('',*,*,#1864,.T.);
#2582=ORIENTED_EDGE('',*,*,#1632,.F.);
#2583=ORIENTED_EDGE('',*,*,#1827,.F.);
#2584=ORIENTED_EDGE('',*,*,#1927,.T.);
#2585=ORIENTED_EDGE('',*,*,#1928,.F.);
#2586=ORIENTED_EDGE('',*,*,#1929,.F.);
#2587=ORIENTED_EDGE('',*,*,#1930,.T.);
#2588=ORIENTED_EDGE('',*,*,#1832,.F.);
#2589=ORIENTED_EDGE('',*,*,#1634,.F.);
#2590=ORIENTED_EDGE('',*,*,#1863,.T.);
#2591=ORIENTED_EDGE('',*,*,#1892,.F.);
#2592=ORIENTED_EDGE('',*,*,#1931,.F.);
#2593=ORIENTED_EDGE('',*,*,#1927,.F.);
#2594=ORIENTED_EDGE('',*,*,#1826,.F.);
#2595=ORIENTED_EDGE('',*,*,#1833,.F.);
#2596=ORIENTED_EDGE('',*,*,#1930,.F.);
#2597=ORIENTED_EDGE('',*,*,#1932,.F.);
#2598=ORIENTED_EDGE('',*,*,#1908,.F.);
#2599=ORIENTED_EDGE('',*,*,#1933,.F.);
#2600=ORIENTED_EDGE('',*,*,#1934,.T.);
#2601=ORIENTED_EDGE('',*,*,#1935,.F.);
#2602=ORIENTED_EDGE('',*,*,#1659,.F.);
#2603=ORIENTED_EDGE('',*,*,#1843,.T.);
#2604=ORIENTED_EDGE('',*,*,#1909,.F.);
#2605=ORIENTED_EDGE('',*,*,#1841,.T.);
#2606=ORIENTED_EDGE('',*,*,#1657,.F.);
#2607=ORIENTED_EDGE('',*,*,#1936,.F.);
#2608=ORIENTED_EDGE('',*,*,#1937,.T.);
#2609=ORIENTED_EDGE('',*,*,#1938,.F.);
#2610=ORIENTED_EDGE('',*,*,#1937,.F.);
#2611=ORIENTED_EDGE('',*,*,#1939,.F.);
#2612=ORIENTED_EDGE('',*,*,#1934,.F.);
#2613=ORIENTED_EDGE('',*,*,#1940,.F.);
#2614=ORIENTED_EDGE('',*,*,#1902,.F.);
#2615=ORIENTED_EDGE('',*,*,#1941,.F.);
#2616=ORIENTED_EDGE('',*,*,#1942,.T.);
#2617=ORIENTED_EDGE('',*,*,#1943,.F.);
#2618=ORIENTED_EDGE('',*,*,#1668,.F.);
#2619=ORIENTED_EDGE('',*,*,#1855,.T.);
#2620=ORIENTED_EDGE('',*,*,#1903,.F.);
#2621=ORIENTED_EDGE('',*,*,#1853,.T.);
#2622=ORIENTED_EDGE('',*,*,#1666,.F.);
#2623=ORIENTED_EDGE('',*,*,#1944,.F.);
#2624=ORIENTED_EDGE('',*,*,#1945,.T.);
#2625=ORIENTED_EDGE('',*,*,#1946,.F.);
#2626=ORIENTED_EDGE('',*,*,#1947,.F.);
#2627=ORIENTED_EDGE('',*,*,#1942,.F.);
#2628=ORIENTED_EDGE('',*,*,#1948,.F.);
#2629=ORIENTED_EDGE('',*,*,#1945,.F.);
#2630=ORIENTED_EDGE('',*,*,#1886,.F.);
#2631=ORIENTED_EDGE('',*,*,#1844,.T.);
#2632=ORIENTED_EDGE('',*,*,#1641,.F.);
#2633=ORIENTED_EDGE('',*,*,#1837,.F.);
#2634=ORIENTED_EDGE('',*,*,#1949,.T.);
#2635=ORIENTED_EDGE('',*,*,#1950,.F.);
#2636=ORIENTED_EDGE('',*,*,#1885,.F.);
#2637=ORIENTED_EDGE('',*,*,#1951,.F.);
#2638=ORIENTED_EDGE('',*,*,#1952,.T.);
#2639=ORIENTED_EDGE('',*,*,#1835,.F.);
#2640=ORIENTED_EDGE('',*,*,#1643,.F.);
#2641=ORIENTED_EDGE('',*,*,#1846,.T.);
#2642=ORIENTED_EDGE('',*,*,#1952,.F.);
#2643=ORIENTED_EDGE('',*,*,#1953,.F.);
#2644=ORIENTED_EDGE('',*,*,#1949,.F.);
#2645=ORIENTED_EDGE('',*,*,#1836,.F.);
#2646=ORIENTED_EDGE('',*,*,#1895,.F.);
#2647=ORIENTED_EDGE('',*,*,#1954,.F.);
#2648=ORIENTED_EDGE('',*,*,#1955,.T.);
#2649=ORIENTED_EDGE('',*,*,#1828,.F.);
#2650=ORIENTED_EDGE('',*,*,#1630,.F.);
#2651=ORIENTED_EDGE('',*,*,#1868,.T.);
#2652=ORIENTED_EDGE('',*,*,#1896,.F.);
#2653=ORIENTED_EDGE('',*,*,#1866,.T.);
#2654=ORIENTED_EDGE('',*,*,#1628,.F.);
#2655=ORIENTED_EDGE('',*,*,#1830,.F.);
#2656=ORIENTED_EDGE('',*,*,#1956,.T.);
#2657=ORIENTED_EDGE('',*,*,#1957,.F.);
#2658=ORIENTED_EDGE('',*,*,#1829,.F.);
#2659=ORIENTED_EDGE('',*,*,#1955,.F.);
#2660=ORIENTED_EDGE('',*,*,#1958,.F.);
#2661=ORIENTED_EDGE('',*,*,#1956,.F.);
#2662=ORIENTED_EDGE('',*,*,#1911,.F.);
#2663=ORIENTED_EDGE('',*,*,#1959,.F.);
#2664=ORIENTED_EDGE('',*,*,#1960,.T.);
#2665=ORIENTED_EDGE('',*,*,#1961,.F.);
#2666=ORIENTED_EDGE('',*,*,#1655,.F.);
#2667=ORIENTED_EDGE('',*,*,#1852,.T.);
#2668=ORIENTED_EDGE('',*,*,#1912,.F.);
#2669=ORIENTED_EDGE('',*,*,#1850,.T.);
#2670=ORIENTED_EDGE('',*,*,#1653,.F.);
#2671=ORIENTED_EDGE('',*,*,#1962,.F.);
#2672=ORIENTED_EDGE('',*,*,#1963,.T.);
#2673=ORIENTED_EDGE('',*,*,#1964,.F.);
#2674=ORIENTED_EDGE('',*,*,#1963,.F.);
#2675=ORIENTED_EDGE('',*,*,#1965,.F.);
#2676=ORIENTED_EDGE('',*,*,#1960,.F.);
#2677=ORIENTED_EDGE('',*,*,#1966,.F.);
#2678=ORIENTED_EDGE('',*,*,#1861,.T.);
#2679=ORIENTED_EDGE('',*,*,#1921,.T.);
#2680=ORIENTED_EDGE('',*,*,#1967,.T.);
#2681=ORIENTED_EDGE('',*,*,#1747,.T.);
#2682=ORIENTED_EDGE('',*,*,#1968,.F.);
#2683=ORIENTED_EDGE('',*,*,#1906,.F.);
#2684=ORIENTED_EDGE('',*,*,#1800,.F.);
#2685=ORIENTED_EDGE('',*,*,#1969,.F.);
#2686=ORIENTED_EDGE('',*,*,#1669,.F.);
#2687=ORIENTED_EDGE('',*,*,#1943,.T.);
#2688=ORIENTED_EDGE('',*,*,#1947,.T.);
#2689=ORIENTED_EDGE('',*,*,#1944,.T.);
#2690=ORIENTED_EDGE('',*,*,#1665,.F.);
#2691=ORIENTED_EDGE('',*,*,#1917,.T.);
#2692=ORIENTED_EDGE('',*,*,#1919,.T.);
#2693=ORIENTED_EDGE('',*,*,#1970,.T.);
#2694=ORIENTED_EDGE('',*,*,#1925,.T.);
#2695=ORIENTED_EDGE('',*,*,#1926,.T.);
#2696=ORIENTED_EDGE('',*,*,#1922,.T.);
#2697=ORIENTED_EDGE('',*,*,#1887,.F.);
#2698=ORIENTED_EDGE('',*,*,#1950,.T.);
#2699=ORIENTED_EDGE('',*,*,#1953,.T.);
#2700=ORIENTED_EDGE('',*,*,#1951,.T.);
#2701=ORIENTED_EDGE('',*,*,#1884,.F.);
#2702=ORIENTED_EDGE('',*,*,#1971,.T.);
#2703=ORIENTED_EDGE('',*,*,#1754,.T.);
#2704=ORIENTED_EDGE('',*,*,#1972,.F.);
#2705=ORIENTED_EDGE('',*,*,#1890,.F.);
#2706=ORIENTED_EDGE('',*,*,#1928,.T.);
#2707=ORIENTED_EDGE('',*,*,#1931,.T.);
#2708=ORIENTED_EDGE('',*,*,#1973,.T.);
#2709=ORIENTED_EDGE('',*,*,#1752,.T.);
#2710=ORIENTED_EDGE('',*,*,#1974,.F.);
#2711=ORIENTED_EDGE('',*,*,#1897,.F.);
#2712=ORIENTED_EDGE('',*,*,#1957,.T.);
#2713=ORIENTED_EDGE('',*,*,#1958,.T.);
#2714=ORIENTED_EDGE('',*,*,#1954,.T.);
#2715=ORIENTED_EDGE('',*,*,#1894,.F.);
#2716=ORIENTED_EDGE('',*,*,#1804,.F.);
#2717=ORIENTED_EDGE('',*,*,#1975,.F.);
#2718=ORIENTED_EDGE('',*,*,#1660,.F.);
#2719=ORIENTED_EDGE('',*,*,#1935,.T.);
#2720=ORIENTED_EDGE('',*,*,#1939,.T.);
#2721=ORIENTED_EDGE('',*,*,#1936,.T.);
#2722=ORIENTED_EDGE('',*,*,#1656,.F.);
#2723=ORIENTED_EDGE('',*,*,#1961,.T.);
#2724=ORIENTED_EDGE('',*,*,#1965,.T.);
#2725=ORIENTED_EDGE('',*,*,#1962,.T.);
#2726=ORIENTED_EDGE('',*,*,#1652,.F.);
#2727=ORIENTED_EDGE('',*,*,#1976,.T.);
#2728=ORIENTED_EDGE('',*,*,#1938,.T.);
#2729=ORIENTED_EDGE('',*,*,#1940,.T.);
#2730=ORIENTED_EDGE('',*,*,#1933,.T.);
#2731=ORIENTED_EDGE('',*,*,#1907,.F.);
#2732=ORIENTED_EDGE('',*,*,#1968,.T.);
#2733=ORIENTED_EDGE('',*,*,#1746,.T.);
#2734=ORIENTED_EDGE('',*,*,#1977,.F.);
#2735=ORIENTED_EDGE('',*,*,#1913,.F.);
#2736=ORIENTED_EDGE('',*,*,#1964,.T.);
#2737=ORIENTED_EDGE('',*,*,#1966,.T.);
#2738=ORIENTED_EDGE('',*,*,#1959,.T.);
#2739=ORIENTED_EDGE('',*,*,#1910,.F.);
#2740=ORIENTED_EDGE('',*,*,#1883,.F.);
#2741=ORIENTED_EDGE('',*,*,#1795,.T.);
#2742=ORIENTED_EDGE('',*,*,#1755,.T.);
#2743=ORIENTED_EDGE('',*,*,#1971,.F.);
#2744=ORIENTED_EDGE('',*,*,#1914,.F.);
#2745=ORIENTED_EDGE('',*,*,#1977,.T.);
#2746=ORIENTED_EDGE('',*,*,#1745,.T.);
#2747=ORIENTED_EDGE('',*,*,#1794,.F.);
#2748=ORIENTED_EDGE('',*,*,#1915,.T.);
#2749=ORIENTED_EDGE('',*,*,#1904,.F.);
#2750=ORIENTED_EDGE('',*,*,#1946,.T.);
#2751=ORIENTED_EDGE('',*,*,#1948,.T.);
#2752=ORIENTED_EDGE('',*,*,#1941,.T.);
#2753=ORIENTED_EDGE('',*,*,#1901,.F.);
#2754=ORIENTED_EDGE('',*,*,#1978,.T.);
#2755=ORIENTED_EDGE('',*,*,#1748,.T.);
#2756=ORIENTED_EDGE('',*,*,#1967,.F.);
#2757=ORIENTED_EDGE('',*,*,#1920,.T.);
#2758=ORIENTED_EDGE('',*,*,#1900,.F.);
#2759=ORIENTED_EDGE('',*,*,#1979,.T.);
#2760=ORIENTED_EDGE('',*,*,#1749,.T.);
#2761=ORIENTED_EDGE('',*,*,#1978,.F.);
#2762=ORIENTED_EDGE('',*,*,#1899,.F.);
#2763=ORIENTED_EDGE('',*,*,#1980,.T.);
#2764=ORIENTED_EDGE('',*,*,#1750,.T.);
#2765=ORIENTED_EDGE('',*,*,#1979,.F.);
#2766=ORIENTED_EDGE('',*,*,#1898,.F.);
#2767=ORIENTED_EDGE('',*,*,#1974,.T.);
#2768=ORIENTED_EDGE('',*,*,#1751,.T.);
#2769=ORIENTED_EDGE('',*,*,#1980,.F.);
#2770=ORIENTED_EDGE('',*,*,#1929,.T.);
#2771=ORIENTED_EDGE('',*,*,#1891,.F.);
#2772=ORIENTED_EDGE('',*,*,#1972,.T.);
#2773=ORIENTED_EDGE('',*,*,#1753,.T.);
#2774=ORIENTED_EDGE('',*,*,#1973,.F.);
#2775=ORIENTED_EDGE('',*,*,#1932,.T.);
#2776=ORIENTED_EDGE('',*,*,#1784,.T.);
#2777=ORIENTED_EDGE('',*,*,#1981,.T.);
#2778=ORIENTED_EDGE('',*,*,#1735,.F.);
#2779=ORIENTED_EDGE('',*,*,#1982,.F.);
#2780=ORIENTED_EDGE('',*,*,#1783,.T.);
#2781=ORIENTED_EDGE('',*,*,#1983,.T.);
#2782=ORIENTED_EDGE('',*,*,#1736,.F.);
#2783=ORIENTED_EDGE('',*,*,#1981,.F.);
#2784=ORIENTED_EDGE('',*,*,#1782,.T.);
#2785=ORIENTED_EDGE('',*,*,#1984,.T.);
#2786=ORIENTED_EDGE('',*,*,#1737,.F.);
#2787=ORIENTED_EDGE('',*,*,#1983,.F.);
#2788=ORIENTED_EDGE('',*,*,#1781,.T.);
#2789=ORIENTED_EDGE('',*,*,#1985,.T.);
#2790=ORIENTED_EDGE('',*,*,#1730,.F.);
#2791=ORIENTED_EDGE('',*,*,#1984,.F.);
#2792=ORIENTED_EDGE('',*,*,#1776,.T.);
#2793=ORIENTED_EDGE('',*,*,#1986,.T.);
#2794=ORIENTED_EDGE('',*,*,#1719,.F.);
#2795=ORIENTED_EDGE('',*,*,#1987,.F.);
#2796=ORIENTED_EDGE('',*,*,#1775,.T.);
#2797=ORIENTED_EDGE('',*,*,#1988,.T.);
#2798=ORIENTED_EDGE('',*,*,#1720,.F.);
#2799=ORIENTED_EDGE('',*,*,#1986,.F.);
#2800=ORIENTED_EDGE('',*,*,#1774,.T.);
#2801=ORIENTED_EDGE('',*,*,#1989,.T.);
#2802=ORIENTED_EDGE('',*,*,#1721,.F.);
#2803=ORIENTED_EDGE('',*,*,#1988,.F.);
#2804=ORIENTED_EDGE('',*,*,#1773,.T.);
#2805=ORIENTED_EDGE('',*,*,#1990,.T.);
#2806=ORIENTED_EDGE('',*,*,#1714,.F.);
#2807=ORIENTED_EDGE('',*,*,#1989,.F.);
#2808=ORIENTED_EDGE('',*,*,#1768,.T.);
#2809=ORIENTED_EDGE('',*,*,#1991,.T.);
#2810=ORIENTED_EDGE('',*,*,#1708,.F.);
#2811=ORIENTED_EDGE('',*,*,#1992,.F.);
#2812=ORIENTED_EDGE('',*,*,#1809,.F.);
#2813=ORIENTED_EDGE('',*,*,#1709,.F.);
#2814=ORIENTED_EDGE('',*,*,#1991,.F.);
#2815=ORIENTED_EDGE('',*,*,#1767,.T.);
#2816=ORIENTED_EDGE('',*,*,#1993,.T.);
#2817=ORIENTED_EDGE('',*,*,#1810,.F.);
#2818=ORIENTED_EDGE('',*,*,#1993,.F.);
#2819=ORIENTED_EDGE('',*,*,#1766,.T.);
#2820=ORIENTED_EDGE('',*,*,#1994,.T.);
#2821=ORIENTED_EDGE('',*,*,#1805,.F.);
#2822=ORIENTED_EDGE('',*,*,#1994,.F.);
#2823=ORIENTED_EDGE('',*,*,#1765,.T.);
#2824=ORIENTED_EDGE('',*,*,#1995,.T.);
#2825=ORIENTED_EDGE('',*,*,#1703,.F.);
#2826=ORIENTED_EDGE('',*,*,#1760,.T.);
#2827=ORIENTED_EDGE('',*,*,#1996,.T.);
#2828=ORIENTED_EDGE('',*,*,#1727,.F.);
#2829=ORIENTED_EDGE('',*,*,#1997,.F.);
#2830=ORIENTED_EDGE('',*,*,#1759,.T.);
#2831=ORIENTED_EDGE('',*,*,#1998,.T.);
#2832=ORIENTED_EDGE('',*,*,#1728,.F.);
#2833=ORIENTED_EDGE('',*,*,#1996,.F.);
#2834=ORIENTED_EDGE('',*,*,#1758,.T.);
#2835=ORIENTED_EDGE('',*,*,#1999,.T.);
#2836=ORIENTED_EDGE('',*,*,#1729,.F.);
#2837=ORIENTED_EDGE('',*,*,#1998,.F.);
#2838=ORIENTED_EDGE('',*,*,#1757,.T.);
#2839=ORIENTED_EDGE('',*,*,#2000,.T.);
#2840=ORIENTED_EDGE('',*,*,#1722,.F.);
#2841=ORIENTED_EDGE('',*,*,#1999,.F.);
#2842=ORIENTED_EDGE('',*,*,#1820,.F.);
#2843=ORIENTED_EDGE('',*,*,#2001,.F.);
#2844=ORIENTED_EDGE('',*,*,#1876,.F.);
#2845=ORIENTED_EDGE('',*,*,#2002,.T.);
#2846=ORIENTED_EDGE('',*,*,#1670,.F.);
#2847=ORIENTED_EDGE('',*,*,#1969,.T.);
#2848=ORIENTED_EDGE('',*,*,#1803,.F.);
#2849=ORIENTED_EDGE('',*,*,#1970,.F.);
#2850=ORIENTED_EDGE('',*,*,#1918,.T.);
#2851=ORIENTED_EDGE('',*,*,#1859,.T.);
#2852=ORIENTED_EDGE('',*,*,#1661,.F.);
#2853=ORIENTED_EDGE('',*,*,#1975,.T.);
#2854=ORIENTED_EDGE('',*,*,#1798,.F.);
#2855=ORIENTED_EDGE('',*,*,#1976,.F.);
#2856=ORIENTED_EDGE('',*,*,#1651,.F.);
#2857=ORIENTED_EDGE('',*,*,#2003,.T.);
#2858=ORIENTED_EDGE('',*,*,#1687,.F.);
#2859=ORIENTED_EDGE('',*,*,#1698,.F.);
#2860=ORIENTED_EDGE('',*,*,#2003,.F.);
#2861=ORIENTED_EDGE('',*,*,#1650,.F.);
#2862=ORIENTED_EDGE('',*,*,#1769,.T.);
#2863=ORIENTED_EDGE('',*,*,#1992,.T.);
#2864=ORIENTED_EDGE('',*,*,#1707,.F.);
#2865=ORIENTED_EDGE('',*,*,#2004,.F.);
#2866=ORIENTED_EDGE('',*,*,#1770,.T.);
#2867=ORIENTED_EDGE('',*,*,#2004,.T.);
#2868=ORIENTED_EDGE('',*,*,#1706,.F.);
#2869=ORIENTED_EDGE('',*,*,#2005,.F.);
#2870=ORIENTED_EDGE('',*,*,#1771,.T.);
#2871=ORIENTED_EDGE('',*,*,#2005,.T.);
#2872=ORIENTED_EDGE('',*,*,#1705,.F.);
#2873=ORIENTED_EDGE('',*,*,#2006,.F.);
#2874=ORIENTED_EDGE('',*,*,#1772,.T.);
#2875=ORIENTED_EDGE('',*,*,#2006,.T.);
#2876=ORIENTED_EDGE('',*,*,#1704,.F.);
#2877=ORIENTED_EDGE('',*,*,#1995,.F.);
#2878=ORIENTED_EDGE('',*,*,#1785,.T.);
#2879=ORIENTED_EDGE('',*,*,#1982,.T.);
#2880=ORIENTED_EDGE('',*,*,#1734,.F.);
#2881=ORIENTED_EDGE('',*,*,#2007,.F.);
#2882=ORIENTED_EDGE('',*,*,#1786,.T.);
#2883=ORIENTED_EDGE('',*,*,#2007,.T.);
#2884=ORIENTED_EDGE('',*,*,#1733,.F.);
#2885=ORIENTED_EDGE('',*,*,#2008,.F.);
#2886=ORIENTED_EDGE('',*,*,#1787,.T.);
#2887=ORIENTED_EDGE('',*,*,#2008,.T.);
#2888=ORIENTED_EDGE('',*,*,#1732,.F.);
#2889=ORIENTED_EDGE('',*,*,#2009,.F.);
#2890=ORIENTED_EDGE('',*,*,#1788,.T.);
#2891=ORIENTED_EDGE('',*,*,#2009,.T.);
#2892=ORIENTED_EDGE('',*,*,#1731,.F.);
#2893=ORIENTED_EDGE('',*,*,#1985,.F.);
#2894=ORIENTED_EDGE('',*,*,#1761,.T.);
#2895=ORIENTED_EDGE('',*,*,#1997,.T.);
#2896=ORIENTED_EDGE('',*,*,#1726,.F.);
#2897=ORIENTED_EDGE('',*,*,#2010,.F.);
#2898=ORIENTED_EDGE('',*,*,#1762,.T.);
#2899=ORIENTED_EDGE('',*,*,#2010,.T.);
#2900=ORIENTED_EDGE('',*,*,#1725,.F.);
#2901=ORIENTED_EDGE('',*,*,#2011,.F.);
#2902=ORIENTED_EDGE('',*,*,#1763,.T.);
#2903=ORIENTED_EDGE('',*,*,#2011,.T.);
#2904=ORIENTED_EDGE('',*,*,#1724,.F.);
#2905=ORIENTED_EDGE('',*,*,#2012,.F.);
#2906=ORIENTED_EDGE('',*,*,#1764,.T.);
#2907=ORIENTED_EDGE('',*,*,#2012,.T.);
#2908=ORIENTED_EDGE('',*,*,#1723,.F.);
#2909=ORIENTED_EDGE('',*,*,#2000,.F.);
#2910=ORIENTED_EDGE('',*,*,#1777,.T.);
#2911=ORIENTED_EDGE('',*,*,#1987,.T.);
#2912=ORIENTED_EDGE('',*,*,#1718,.F.);
#2913=ORIENTED_EDGE('',*,*,#2013,.F.);
#2914=ORIENTED_EDGE('',*,*,#1778,.T.);
#2915=ORIENTED_EDGE('',*,*,#2013,.T.);
#2916=ORIENTED_EDGE('',*,*,#1717,.F.);
#2917=ORIENTED_EDGE('',*,*,#2014,.F.);
#2918=ORIENTED_EDGE('',*,*,#1779,.T.);
#2919=ORIENTED_EDGE('',*,*,#2014,.T.);
#2920=ORIENTED_EDGE('',*,*,#1716,.F.);
#2921=ORIENTED_EDGE('',*,*,#2015,.F.);
#2922=ORIENTED_EDGE('',*,*,#1780,.T.);
#2923=ORIENTED_EDGE('',*,*,#2015,.T.);
#2924=ORIENTED_EDGE('',*,*,#1715,.F.);
#2925=ORIENTED_EDGE('',*,*,#1990,.F.);
#2926=ORIENTED_EDGE('',*,*,#1807,.F.);
#2927=ORIENTED_EDGE('',*,*,#1824,.F.);
#2928=ORIENTED_EDGE('',*,*,#1877,.F.);
#2929=ORIENTED_EDGE('',*,*,#2001,.T.);
#2930=ORIENTED_EDGE('',*,*,#1878,.F.);
#2931=ORIENTED_EDGE('',*,*,#1822,.T.);
#2932=ORIENTED_EDGE('',*,*,#1625,.F.);
#2933=ORIENTED_EDGE('',*,*,#2016,.F.);
#2934=ORIENTED_EDGE('',*,*,#1879,.F.);
#2935=ORIENTED_EDGE('',*,*,#2016,.T.);
#2936=ORIENTED_EDGE('',*,*,#1624,.F.);
#2937=ORIENTED_EDGE('',*,*,#2017,.F.);
#2938=ORIENTED_EDGE('',*,*,#1880,.F.);
#2939=ORIENTED_EDGE('',*,*,#2017,.T.);
#2940=ORIENTED_EDGE('',*,*,#1623,.F.);
#2941=ORIENTED_EDGE('',*,*,#2018,.F.);
#2942=ORIENTED_EDGE('',*,*,#1881,.F.);
#2943=ORIENTED_EDGE('',*,*,#2018,.T.);
#2944=ORIENTED_EDGE('',*,*,#1622,.F.);
#2945=ORIENTED_EDGE('',*,*,#2019,.F.);
#2946=ORIENTED_EDGE('',*,*,#1882,.F.);
#2947=ORIENTED_EDGE('',*,*,#2019,.T.);
#2948=ORIENTED_EDGE('',*,*,#1621,.F.);
#2949=ORIENTED_EDGE('',*,*,#1693,.F.);
#2950=ORIENTED_EDGE('',*,*,#1869,.F.);
#2951=ORIENTED_EDGE('',*,*,#1618,.T.);
#2952=ORIENTED_EDGE('',*,*,#1677,.F.);
#2953=ORIENTED_EDGE('',*,*,#2020,.F.);
#2954=ORIENTED_EDGE('',*,*,#1870,.F.);
#2955=ORIENTED_EDGE('',*,*,#2020,.T.);
#2956=ORIENTED_EDGE('',*,*,#1676,.F.);
#2957=ORIENTED_EDGE('',*,*,#2021,.F.);
#2958=ORIENTED_EDGE('',*,*,#1871,.F.);
#2959=ORIENTED_EDGE('',*,*,#2021,.T.);
#2960=ORIENTED_EDGE('',*,*,#1675,.F.);
#2961=ORIENTED_EDGE('',*,*,#2022,.F.);
#2962=ORIENTED_EDGE('',*,*,#1872,.F.);
#2963=ORIENTED_EDGE('',*,*,#2022,.T.);
#2964=ORIENTED_EDGE('',*,*,#1674,.F.);
#2965=ORIENTED_EDGE('',*,*,#2023,.F.);
#2966=ORIENTED_EDGE('',*,*,#1873,.F.);
#2967=ORIENTED_EDGE('',*,*,#2023,.T.);
#2968=ORIENTED_EDGE('',*,*,#1673,.F.);
#2969=ORIENTED_EDGE('',*,*,#2024,.F.);
#2970=ORIENTED_EDGE('',*,*,#1874,.F.);
#2971=ORIENTED_EDGE('',*,*,#2024,.T.);
#2972=ORIENTED_EDGE('',*,*,#1672,.F.);
#2973=ORIENTED_EDGE('',*,*,#2025,.F.);
#2974=ORIENTED_EDGE('',*,*,#1875,.F.);
#2975=ORIENTED_EDGE('',*,*,#2025,.T.);
#2976=ORIENTED_EDGE('',*,*,#1671,.F.);
#2977=ORIENTED_EDGE('',*,*,#2002,.F.);
#2978=PLANE('',#3238);
#2979=PLANE('',#3243);
#2980=PLANE('',#3244);
#2981=PLANE('',#3245);
#2982=PLANE('',#3246);
#2983=PLANE('',#3250);
#2984=PLANE('',#3254);
#2985=PLANE('',#3258);
#2986=PLANE('',#3262);
#2987=PLANE('',#3263);
#2988=PLANE('',#3264);
#2989=PLANE('',#3268);
#2990=PLANE('',#3269);
#2991=PLANE('',#3287);
#2992=PLANE('',#3288);
#2993=PLANE('',#3289);
#2994=PLANE('',#3293);
#2995=PLANE('',#3298);
#2996=PLANE('',#3302);
#2997=PLANE('',#3305);
#2998=PLANE('',#3306);
#2999=PLANE('',#3320);
#3000=PLANE('',#3321);
#3001=PLANE('',#3322);
#3002=PLANE('',#3323);
#3003=PLANE('',#3324);
#3004=PLANE('',#3325);
#3005=PLANE('',#3326);
#3006=PLANE('',#3327);
#3007=PLANE('',#3328);
#3008=PLANE('',#3329);
#3009=PLANE('',#3330);
#3010=PLANE('',#3331);
#3011=PLANE('',#3336);
#3012=PLANE('',#3337);
#3013=PLANE('',#3340);
#3014=PLANE('',#3341);
#3015=PLANE('',#3342);
#3016=PLANE('',#3343);
#3017=PLANE('',#3344);
#3018=PLANE('',#3345);
#3019=PLANE('',#3346);
#3020=PLANE('',#3347);
#3021=PLANE('',#3348);
#3022=PLANE('',#3349);
#3023=PLANE('',#3350);
#3024=PLANE('',#3351);
#3025=PLANE('',#3352);
#3026=PLANE('',#3353);
#3027=PLANE('',#3354);
#3028=PLANE('',#3355);
#3029=PLANE('',#3356);
#3030=PLANE('',#3357);
#3031=PLANE('',#3358);
#3032=PLANE('',#3359);
#3033=PLANE('',#3360);
#3034=PLANE('',#3362);
#3035=PLANE('',#3363);
#3036=PLANE('',#3364);
#3037=PLANE('',#3365);
#3038=PLANE('',#3366);
#3039=PLANE('',#3368);
#3040=PLANE('',#3369);
#3041=PLANE('',#3370);
#3042=PLANE('',#3371);
#3043=PLANE('',#3372);
#3044=PLANE('',#3373);
#3045=PLANE('',#3374);
#3046=PLANE('',#3375);
#3047=PLANE('',#3376);
#3048=PLANE('',#3377);
#3049=PLANE('',#3380);
#3050=PLANE('',#3381);
#3051=PLANE('',#3382);
#3052=PLANE('',#3383);
#3053=PLANE('',#3384);
#3054=PLANE('',#3385);
#3055=PLANE('',#3386);
#3056=PLANE('',#3387);
#3057=PLANE('',#3388);
#3058=PLANE('',#3389);
#3059=PLANE('',#3391);
#3060=PLANE('',#3392);
#3061=PLANE('',#3393);
#3062=PLANE('',#3394);
#3063=PLANE('',#3395);
#3064=ADVANCED_FACE('',(#826),#2978,.F.);
#3065=ADVANCED_FACE('',(#827),#799,.T.);
#3066=ADVANCED_FACE('',(#828),#800,.T.);
#3067=ADVANCED_FACE('',(#829),#801,.T.);
#3068=ADVANCED_FACE('',(#830),#802,.T.);
#3069=ADVANCED_FACE('',(#831),#72,.F.);
#3070=ADVANCED_FACE('',(#832),#73,.F.);
#3071=ADVANCED_FACE('',(#833),#74,.F.);
#3072=ADVANCED_FACE('',(#834),#75,.F.);
#3073=ADVANCED_FACE('',(#835),#76,.T.);
#3074=ADVANCED_FACE('',(#836),#2979,.T.);
#3075=ADVANCED_FACE('',(#837),#77,.T.);
#3076=ADVANCED_FACE('',(#838),#2980,.T.);
#3077=ADVANCED_FACE('',(#839),#2981,.T.);
#3078=ADVANCED_FACE('',(#840),#78,.F.);
#3079=ADVANCED_FACE('',(#841),#79,.T.);
#3080=ADVANCED_FACE('',(#842),#2982,.T.);
#3081=ADVANCED_FACE('',(#843),#80,.T.);
#3082=ADVANCED_FACE('',(#844),#803,.T.);
#3083=ADVANCED_FACE('',(#845),#2983,.T.);
#3084=ADVANCED_FACE('',(#846),#804,.T.);
#3085=ADVANCED_FACE('',(#847),#2984,.T.);
#3086=ADVANCED_FACE('',(#848),#805,.T.);
#3087=ADVANCED_FACE('',(#849),#2985,.T.);
#3088=ADVANCED_FACE('',(#850),#806,.T.);
#3089=ADVANCED_FACE('',(#851),#2986,.T.);
#3090=ADVANCED_FACE('',(#852),#2987,.T.);
#3091=ADVANCED_FACE('',(#853,#22),#2988,.F.);
#3092=ADVANCED_FACE('',(#854),#807,.T.);
#3093=ADVANCED_FACE('',(#855),#2989,.T.);
#3094=ADVANCED_FACE('',(#856),#2990,.T.);
#3095=ADVANCED_FACE('',(#857),#808,.T.);
#3096=ADVANCED_FACE('',(#858),#809,.T.);
#3097=ADVANCED_FACE('',(#859),#16,.T.);
#3098=ADVANCED_FACE('',(#860),#810,.T.);
#3099=ADVANCED_FACE('',(#861),#17,.T.);
#3100=ADVANCED_FACE('',(#862),#2991,.T.);
#3101=ADVANCED_FACE('',(#863),#2992,.T.);
#3102=ADVANCED_FACE('',(#864),#2993,.T.);
#3103=ADVANCED_FACE('',(#865),#811,.T.);
#3104=ADVANCED_FACE('',(#866),#812,.T.);
#3105=ADVANCED_FACE('',(#867,#23,#24,#25),#2994,.T.);
#3106=ADVANCED_FACE('',(#868),#813,.F.);
#3107=ADVANCED_FACE('',(#869,#26,#27,#28,#29),#2995,.F.);
#3108=ADVANCED_FACE('',(#870),#2996,.F.);
#3109=ADVANCED_FACE('',(#871),#814,.F.);
#3110=ADVANCED_FACE('',(#872),#2997,.F.);
#3111=ADVANCED_FACE('',(#873),#2998,.F.);
#3112=ADVANCED_FACE('',(#874),#81,.F.);
#3113=ADVANCED_FACE('',(#875),#815,.T.);
#3114=ADVANCED_FACE('',(#876),#13,.T.);
#3115=ADVANCED_FACE('',(#877),#816,.T.);
#3116=ADVANCED_FACE('',(#878),#817,.T.);
#3117=ADVANCED_FACE('',(#879),#818,.T.);
#3118=ADVANCED_FACE('',(#880),#82,.F.);
#3119=ADVANCED_FACE('',(#881),#819,.T.);
#3120=ADVANCED_FACE('',(#882),#83,.F.);
#3121=ADVANCED_FACE('',(#883),#84,.F.);
#3122=ADVANCED_FACE('',(#884),#85,.F.);
#3123=ADVANCED_FACE('',(#885),#86,.T.);
#3124=ADVANCED_FACE('',(#886),#2999,.T.);
#3125=ADVANCED_FACE('',(#887),#87,.T.);
#3126=ADVANCED_FACE('',(#888),#3000,.T.);
#3127=ADVANCED_FACE('',(#889),#88,.T.);
#3128=ADVANCED_FACE('',(#890),#3001,.F.);
#3129=ADVANCED_FACE('',(#891),#3002,.F.);
#3130=ADVANCED_FACE('',(#892),#3003,.F.);
#3131=ADVANCED_FACE('',(#893),#3004,.F.);
#3132=ADVANCED_FACE('',(#894),#3005,.F.);
#3133=ADVANCED_FACE('',(#895),#3006,.F.);
#3134=ADVANCED_FACE('',(#896),#3007,.F.);
#3135=ADVANCED_FACE('',(#897),#3008,.F.);
#3136=ADVANCED_FACE('',(#898),#3009,.F.);
#3137=ADVANCED_FACE('',(#899,#30),#3010,.F.);
#3138=ADVANCED_FACE('',(#900),#3011,.F.);
#3139=ADVANCED_FACE('',(#901),#3012,.F.);
#3140=ADVANCED_FACE('',(#902),#3013,.F.);
#3141=ADVANCED_FACE('',(#903),#3014,.F.);
#3142=ADVANCED_FACE('',(#904),#3015,.F.);
#3143=ADVANCED_FACE('',(#905),#3016,.F.);
#3144=ADVANCED_FACE('',(#906),#3017,.F.);
#3145=ADVANCED_FACE('',(#907),#3018,.F.);
#3146=ADVANCED_FACE('',(#908),#3019,.F.);
#3147=ADVANCED_FACE('',(#909),#3020,.F.);
#3148=ADVANCED_FACE('',(#910),#3021,.F.);
#3149=ADVANCED_FACE('',(#911),#3022,.F.);
#3150=ADVANCED_FACE('',(#912),#3023,.F.);
#3151=ADVANCED_FACE('',(#913),#3024,.F.);
#3152=ADVANCED_FACE('',(#914),#3025,.F.);
#3153=ADVANCED_FACE('',(#915),#3026,.F.);
#3154=ADVANCED_FACE('',(#916),#3027,.F.);
#3155=ADVANCED_FACE('',(#917),#3028,.F.);
#3156=ADVANCED_FACE('',(#918),#3029,.F.);
#3157=ADVANCED_FACE('',(#919),#3030,.F.);
#3158=ADVANCED_FACE('',(#920),#3031,.F.);
#3159=ADVANCED_FACE('',(#921),#3032,.F.);
#3160=ADVANCED_FACE('',(#922),#3033,.F.);
#3161=ADVANCED_FACE('',(#923),#820,.T.);
#3162=ADVANCED_FACE('',(#924),#3034,.T.);
#3163=ADVANCED_FACE('',(#925),#3035,.F.);
#3164=ADVANCED_FACE('',(#926),#3036,.F.);
#3165=ADVANCED_FACE('',(#927),#3037,.T.);
#3166=ADVANCED_FACE('',(#928),#3038,.F.);
#3167=ADVANCED_FACE('',(#929),#89,.F.);
#3168=ADVANCED_FACE('',(#930),#821,.F.);
#3169=ADVANCED_FACE('',(#931),#3039,.F.);
#3170=ADVANCED_FACE('',(#932),#90,.F.);
#3171=ADVANCED_FACE('',(#933),#3040,.F.);
#3172=ADVANCED_FACE('',(#934),#91,.F.);
#3173=ADVANCED_FACE('',(#935),#92,.F.);
#3174=ADVANCED_FACE('',(#936),#3041,.T.);
#3175=ADVANCED_FACE('',(#937),#93,.T.);
#3176=ADVANCED_FACE('',(#938),#3042,.T.);
#3177=ADVANCED_FACE('',(#939),#94,.T.);
#3178=ADVANCED_FACE('',(#940),#3043,.T.);
#3179=ADVANCED_FACE('',(#941),#95,.T.);
#3180=ADVANCED_FACE('',(#942),#3044,.T.);
#3181=ADVANCED_FACE('',(#943),#96,.T.);
#3182=ADVANCED_FACE('',(#944),#3045,.T.);
#3183=ADVANCED_FACE('',(#945),#97,.T.);
#3184=ADVANCED_FACE('',(#946),#3046,.T.);
#3185=ADVANCED_FACE('',(#947),#98,.T.);
#3186=ADVANCED_FACE('',(#948),#3047,.T.);
#3187=ADVANCED_FACE('',(#949),#99,.T.);
#3188=ADVANCED_FACE('',(#950),#3048,.T.);
#3189=ADVANCED_FACE('',(#951),#100,.T.);
#3190=ADVANCED_FACE('',(#952),#101,.T.);
#3191=ADVANCED_FACE('',(#953),#822,.F.);
#3192=ADVANCED_FACE('',(#954),#823,.T.);
#3193=ADVANCED_FACE('',(#955),#3049,.T.);
#3194=ADVANCED_FACE('',(#956),#102,.T.);
#3195=ADVANCED_FACE('',(#957),#3050,.T.);
#3196=ADVANCED_FACE('',(#958),#103,.T.);
#3197=ADVANCED_FACE('',(#959),#3051,.T.);
#3198=ADVANCED_FACE('',(#960),#104,.T.);
#3199=ADVANCED_FACE('',(#961),#3052,.T.);
#3200=ADVANCED_FACE('',(#962),#105,.T.);
#3201=ADVANCED_FACE('',(#963),#3053,.T.);
#3202=ADVANCED_FACE('',(#964),#106,.T.);
#3203=ADVANCED_FACE('',(#965),#3054,.T.);
#3204=ADVANCED_FACE('',(#966),#107,.T.);
#3205=ADVANCED_FACE('',(#967),#3055,.T.);
#3206=ADVANCED_FACE('',(#968),#108,.T.);
#3207=ADVANCED_FACE('',(#969),#3056,.T.);
#3208=ADVANCED_FACE('',(#970),#109,.T.);
#3209=ADVANCED_FACE('',(#971),#3057,.T.);
#3210=ADVANCED_FACE('',(#972),#3058,.T.);
#3211=ADVANCED_FACE('',(#973),#824,.T.);
#3212=ADVANCED_FACE('',(#974),#3059,.T.);
#3213=ADVANCED_FACE('',(#975),#110,.T.);
#3214=ADVANCED_FACE('',(#976),#3060,.T.);
#3215=ADVANCED_FACE('',(#977),#111,.T.);
#3216=ADVANCED_FACE('',(#978),#112,.T.);
#3217=ADVANCED_FACE('',(#979),#3061,.T.);
#3218=ADVANCED_FACE('',(#980),#113,.T.);
#3219=ADVANCED_FACE('',(#981),#3062,.T.);
#3220=ADVANCED_FACE('',(#982),#114,.T.);
#3221=ADVANCED_FACE('',(#983),#3063,.T.);
#3222=ADVANCED_FACE('',(#984),#825,.T.);
#3223=CLOSED_SHELL('',(#3064,#3065,#3066,#3067,#3068,#3069,#3070,#3071,
#3072,#3073,#3074,#3075,#3076,#3077,#3078,#3079,#3080,#3081,#3082,#3083,
#3084,#3085,#3086,#3087,#3088,#3089,#3090,#3091));
#3224=CLOSED_SHELL('',(#3092,#3093,#3094,#3095,#3096,#3097,#3098,#3099,
#3100,#3101,#3102,#3103,#3104,#3105,#3106,#3107,#3108,#3109,#3110,#3111,
#3112,#3113,#3114,#3115,#3116,#3117,#3118,#3119,#3120,#3121,#3122,#3123,
#3124,#3125,#3126,#3127,#3128,#3129,#3130,#3131,#3132,#3133,#3134,#3135,
#3136,#3137,#3138,#3139,#3140,#3141,#3142,#3143,#3144,#3145,#3146,#3147,
#3148,#3149,#3150,#3151,#3152,#3153,#3154,#3155,#3156,#3157,#3158,#3159,
#3160,#3161,#3162,#3163,#3164,#3165,#3166,#3167,#3168,#3169,#3170,#3171,
#3172,#3173,#3174,#3175,#3176,#3177,#3178,#3179,#3180,#3181,#3182,#3183,
#3184,#3185,#3186,#3187,#3188,#3189,#3190,#3191,#3192,#3193,#3194,#3195,
#3196,#3197,#3198,#3199,#3200,#3201,#3202,#3203,#3204,#3205,#3206,#3207,
#3208,#3209,#3210,#3211,#3212,#3213,#3214,#3215,#3216,#3217,#3218,#3219,
#3220,#3221,#3222));
#3225=DERIVED_UNIT_ELEMENT(#3227,1.);
#3226=DERIVED_UNIT_ELEMENT(#6360,-3.);
#3227=(
MASS_UNIT()
NAMED_UNIT(*)
SI_UNIT(.KILO.,.GRAM.)
);
#3228=DERIVED_UNIT((#3225,#3226));
#3229=MEASURE_REPRESENTATION_ITEM('density measure',
POSITIVE_RATIO_MEASURE(7850.),#3228);
#3230=PROPERTY_DEFINITION_REPRESENTATION(#3235,#3232);
#3231=PROPERTY_DEFINITION_REPRESENTATION(#3236,#3233);
#3232=REPRESENTATION('material name',(#3234),#6357);
#3233=REPRESENTATION('density',(#3229),#6357);
#3234=DESCRIPTIVE_REPRESENTATION_ITEM('\X2\92FC\X0\','\X2\92FC\X0\');
#3235=PROPERTY_DEFINITION('material property','material name',#6367);
#3236=PROPERTY_DEFINITION('material property','density of part',#6367);
#3237=AXIS2_PLACEMENT_3D('',#4059,#3397,#3398);
#3238=AXIS2_PLACEMENT_3D('',#4060,#3399,#3400);
#3239=AXIS2_PLACEMENT_3D('',#4101,#3401,#3402);
#3240=AXIS2_PLACEMENT_3D('',#4182,#3405,#3406);
#3241=AXIS2_PLACEMENT_3D('',#4262,#3409,#3410);
#3242=AXIS2_PLACEMENT_3D('',#4342,#3413,#3414);
#3243=AXIS2_PLACEMENT_3D('',#4581,#3419,#3420);
#3244=AXIS2_PLACEMENT_3D('',#4599,#3424,#3425);
#3245=AXIS2_PLACEMENT_3D('',#4603,#3428,#3429);
#3246=AXIS2_PLACEMENT_3D('',#4697,#3433,#3434);
#3247=AXIS2_PLACEMENT_3D('',#4713,#3437,#3438);
#3248=AXIS2_PLACEMENT_3D('',#4716,#3439,#3440);
#3249=AXIS2_PLACEMENT_3D('',#4720,#3442,#3443);
#3250=AXIS2_PLACEMENT_3D('',#4722,#3445,#3446);
#3251=AXIS2_PLACEMENT_3D('',#4728,#3450,#3451);
#3252=AXIS2_PLACEMENT_3D('',#4730,#3452,#3453);
#3253=AXIS2_PLACEMENT_3D('',#4732,#3454,#3455);
#3254=AXIS2_PLACEMENT_3D('',#4734,#3457,#3458);
#3255=AXIS2_PLACEMENT_3D('',#4740,#3462,#3463);
#3256=AXIS2_PLACEMENT_3D('',#4742,#3464,#3465);
#3257=AXIS2_PLACEMENT_3D('',#4744,#3466,#3467);
#3258=AXIS2_PLACEMENT_3D('',#4746,#3469,#3470);
#3259=AXIS2_PLACEMENT_3D('',#4752,#3474,#3475);
#3260=AXIS2_PLACEMENT_3D('',#4754,#3476,#3477);
#3261=AXIS2_PLACEMENT_3D('',#4756,#3478,#3479);
#3262=AXIS2_PLACEMENT_3D('',#4758,#3481,#3482);
#3263=AXIS2_PLACEMENT_3D('',#4762,#3486,#3487);
#3264=AXIS2_PLACEMENT_3D('',#4763,#3488,#3489);
#3265=AXIS2_PLACEMENT_3D('',#4764,#3490,#3491);
#3266=AXIS2_PLACEMENT_3D('',#4767,#3492,#3493);
#3267=AXIS2_PLACEMENT_3D('',#4771,#3495,#3496);
#3268=AXIS2_PLACEMENT_3D('',#4773,#3498,#3499);
#3269=AXIS2_PLACEMENT_3D('',#4779,#3503,#3504);
#3270=AXIS2_PLACEMENT_3D('',#4797,#3508,#3509);
#3271=AXIS2_PLACEMENT_3D('',#4850,#3528,#3529);
#3272=AXIS2_PLACEMENT_3D('',#4854,#3531,#3532);
#3273=AXIS2_PLACEMENT_3D('',#4858,#3534,#3535);
#3274=AXIS2_PLACEMENT_3D('',#4878,#3545,#3546);
#3275=AXIS2_PLACEMENT_3D('',#4901,#3555,#3556);
#3276=AXIS2_PLACEMENT_3D('',#4922,#3560,#3561);
#3277=AXIS2_PLACEMENT_3D('',#4925,#3562,#3563);
#3278=AXIS2_PLACEMENT_3D('',#4928,#3566,#3567);
#3279=AXIS2_PLACEMENT_3D('',#4930,#3568,#3569);
#3280=AXIS2_PLACEMENT_3D('',#4934,#3571,#3572);
#3281=AXIS2_PLACEMENT_3D('',#4936,#3574,#3575);
#3282=AXIS2_PLACEMENT_3D('',#4937,#3576,#3577);
#3283=AXIS2_PLACEMENT_3D('',#4938,#3578,#3579);
#3284=AXIS2_PLACEMENT_3D('',#4940,#3580,#3581);
#3285=AXIS2_PLACEMENT_3D('',#4943,#3584,#3585);
#3286=AXIS2_PLACEMENT_3D('',#4944,#3586,#3587);
#3287=AXIS2_PLACEMENT_3D('',#4945,#3588,#3589);
#3288=AXIS2_PLACEMENT_3D('',#4949,#3592,#3593);
#3289=AXIS2_PLACEMENT_3D('',#4950,#3594,#3595);
#3290=AXIS2_PLACEMENT_3D('',#4954,#3598,#3599);
#3291=AXIS2_PLACEMENT_3D('',#4994,#3601,#3602);
#3292=AXIS2_PLACEMENT_3D('',#4998,#3604,#3605);
#3293=AXIS2_PLACEMENT_3D('',#5000,#3607,#3608);
#3294=AXIS2_PLACEMENT_3D('',#5045,#3617,#3618);
#3295=AXIS2_PLACEMENT_3D('',#5131,#3632,#3633);
#3296=AXIS2_PLACEMENT_3D('',#5134,#3634,#3635);
#3297=AXIS2_PLACEMENT_3D('',#5138,#3637,#3638);
#3298=AXIS2_PLACEMENT_3D('',#5140,#3640,#3641);
#3299=AXIS2_PLACEMENT_3D('',#5144,#3643,#3644);
#3300=AXIS2_PLACEMENT_3D('',#5148,#3646,#3647);
#3301=AXIS2_PLACEMENT_3D('',#5152,#3649,#3650);
#3302=AXIS2_PLACEMENT_3D('',#5294,#3672,#3673);
#3303=AXIS2_PLACEMENT_3D('',#5298,#3676,#3677);
#3304=AXIS2_PLACEMENT_3D('',#5300,#3678,#3679);
#3305=AXIS2_PLACEMENT_3D('',#5302,#3681,#3682);
#3306=AXIS2_PLACEMENT_3D('',#5306,#3685,#3686);
#3307=AXIS2_PLACEMENT_3D('',#5341,#3689,#3690);
#3308=AXIS2_PLACEMENT_3D('',#5342,#3691,#3692);
#3309=AXIS2_PLACEMENT_3D('',#5343,#3693,#3694);
#3310=AXIS2_PLACEMENT_3D('',#5384,#3696,#3697);
#3311=AXIS2_PLACEMENT_3D('',#5385,#3698,#3699);
#3312=AXIS2_PLACEMENT_3D('',#5387,#3700,#3701);
#3313=AXIS2_PLACEMENT_3D('',#5388,#3702,#3703);
#3314=AXIS2_PLACEMENT_3D('',#5389,#3704,#3705);
#3315=AXIS2_PLACEMENT_3D('',#5391,#3707,#3708);
#3316=AXIS2_PLACEMENT_3D('',#5502,#3711,#3712);
#3317=AXIS2_PLACEMENT_3D('',#5543,#3714,#3715);
#3318=AXIS2_PLACEMENT_3D('',#5575,#3716,#3717);
#3319=AXIS2_PLACEMENT_3D('',#5582,#3718,#3719);
#3320=AXIS2_PLACEMENT_3D('',#5729,#3724,#3725);
#3321=AXIS2_PLACEMENT_3D('',#5758,#3733,#3734);
#3322=AXIS2_PLACEMENT_3D('',#5778,#3742,#3743);
#3323=AXIS2_PLACEMENT_3D('',#5784,#3747,#3748);
#3324=AXIS2_PLACEMENT_3D('',#5790,#3752,#3753);
#3325=AXIS2_PLACEMENT_3D('',#5796,#3757,#3758);
#3326=AXIS2_PLACEMENT_3D('',#5802,#3762,#3763);
#3327=AXIS2_PLACEMENT_3D('',#5808,#3767,#3768);
#3328=AXIS2_PLACEMENT_3D('',#5814,#3772,#3773);
#3329=AXIS2_PLACEMENT_3D('',#5822,#3778,#3779);
#3330=AXIS2_PLACEMENT_3D('',#5828,#3783,#3784);
#3331=AXIS2_PLACEMENT_3D('',#5834,#3788,#3789);
#3332=AXIS2_PLACEMENT_3D('',#5857,#3793,#3794);
#3333=AXIS2_PLACEMENT_3D('',#5865,#3796,#3797);
#3334=AXIS2_PLACEMENT_3D('',#5932,#3819,#3820);
#3335=AXIS2_PLACEMENT_3D('',#5945,#3828,#3829);
#3336=AXIS2_PLACEMENT_3D('',#5946,#3830,#3831);
#3337=AXIS2_PLACEMENT_3D('',#5952,#3835,#3836);
#3338=AXIS2_PLACEMENT_3D('',#5954,#3837,#3838);
#3339=AXIS2_PLACEMENT_3D('',#5958,#3841,#3842);
#3340=AXIS2_PLACEMENT_3D('',#5959,#3843,#3844);
#3341=AXIS2_PLACEMENT_3D('',#5963,#3847,#3848);
#3342=AXIS2_PLACEMENT_3D('',#5967,#3851,#3852);
#3343=AXIS2_PLACEMENT_3D('',#5969,#3854,#3855);
#3344=AXIS2_PLACEMENT_3D('',#5973,#3858,#3859);
#3345=AXIS2_PLACEMENT_3D('',#5980,#3861,#3862);
#3346=AXIS2_PLACEMENT_3D('',#5987,#3864,#3865);
#3347=AXIS2_PLACEMENT_3D('',#5993,#3869,#3870);
#3348=AXIS2_PLACEMENT_3D('',#5999,#3874,#3875);
#3349=AXIS2_PLACEMENT_3D('',#6002,#3878,#3879);
#3350=AXIS2_PLACEMENT_3D('',#6008,#3883,#3884);
#3351=AXIS2_PLACEMENT_3D('',#6014,#3888,#3889);
#3352=AXIS2_PLACEMENT_3D('',#6017,#3892,#3893);
#3353=AXIS2_PLACEMENT_3D('',#6021,#3896,#3897);
#3354=AXIS2_PLACEMENT_3D('',#6025,#3900,#3901);
#3355=AXIS2_PLACEMENT_3D('',#6027,#3903,#3904);
#3356=AXIS2_PLACEMENT_3D('',#6031,#3907,#3908);
#3357=AXIS2_PLACEMENT_3D('',#6035,#3911,#3912);
#3358=AXIS2_PLACEMENT_3D('',#6037,#3914,#3915);
#3359=AXIS2_PLACEMENT_3D('',#6043,#3919,#3920);
#3360=AXIS2_PLACEMENT_3D('',#6049,#3924,#3925);
#3361=AXIS2_PLACEMENT_3D('',#6052,#3928,#3929);
#3362=AXIS2_PLACEMENT_3D('',#6055,#3932,#3933);
#3363=AXIS2_PLACEMENT_3D('',#6058,#3936,#3937);
#3364=AXIS2_PLACEMENT_3D('',#6061,#3940,#3941);
#3365=AXIS2_PLACEMENT_3D('',#6064,#3944,#3945);
#3366=AXIS2_PLACEMENT_3D('',#6067,#3948,#3949);
#3367=AXIS2_PLACEMENT_3D('',#6077,#3951,#3952);
#3368=AXIS2_PLACEMENT_3D('',#6078,#3953,#3954);
#3369=AXIS2_PLACEMENT_3D('',#6089,#3957,#3958);
#3370=AXIS2_PLACEMENT_3D('',#6107,#3960,#3961);
#3371=AXIS2_PLACEMENT_3D('',#6119,#3965,#3966);
#3372=AXIS2_PLACEMENT_3D('',#6130,#3969,#3970);
#3373=AXIS2_PLACEMENT_3D('',#6142,#3974,#3975);
#3374=AXIS2_PLACEMENT_3D('',#6153,#3978,#3979);
#3375=AXIS2_PLACEMENT_3D('',#6165,#3983,#3984);
#3376=AXIS2_PLACEMENT_3D('',#6176,#3987,#3988);
#3377=AXIS2_PLACEMENT_3D('',#6188,#3992,#3993);
#3378=AXIS2_PLACEMENT_3D('',#6209,#3998,#3999);
#3379=AXIS2_PLACEMENT_3D('',#6210,#4000,#4001);
#3380=AXIS2_PLACEMENT_3D('',#6212,#4003,#4004);
#3381=AXIS2_PLACEMENT_3D('',#6222,#4006,#4007);
#3382=AXIS2_PLACEMENT_3D('',#6233,#4010,#4011);
#3383=AXIS2_PLACEMENT_3D('',#6243,#4013,#4014);
#3384=AXIS2_PLACEMENT_3D('',#6254,#4017,#4018);
#3385=AXIS2_PLACEMENT_3D('',#6264,#4020,#4021);
#3386=AXIS2_PLACEMENT_3D('',#6275,#4024,#4025);
#3387=AXIS2_PLACEMENT_3D('',#6285,#4027,#4028);
#3388=AXIS2_PLACEMENT_3D('',#6296,#4031,#4032);
#3389=AXIS2_PLACEMENT_3D('',#6297,#4033,#4034);
#3390=AXIS2_PLACEMENT_3D('',#6298,#4035,#4036);
#3391=AXIS2_PLACEMENT_3D('',#6300,#4038,#4039);
#3392=AXIS2_PLACEMENT_3D('',#6311,#4042,#4043);
#3393=AXIS2_PLACEMENT_3D('',#6330,#4046,#4047);
#3394=AXIS2_PLACEMENT_3D('',#6341,#4050,#4051);
#3395=AXIS2_PLACEMENT_3D('',#6352,#4054,#4055);
#3396=AXIS2_PLACEMENT_3D('',#6354,#4057,#4058);
#3397=DIRECTION('axis',(0.,0.,1.));
#3398=DIRECTION('refdir',(1.,0.,0.));
#3399=DIRECTION('center_axis',(0.,0.,1.));
#3400=DIRECTION('ref_axis',(1.,0.,0.));
#3401=DIRECTION('center_axis',(0.,-1.,0.));
#3402=DIRECTION('ref_axis',(-0.707106781186553,0.,0.707106781186542));
#3403=DIRECTION('',(0.,1.,0.));
#3404=DIRECTION('',(0.,-1.,0.));
#3405=DIRECTION('center_axis',(-1.,-1.83055801419927E-10,0.));
#3406=DIRECTION('ref_axis',(-1.29476104512899E-10,0.707106781186548,0.707106781186547));
#3407=DIRECTION('',(1.,1.83055801419927E-10,0.));
#3408=DIRECTION('',(-1.,-1.83055801419927E-10,0.));
#3409=DIRECTION('center_axis',(1.20314482157555E-9,1.,0.));
#3410=DIRECTION('ref_axis',(0.707106781186553,-8.50751458552881E-10,0.707106781186542));
#3411=DIRECTION('',(-1.20314482157555E-9,-1.,0.));
#3412=DIRECTION('',(1.20314482157555E-9,1.,0.));
#3413=DIRECTION('center_axis',(1.,0.,0.));
#3414=DIRECTION('ref_axis',(0.,-0.707106781186548,0.707106781186547));
#3415=DIRECTION('',(1.,0.,0.));
#3416=DIRECTION('',(-1.,0.,0.));
#3417=DIRECTION('',(0.,0.,1.));
#3418=DIRECTION('',(0.,0.,1.));
#3419=DIRECTION('center_axis',(1.,-1.20314482157555E-9,0.));
#3420=DIRECTION('ref_axis',(1.20314482157555E-9,1.,0.));
#3421=DIRECTION('',(0.,0.,1.));
#3422=DIRECTION('',(-1.20314482157555E-9,-1.,0.));
#3423=DIRECTION('',(0.,0.,1.));
#3424=DIRECTION('center_axis',(0.,-1.,0.));
#3425=DIRECTION('ref_axis',(1.,0.,0.));
#3426=DIRECTION('',(0.,0.,1.));
#3427=DIRECTION('',(-1.,0.,0.));
#3428=DIRECTION('center_axis',(0.,0.,1.));
#3429=DIRECTION('ref_axis',(1.,0.,0.));
#3430=DIRECTION('',(0.,0.,1.));
#3431=DIRECTION('',(0.,0.,1.));
#3432=DIRECTION('',(0.,0.,1.));
#3433=DIRECTION('center_axis',(-1.,0.,0.));
#3434=DIRECTION('ref_axis',(0.,-1.,0.));
#3435=DIRECTION('',(0.,1.,0.));
#3436=DIRECTION('',(0.,0.,1.));
#3437=DIRECTION('center_axis',(0.,0.,1.));
#3438=DIRECTION('ref_axis',(-3.36823546831953E-7,0.999999999999943,0.));
#3439=DIRECTION('center_axis',(0.,0.,-1.));
#3440=DIRECTION('ref_axis',(-3.36823546831953E-7,0.999999999999943,0.));
#3441=DIRECTION('',(0.,0.,1.));
#3442=DIRECTION('center_axis',(0.,0.,1.));
#3443=DIRECTION('ref_axis',(-3.36823546831953E-7,0.999999999999943,0.));
#3444=DIRECTION('',(0.,0.,1.));
#3445=DIRECTION('center_axis',(1.,-4.79216683220064E-10,0.));
#3446=DIRECTION('ref_axis',(4.79216683220064E-10,1.,0.));
#3447=DIRECTION('',(-4.79216683220064E-10,-1.,0.));
#3448=DIRECTION('',(4.79216683220064E-10,1.,0.));
#3449=DIRECTION('',(0.,0.,1.));
#3450=DIRECTION('center_axis',(0.,0.,1.));
#3451=DIRECTION('ref_axis',(0.999999999999973,2.3371108159835E-7,0.));
#3452=DIRECTION('center_axis',(0.,0.,-1.));
#3453=DIRECTION('ref_axis',(0.999999999999973,2.3371108159835E-7,0.));
#3454=DIRECTION('center_axis',(0.,0.,1.));
#3455=DIRECTION('ref_axis',(0.999999999999973,2.3371108159835E-7,0.));
#3456=DIRECTION('',(0.,0.,1.));
#3457=DIRECTION('center_axis',(-6.5897449434462E-11,-1.,0.));
#3458=DIRECTION('ref_axis',(1.,-6.5897449434462E-11,0.));
#3459=DIRECTION('',(-1.,6.5897449434462E-11,0.));
#3460=DIRECTION('',(1.,-6.5897449434462E-11,0.));
#3461=DIRECTION('',(0.,0.,1.));
#3462=DIRECTION('center_axis',(0.,0.,1.));
#3463=DIRECTION('ref_axis',(3.36858150262108E-7,-0.999999999999943,0.));
#3464=DIRECTION('center_axis',(0.,0.,-1.));
#3465=DIRECTION('ref_axis',(3.36858150262108E-7,-0.999999999999943,0.));
#3466=DIRECTION('center_axis',(0.,0.,1.));
#3467=DIRECTION('ref_axis',(3.36858150262108E-7,-0.999999999999943,0.));
#3468=DIRECTION('',(0.,0.,1.));
#3469=DIRECTION('center_axis',(-1.,0.,0.));
#3470=DIRECTION('ref_axis',(0.,-1.,0.));
#3471=DIRECTION('',(0.,1.,0.));
#3472=DIRECTION('',(0.,-1.,0.));
#3473=DIRECTION('',(0.,0.,1.));
#3474=DIRECTION('center_axis',(0.,0.,1.));
#3475=DIRECTION('ref_axis',(-0.999999999999973,-2.33690395922822E-7,0.));
#3476=DIRECTION('center_axis',(0.,0.,-1.));
#3477=DIRECTION('ref_axis',(-0.999999999999973,-2.33690395922822E-7,0.));
#3478=DIRECTION('center_axis',(0.,0.,1.));
#3479=DIRECTION('ref_axis',(-0.999999999999973,-2.33690395922822E-7,0.));
#3480=DIRECTION('',(0.,0.,1.));
#3481=DIRECTION('center_axis',(-1.83055801419927E-10,1.,0.));
#3482=DIRECTION('ref_axis',(-1.,-1.83055801419927E-10,0.));
#3483=DIRECTION('',(-1.,-1.83055801419927E-10,0.));
#3484=DIRECTION('',(1.,1.83055801419927E-10,0.));
#3485=DIRECTION('',(-1.,-1.83055801419927E-10,0.));
#3486=DIRECTION('center_axis',(0.,0.,1.));
#3487=DIRECTION('ref_axis',(1.,0.,0.));
#3488=DIRECTION('center_axis',(0.,0.,1.));
#3489=DIRECTION('ref_axis',(1.,0.,0.));
#3490=DIRECTION('center_axis',(0.,0.,-1.));
#3491=DIRECTION('ref_axis',(0.707106781186547,-0.707106781186547,0.));
#3492=DIRECTION('center_axis',(0.,0.,1.));
#3493=DIRECTION('ref_axis',(0.707106781186547,-0.707106781186547,0.));
#3494=DIRECTION('',(0.,0.,1.));
#3495=DIRECTION('center_axis',(0.,0.,-1.));
#3496=DIRECTION('ref_axis',(0.707106781186547,-0.707106781186547,0.));
#3497=DIRECTION('',(0.,0.,-1.));
#3498=DIRECTION('center_axis',(-1.26394615756997E-14,-1.,0.));
#3499=DIRECTION('ref_axis',(1.,-1.26394615756997E-14,0.));
#3500=DIRECTION('',(1.,-1.26394615756997E-14,0.));
#3501=DIRECTION('',(0.,0.,1.));
#3502=DIRECTION('',(-1.,1.26394615756997E-14,0.));
#3503=DIRECTION('center_axis',(0.,0.,1.));
#3504=DIRECTION('ref_axis',(1.,0.,0.));
#3505=DIRECTION('',(0.,1.,0.));
#3506=DIRECTION('',(-1.,2.19683979863669E-10,0.));
#3507=DIRECTION('',(-1.78944633151535E-8,1.,0.));
#3508=DIRECTION('center_axis',(0.,0.,1.));
#3509=DIRECTION('ref_axis',(-5.4171062894672E-7,0.999999999999853,0.));
#3510=DIRECTION('',(0.,-1.,0.));
#3511=DIRECTION('',(1.,0.,0.));
#3512=DIRECTION('',(0.,-1.,0.));
#3513=DIRECTION('',(-1.,0.,0.));
#3514=DIRECTION('',(0.,-1.,0.));
#3515=DIRECTION('',(1.,0.,0.));
#3516=DIRECTION('',(0.,-1.,0.));
#3517=DIRECTION('',(-1.,0.,0.));
#3518=DIRECTION('',(1.,-6.35080910494659E-15,0.));
#3519=DIRECTION('',(0.,1.,0.));
#3520=DIRECTION('',(1.,0.,0.));
#3521=DIRECTION('',(0.,-1.,0.));
#3522=DIRECTION('',(1.,-6.35080910494659E-15,0.));
#3523=DIRECTION('',(0.,1.,0.));
#3524=DIRECTION('',(1.,0.,0.));
#3525=DIRECTION('',(0.,-1.,0.));
#3526=DIRECTION('',(1.,-6.35080910494659E-15,0.));
#3527=DIRECTION('',(-6.85464454160731E-13,-1.,0.));
#3528=DIRECTION('center_axis',(0.,0.,-1.));
#3529=DIRECTION('ref_axis',(0.707106781186311,-0.707106781186785,0.));
#3530=DIRECTION('',(-1.,3.18046604063582E-15,0.));
#3531=DIRECTION('center_axis',(0.,0.,-1.));
#3532=DIRECTION('ref_axis',(-0.707106781186553,-0.707106781186542,0.));
#3533=DIRECTION('',(0.,1.,0.));
#3534=DIRECTION('center_axis',(0.,0.,-1.));
#3535=DIRECTION('ref_axis',(-0.999999999999755,6.99912004896121E-7,0.));
#3536=DIRECTION('',(1.,7.60185641374444E-14,0.));
#3537=DIRECTION('',(0.,1.,0.));
#3538=DIRECTION('',(1.,0.,0.));
#3539=DIRECTION('',(0.,-1.,0.));
#3540=DIRECTION('',(1.,7.60185641374444E-14,0.));
#3541=DIRECTION('',(0.,1.,0.));
#3542=DIRECTION('',(1.,0.,0.));
#3543=DIRECTION('',(0.,-1.,0.));
#3544=DIRECTION('',(1.,7.60185641374444E-14,0.));
#3545=DIRECTION('center_axis',(0.,0.,1.));
#3546=DIRECTION('ref_axis',(-1.10526446984521E-6,-0.999999999999389,0.));
#3547=DIRECTION('',(-1.,0.,0.));
#3548=DIRECTION('',(0.,1.,0.));
#3549=DIRECTION('',(1.,0.,0.));
#3550=DIRECTION('',(-1.36773044669321E-13,1.,0.));
#3551=DIRECTION('',(-1.,0.,0.));
#3552=DIRECTION('',(0.,1.,0.));
#3553=DIRECTION('',(1.,0.,0.));
#3554=DIRECTION('',(-1.36773044669321E-13,1.,0.));
#3555=DIRECTION('center_axis',(0.,0.,1.));
#3556=DIRECTION('ref_axis',(-0.999999999999986,1.68360543284466E-7,0.));
#3557=DIRECTION('',(1.78943884151412E-8,-1.,0.));
#3558=DIRECTION('',(-1.,-1.92636127696275E-8,0.));
#3559=DIRECTION('',(0.,-1.,0.));
#3560=DIRECTION('center_axis',(0.,0.,1.));
#3561=DIRECTION('ref_axis',(0.707106781186311,-0.707106781186785,0.));
#3562=DIRECTION('center_axis',(0.,0.,-1.));
#3563=DIRECTION('ref_axis',(1.,-6.85007606193712E-13,0.));
#3564=DIRECTION('',(0.,0.,-1.));
#3565=DIRECTION('',(0.,0.,1.));
#3566=DIRECTION('center_axis',(-1.,3.18046604063582E-15,0.));
#3567=DIRECTION('ref_axis',(0.,-0.707106781186548,0.707106781186548));
#3568=DIRECTION('center_axis',(-1.,0.,0.));
#3569=DIRECTION('ref_axis',(0.,-1.,0.));
#3570=DIRECTION('',(-1.,3.18046604063582E-15,0.));
#3571=DIRECTION('center_axis',(1.,0.,0.));
#3572=DIRECTION('ref_axis',(0.,1.11022302462516E-15,1.));
#3573=DIRECTION('',(1.,-3.18046604063582E-15,0.));
#3574=DIRECTION('center_axis',(-0.816496580927821,-0.408248290463907,0.408248290463628));
#3575=DIRECTION('ref_axis',(0.577350269189487,-0.577350269189892,0.577350269189498));
#3576=DIRECTION('center_axis',(-6.85464454160731E-13,-1.,0.));
#3577=DIRECTION('ref_axis',(0.707106781186549,-4.8405723873657E-13,0.707106781186546));
#3578=DIRECTION('center_axis',(0.,0.,1.));
#3579=DIRECTION('ref_axis',(-0.707106781186553,-0.707106781186542,0.));
#3580=DIRECTION('center_axis',(0.,0.,-1.));
#3581=DIRECTION('ref_axis',(0.,-1.,0.));
#3582=DIRECTION('',(0.,0.,-1.));
#3583=DIRECTION('',(0.,0.,1.));
#3584=DIRECTION('center_axis',(-0.408248290463861,-0.408248290463859,-0.816496580927729));
#3585=DIRECTION('ref_axis',(-0.577350269189626,-0.577350269189626,0.577350269189626));
#3586=DIRECTION('center_axis',(0.,-1.,0.));
#3587=DIRECTION('ref_axis',(-0.707106781186549,0.,0.707106781186546));
#3588=DIRECTION('center_axis',(1.,-6.85464454160731E-13,0.));
#3589=DIRECTION('ref_axis',(6.85464454160731E-13,1.,0.));
#3590=DIRECTION('',(0.,0.,1.));
#3591=DIRECTION('',(6.85464454160731E-13,1.,0.));
#3592=DIRECTION('center_axis',(-3.18046604063582E-15,-1.,0.));
#3593=DIRECTION('ref_axis',(1.,-3.18046604063582E-15,0.));
#3594=DIRECTION('center_axis',(1.,0.,0.));
#3595=DIRECTION('ref_axis',(0.,1.,0.));
#3596=DIRECTION('',(0.,-1.,0.));
#3597=DIRECTION('',(0.,0.,1.));
#3598=DIRECTION('center_axis',(6.85464454160731E-13,1.,0.));
#3599=DIRECTION('ref_axis',(0.707106781186552,-4.83588477274599E-13,0.707106781186543));
#3600=DIRECTION('',(-6.85464454160731E-13,-1.,0.));
#3601=DIRECTION('center_axis',(0.,-1.,0.));
#3602=DIRECTION('ref_axis',(-0.707106781186552,0.,0.707106781186543));
#3603=DIRECTION('',(0.,1.,0.));
#3604=DIRECTION('center_axis',(0.0995037190203892,0.99503719021005,0.));
#3605=DIRECTION('ref_axis',(-0.99503719021005,0.0995037190203892,0.));
#3606=DIRECTION('',(0.,-1.,0.));
#3607=DIRECTION('center_axis',(0.,0.,1.));
#3608=DIRECTION('ref_axis',(1.,0.,0.));
#3609=DIRECTION('',(1.,-6.35080910494659E-15,0.));
#3610=DIRECTION('',(0.,-1.,0.));
#3611=DIRECTION('',(1.,0.,0.));
#3612=DIRECTION('',(-1.20319994052767E-9,-1.,0.));
#3613=DIRECTION('',(-1.,0.,0.));
#3614=DIRECTION('',(0.,1.,0.));
#3615=DIRECTION('',(1.,0.,0.));
#3616=DIRECTION('',(-1.36773044669321E-13,1.,0.));
#3617=DIRECTION('center_axis',(0.,0.,1.));
#3618=DIRECTION('ref_axis',(0.707106301694799,-0.70710726067797,0.));
#3619=DIRECTION('',(1.,7.60185641374444E-14,0.));
#3620=DIRECTION('',(-1.20319994052768E-9,-1.,0.));
#3621=DIRECTION('',(-1.,4.44089086956671E-15,0.));
#3622=DIRECTION('',(0.,1.,0.));
#3623=DIRECTION('',(1.,1.50400675719647E-10,0.));
#3624=DIRECTION('',(0.,-1.,0.));
#3625=DIRECTION('',(-1.,-1.98132054180673E-14,0.));
#3626=DIRECTION('',(-1.20319994022614E-9,1.,0.));
#3627=DIRECTION('',(1.,1.50400675719643E-10,0.));
#3628=DIRECTION('',(-1.2030469005963E-9,-1.,0.));
#3629=DIRECTION('',(-1.,4.44089086956681E-15,0.));
#3630=DIRECTION('',(0.,1.,0.));
#3631=DIRECTION('',(1.,1.50400675719647E-10,0.));
#3632=DIRECTION('center_axis',(0.,0.,1.));
#3633=DIRECTION('ref_axis',(0.707106781186142,-0.707106781186953,0.));
#3634=DIRECTION('center_axis',(0.,0.,-1.));
#3635=DIRECTION('ref_axis',(0.707106781186142,-0.707106781186953,0.));
#3636=DIRECTION('',(0.,0.,-1.));
#3637=DIRECTION('center_axis',(0.,0.,-1.));
#3638=DIRECTION('ref_axis',(0.707106781186142,-0.707106781186953,0.));
#3639=DIRECTION('',(0.,0.,1.));
#3640=DIRECTION('center_axis',(0.,0.,1.));
#3641=DIRECTION('ref_axis',(1.,0.,0.));
#3642=DIRECTION('',(-1.,-5.76724463448021E-13,0.));
#3643=DIRECTION('center_axis',(0.,0.,-1.));
#3644=DIRECTION('ref_axis',(-0.70710678118637,-0.707106781186726,0.));
#3645=DIRECTION('',(0.,-1.,0.));
#3646=DIRECTION('center_axis',(0.,0.,1.));
#3647=DIRECTION('ref_axis',(-0.999999999999991,1.38065396152665E-7,0.));
#3648=DIRECTION('',(-1.,-3.71253417056187E-14,0.));
#3649=DIRECTION('center_axis',(0.,0.,-1.));
#3650=DIRECTION('ref_axis',(-7.15171461920788E-7,-0.999999999999744,0.));
#3651=DIRECTION('',(0.,-1.,0.));
#3652=DIRECTION('',(-1.,7.21644961411644E-15,0.));
#3653=DIRECTION('',(-1.82364065431714E-13,1.,0.));
#3654=DIRECTION('',(-1.,0.,0.));
#3655=DIRECTION('',(1.63842742703244E-12,1.,0.));
#3656=DIRECTION('',(1.,1.50400675719643E-10,0.));
#3657=DIRECTION('',(-1.20319994022614E-9,1.,0.));
#3658=DIRECTION('',(-1.,-1.98132054180673E-14,0.));
#3659=DIRECTION('',(0.,-1.,0.));
#3660=DIRECTION('',(1.,1.50402725361584E-10,0.));
#3661=DIRECTION('',(0.,1.,0.));
#3662=DIRECTION('',(-1.,0.,0.));
#3663=DIRECTION('',(-1.20319994052767E-9,-1.,0.));
#3664=DIRECTION('',(1.,1.50400675719647E-10,0.));
#3665=DIRECTION('',(0.,1.,0.));
#3666=DIRECTION('',(-1.,4.44089086956671E-15,0.));
#3667=DIRECTION('',(-1.20319994052768E-9,-1.,0.));
#3668=DIRECTION('',(1.,1.50400675719647E-10,0.));
#3669=DIRECTION('',(0.,1.,0.));
#3670=DIRECTION('',(-1.,4.44089086956681E-15,0.));
#3671=DIRECTION('',(-1.2030469005963E-9,-1.,0.));
#3672=DIRECTION('center_axis',(5.76724463448021E-13,-1.,0.));
#3673=DIRECTION('ref_axis',(1.,5.76724463448021E-13,0.));
#3674=DIRECTION('',(-1.,-5.76724463448021E-13,0.));
#3675=DIRECTION('',(0.,0.,-1.));
#3676=DIRECTION('center_axis',(0.,0.,1.));
#3677=DIRECTION('ref_axis',(-0.70710678118637,-0.707106781186726,0.));
#3678=DIRECTION('center_axis',(0.,0.,-1.));
#3679=DIRECTION('ref_axis',(-0.70710678118637,-0.707106781186726,0.));
#3680=DIRECTION('',(0.,0.,1.));
#3681=DIRECTION('center_axis',(-1.,0.,0.));
#3682=DIRECTION('ref_axis',(0.,-1.,0.));
#3683=DIRECTION('',(0.,-1.,0.));
#3684=DIRECTION('',(0.,0.,1.));
#3685=DIRECTION('center_axis',(1.,-1.63842742703244E-12,0.));
#3686=DIRECTION('ref_axis',(1.63842742703244E-12,1.,0.));
#3687=DIRECTION('',(0.,0.,1.));
#3688=DIRECTION('',(1.63842742703244E-12,1.,0.));
#3689=DIRECTION('center_axis',(-0.995037190210044,-0.099503719020455,1.38089149865427E-17));
#3690=DIRECTION('ref_axis',(-0.099503719020455,0.995037190210043,0.));
#3691=DIRECTION('center_axis',(0.,0.,1.));
#3692=DIRECTION('ref_axis',(-7.89491928621798E-14,1.,0.));
#3693=DIRECTION('center_axis',(1.36773044669321E-13,-1.,0.));
#3694=DIRECTION('ref_axis',(-0.707106781186552,-9.65606862090514E-14,0.707106781186543));
#3695=DIRECTION('',(1.36773044669321E-13,-1.,0.));
#3696=DIRECTION('center_axis',(-1.36557432028892E-13,1.,0.));
#3697=DIRECTION('ref_axis',(-1.,-1.36557432028892E-13,0.));
#3698=DIRECTION('center_axis',(0.,0.,-1.));
#3699=DIRECTION('ref_axis',(-1.,0.,0.));
#3700=DIRECTION('center_axis',(0.999999999999389,-1.10526446661652E-6,0.));
#3701=DIRECTION('ref_axis',(1.10526446661652E-6,0.999999999999389,0.));
#3702=DIRECTION('center_axis',(0.,0.,-1.));
#3703=DIRECTION('ref_axis',(0.7071063016948,-0.70710726067797,0.));
#3704=DIRECTION('center_axis',(-1.,-7.60185641374444E-14,0.));
#3705=DIRECTION('ref_axis',(-5.02429586778808E-14,0.707106781186547,0.707106781186548));
#3706=DIRECTION('',(-1.,-7.60185641374444E-14,0.));
#3707=DIRECTION('center_axis',(-1.,0.,0.));
#3708=DIRECTION('ref_axis',(0.,0.707106781186547,0.707106781186548));
#3709=DIRECTION('',(-1.,0.,0.));
#3710=DIRECTION('',(1.,0.,0.));
#3711=DIRECTION('center_axis',(-1.,6.35080910494659E-15,0.));
#3712=DIRECTION('ref_axis',(0.,0.707106781186547,0.707106781186548));
#3713=DIRECTION('',(-1.,6.35080910494659E-15,0.));
#3714=DIRECTION('center_axis',(1.,0.,0.));
#3715=DIRECTION('ref_axis',(0.,1.,0.));
#3716=DIRECTION('center_axis',(2.45885815181042E-7,-0.99999999999997,0.));
#3717=DIRECTION('ref_axis',(0.99999999999997,2.45885815181042E-7,0.));
#3718=DIRECTION('center_axis',(0.,1.,0.));
#3719=DIRECTION('ref_axis',(0.707106781186552,0.,0.707106781186543));
#3720=DIRECTION('',(0.,1.,0.));
#3721=DIRECTION('',(0.,0.,1.));
#3722=DIRECTION('',(0.,0.,1.));
#3723=DIRECTION('',(0.,0.,1.));
#3724=DIRECTION('center_axis',(1.,0.,0.));
#3725=DIRECTION('ref_axis',(0.,1.,0.));
#3726=DIRECTION('',(0.,0.,1.));
#3727=DIRECTION('',(0.,1.,0.));
#3728=DIRECTION('',(0.,0.,-1.));
#3729=DIRECTION('',(0.,0.,1.));
#3730=DIRECTION('',(0.,1.,0.));
#3731=DIRECTION('',(0.,0.,-1.));
#3732=DIRECTION('',(0.,0.,1.));
#3733=DIRECTION('center_axis',(6.35080910494659E-15,1.,0.));
#3734=DIRECTION('ref_axis',(-1.,6.35080910494659E-15,0.));
#3735=DIRECTION('',(0.,0.,1.));
#3736=DIRECTION('',(0.,0.,1.));
#3737=DIRECTION('',(-1.,6.35080910494659E-15,0.));
#3738=DIRECTION('',(0.,0.,-1.));
#3739=DIRECTION('',(0.,0.,1.));
#3740=DIRECTION('',(-1.,6.35080910494659E-15,0.));
#3741=DIRECTION('',(0.,0.,-1.));
#3742=DIRECTION('center_axis',(0.,1.,0.));
#3743=DIRECTION('ref_axis',(0.,0.,1.));
#3744=DIRECTION('',(0.,0.,1.));
#3745=DIRECTION('',(-1.,0.,0.));
#3746=DIRECTION('',(0.,0.,-1.));
#3747=DIRECTION('center_axis',(0.,1.,0.));
#3748=DIRECTION('ref_axis',(0.,0.,1.));
#3749=DIRECTION('',(0.,0.,1.));
#3750=DIRECTION('',(-1.,0.,0.));
#3751=DIRECTION('',(0.,0.,-1.));
#3752=DIRECTION('center_axis',(0.,1.,0.));
#3753=DIRECTION('ref_axis',(0.,0.,1.));
#3754=DIRECTION('',(0.,0.,1.));
#3755=DIRECTION('',(-1.,0.,0.));
#3756=DIRECTION('',(0.,0.,-1.));
#3757=DIRECTION('center_axis',(0.,1.,0.));
#3758=DIRECTION('ref_axis',(0.,0.,1.));
#3759=DIRECTION('',(0.,0.,1.));
#3760=DIRECTION('',(-1.,0.,0.));
#3761=DIRECTION('',(0.,0.,-1.));
#3762=DIRECTION('center_axis',(-1.,0.,0.));
#3763=DIRECTION('ref_axis',(0.,0.,1.));
#3764=DIRECTION('',(0.,0.,1.));
#3765=DIRECTION('',(0.,-1.,0.));
#3766=DIRECTION('',(0.,0.,-1.));
#3767=DIRECTION('center_axis',(-1.,0.,0.));
#3768=DIRECTION('ref_axis',(0.,0.,1.));
#3769=DIRECTION('',(0.,-1.,0.));
#3770=DIRECTION('',(0.,0.,-1.));
#3771=DIRECTION('',(0.,0.,1.));
#3772=DIRECTION('center_axis',(0.,-1.,0.));
#3773=DIRECTION('ref_axis',(1.,0.,0.));
#3774=DIRECTION('',(0.,0.,-1.));
#3775=DIRECTION('',(1.,0.,0.));
#3776=DIRECTION('',(0.,0.,1.));
#3777=DIRECTION('',(1.,0.,0.));
#3778=DIRECTION('center_axis',(1.,0.,0.));
#3779=DIRECTION('ref_axis',(0.,0.,-1.));
#3780=DIRECTION('',(0.,0.,-1.));
#3781=DIRECTION('',(0.,0.,1.));
#3782=DIRECTION('',(0.,1.,0.));
#3783=DIRECTION('center_axis',(1.,0.,0.));
#3784=DIRECTION('ref_axis',(0.,0.,-1.));
#3785=DIRECTION('',(0.,0.,1.));
#3786=DIRECTION('',(0.,1.,0.));
#3787=DIRECTION('',(0.,0.,-1.));
#3788=DIRECTION('center_axis',(0.,0.,1.));
#3789=DIRECTION('ref_axis',(1.,0.,0.));
#3790=DIRECTION('',(0.,1.,0.));
#3791=DIRECTION('',(1.,1.92636127696275E-8,0.));
#3792=DIRECTION('',(-1.78943884151412E-8,1.,0.));
#3793=DIRECTION('center_axis',(0.,0.,-1.));
#3794=DIRECTION('ref_axis',(-0.999999999999986,1.68360543284466E-7,0.));
#3795=DIRECTION('',(1.,0.,0.));
#3796=DIRECTION('center_axis',(0.,0.,-1.));
#3797=DIRECTION('ref_axis',(-5.4171062894672E-7,0.999999999999853,0.));
#3798=DIRECTION('',(1.78944633151535E-8,-1.,0.));
#3799=DIRECTION('',(1.,-2.19683979863669E-10,0.));
#3800=DIRECTION('',(-1.,0.,0.));
#3801=DIRECTION('',(0.,1.,0.));
#3802=DIRECTION('',(0.,-1.,0.));
#3803=DIRECTION('',(-1.,0.,0.));
#3804=DIRECTION('',(0.,1.,0.));
#3805=DIRECTION('',(0.,-1.,0.));
#3806=DIRECTION('',(-1.,0.,0.));
#3807=DIRECTION('',(1.,0.,0.));
#3808=DIRECTION('',(-1.,0.,0.));
#3809=DIRECTION('',(-1.82364065431714E-13,1.,0.));
#3810=DIRECTION('',(1.,0.,0.));
#3811=DIRECTION('',(-1.,0.,0.));
#3812=DIRECTION('',(-1.82364065431714E-13,1.,0.));
#3813=DIRECTION('',(-1.,7.21644961411644E-15,0.));
#3814=DIRECTION('',(0.,-1.,0.));
#3815=DIRECTION('',(-1.,0.,0.));
#3816=DIRECTION('',(1.,0.,0.));
#3817=DIRECTION('',(0.,-1.,0.));
#3818=DIRECTION('',(-1.,0.,0.));
#3819=DIRECTION('center_axis',(0.,0.,-1.));
#3820=DIRECTION('ref_axis',(-7.15171461920788E-7,-0.999999999999744,0.));
#3821=DIRECTION('',(-1.,-3.71253417056187E-14,0.));
#3822=DIRECTION('',(0.,1.,0.));
#3823=DIRECTION('',(0.,-1.,0.));
#3824=DIRECTION('',(-1.,-3.71253417056187E-14,0.));
#3825=DIRECTION('',(0.,1.,0.));
#3826=DIRECTION('',(0.,-1.,0.));
#3827=DIRECTION('',(-1.,-3.71253417056187E-14,0.));
#3828=DIRECTION('center_axis',(0.,0.,1.));
#3829=DIRECTION('ref_axis',(-0.999999999999991,1.38065396152665E-7,0.));
#3830=DIRECTION('center_axis',(0.,1.,0.));
#3831=DIRECTION('ref_axis',(-1.,0.,0.));
#3832=DIRECTION('',(0.,0.,-1.));
#3833=DIRECTION('',(-1.,0.,0.));
#3834=DIRECTION('',(0.,0.,1.));
#3835=DIRECTION('center_axis',(0.,0.,1.));
#3836=DIRECTION('ref_axis',(1.,0.,0.));
#3837=DIRECTION('center_axis',(0.,0.,-1.));
#3838=DIRECTION('ref_axis',(-1.10526446984521E-6,-0.999999999999389,0.));
#3839=DIRECTION('',(1.36773044669321E-13,-1.,0.));
#3840=DIRECTION('',(0.,1.,0.));
#3841=DIRECTION('center_axis',(0.,0.,1.));
#3842=DIRECTION('ref_axis',(-7.15171461920788E-7,-0.999999999999744,0.));
#3843=DIRECTION('center_axis',(1.,0.,0.));
#3844=DIRECTION('ref_axis',(0.,1.,0.));
#3845=DIRECTION('',(0.,0.,-1.));
#3846=DIRECTION('',(0.,1.,0.));
#3847=DIRECTION('center_axis',(-1.,0.,0.));
#3848=DIRECTION('ref_axis',(0.,-1.,0.));
#3849=DIRECTION('',(0.,-1.,0.));
#3850=DIRECTION('',(0.,0.,1.));
#3851=DIRECTION('center_axis',(0.,0.,1.));
#3852=DIRECTION('ref_axis',(1.,0.,0.));
#3853=DIRECTION('',(1.,0.,0.));
#3854=DIRECTION('center_axis',(0.,1.,0.));
#3855=DIRECTION('ref_axis',(-1.,0.,0.));
#3856=DIRECTION('',(-1.,0.,0.));
#3857=DIRECTION('',(0.,0.,1.));
#3858=DIRECTION('center_axis',(0.,-1.,0.));
#3859=DIRECTION('ref_axis',(1.,0.,0.));
#3860=DIRECTION('',(1.,0.,0.));
#3861=DIRECTION('center_axis',(0.,0.,1.));
#3862=DIRECTION('ref_axis',(1.,0.,0.));
#3863=DIRECTION('',(1.82364065431714E-13,-1.,0.));
#3864=DIRECTION('center_axis',(1.,0.,0.));
#3865=DIRECTION('ref_axis',(0.,1.,0.));
#3866=DIRECTION('',(0.,0.,-1.));
#3867=DIRECTION('',(0.,1.,0.));
#3868=DIRECTION('',(0.,0.,1.));
#3869=DIRECTION('center_axis',(-1.,0.,0.));
#3870=DIRECTION('ref_axis',(0.,-1.,0.));
#3871=DIRECTION('',(0.,0.,-1.));
#3872=DIRECTION('',(0.,-1.,0.));
#3873=DIRECTION('',(0.,0.,1.));
#3874=DIRECTION('center_axis',(0.,0.,1.));
#3875=DIRECTION('ref_axis',(1.,0.,0.));
#3876=DIRECTION('',(-1.,-7.60185641374444E-14,0.));
#3877=DIRECTION('',(1.,3.71253417056187E-14,0.));
#3878=DIRECTION('center_axis',(0.,1.,0.));
#3879=DIRECTION('ref_axis',(-1.,0.,0.));
#3880=DIRECTION('',(0.,0.,-1.));
#3881=DIRECTION('',(-1.,0.,0.));
#3882=DIRECTION('',(0.,0.,1.));
#3883=DIRECTION('center_axis',(0.,-1.,0.));
#3884=DIRECTION('ref_axis',(1.,0.,0.));
#3885=DIRECTION('',(0.,0.,-1.));
#3886=DIRECTION('',(1.,0.,0.));
#3887=DIRECTION('',(0.,0.,1.));
#3888=DIRECTION('center_axis',(0.,0.,1.));
#3889=DIRECTION('ref_axis',(1.,0.,0.));
#3890=DIRECTION('',(1.36773044669321E-13,-1.,0.));
#3891=DIRECTION('',(0.,1.,0.));
#3892=DIRECTION('center_axis',(-1.,0.,0.));
#3893=DIRECTION('ref_axis',(0.,-1.,0.));
#3894=DIRECTION('',(0.,-1.,0.));
#3895=DIRECTION('',(0.,0.,1.));
#3896=DIRECTION('center_axis',(1.,0.,0.));
#3897=DIRECTION('ref_axis',(0.,1.,0.));
#3898=DIRECTION('',(0.,0.,-1.));
#3899=DIRECTION('',(0.,1.,0.));
#3900=DIRECTION('center_axis',(0.,0.,1.));
#3901=DIRECTION('ref_axis',(1.,0.,0.));
#3902=DIRECTION('',(1.,0.,0.));
#3903=DIRECTION('center_axis',(0.,-1.,0.));
#3904=DIRECTION('ref_axis',(1.,0.,0.));
#3905=DIRECTION('',(0.,0.,-1.));
#3906=DIRECTION('',(1.,0.,0.));
#3907=DIRECTION('center_axis',(0.,1.,0.));
#3908=DIRECTION('ref_axis',(-1.,0.,0.));
#3909=DIRECTION('',(-1.,0.,0.));
#3910=DIRECTION('',(0.,0.,1.));
#3911=DIRECTION('center_axis',(0.,0.,1.));
#3912=DIRECTION('ref_axis',(1.,0.,0.));
#3913=DIRECTION('',(1.82364065431714E-13,-1.,0.));
#3914=DIRECTION('center_axis',(1.,0.,0.));
#3915=DIRECTION('ref_axis',(0.,1.,0.));
#3916=DIRECTION('',(0.,0.,-1.));
#3917=DIRECTION('',(0.,1.,0.));
#3918=DIRECTION('',(0.,0.,1.));
#3919=DIRECTION('center_axis',(-1.,0.,0.));
#3920=DIRECTION('ref_axis',(0.,-1.,0.));
#3921=DIRECTION('',(0.,0.,-1.));
#3922=DIRECTION('',(0.,-1.,0.));
#3923=DIRECTION('',(0.,0.,1.));
#3924=DIRECTION('center_axis',(0.,0.,1.));
#3925=DIRECTION('ref_axis',(1.,0.,0.));
#3926=DIRECTION('',(-1.,-7.60185641374444E-14,0.));
#3927=DIRECTION('',(1.,3.71253417056187E-14,0.));
#3928=DIRECTION('center_axis',(0.,0.,1.));
#3929=DIRECTION('ref_axis',(-7.15171461920788E-7,-0.999999999999744,0.));
#3930=DIRECTION('',(0.,0.,1.));
#3931=DIRECTION('',(0.,0.,1.));
#3932=DIRECTION('center_axis',(-1.,-1.36773044669321E-13,0.));
#3933=DIRECTION('ref_axis',(1.36773044669321E-13,-1.,0.));
#3934=DIRECTION('',(0.,0.,1.));
#3935=DIRECTION('',(0.,0.,1.));
#3936=DIRECTION('center_axis',(0.,1.,0.));
#3937=DIRECTION('ref_axis',(-1.,0.,0.));
#3938=DIRECTION('',(0.,0.,1.));
#3939=DIRECTION('',(0.,0.,1.));
#3940=DIRECTION('center_axis',(1.,1.82364065431714E-13,0.));
#3941=DIRECTION('ref_axis',(-1.82364065431714E-13,1.,0.));
#3942=DIRECTION('',(0.,0.,1.));
#3943=DIRECTION('',(0.,0.,1.));
#3944=DIRECTION('center_axis',(-7.60185641374444E-14,1.,0.));
#3945=DIRECTION('ref_axis',(-1.,-7.60185641374444E-14,0.));
#3946=DIRECTION('',(0.,0.,1.));
#3947=DIRECTION('',(0.,0.,1.));
#3948=DIRECTION('center_axis',(-3.71253417056187E-14,1.,0.));
#3949=DIRECTION('ref_axis',(-1.,-3.71253417056187E-14,0.));
#3950=DIRECTION('',(0.,0.,1.));
#3951=DIRECTION('center_axis',(0.,0.,1.));
#3952=DIRECTION('ref_axis',(-0.999999999999991,1.38065396152665E-7,0.));
#3953=DIRECTION('center_axis',(-1.,0.,0.));
#3954=DIRECTION('ref_axis',(0.,-1.,0.));
#3955=DIRECTION('',(0.,0.,1.));
#3956=DIRECTION('',(0.,0.,1.));
#3957=DIRECTION('center_axis',(7.21644961411644E-15,1.,0.));
#3958=DIRECTION('ref_axis',(-1.,7.21644961411644E-15,0.));
#3959=DIRECTION('',(0.,0.,1.));
#3960=DIRECTION('center_axis',(1.,0.,0.));
#3961=DIRECTION('ref_axis',(0.,1.,0.));
#3962=DIRECTION('',(0.,0.,1.));
#3963=DIRECTION('',(0.,0.,1.));
#3964=DIRECTION('',(0.,0.,1.));
#3965=DIRECTION('center_axis',(1.50400675719647E-10,-1.,0.));
#3966=DIRECTION('ref_axis',(1.,1.50400675719647E-10,0.));
#3967=DIRECTION('',(0.,0.,1.));
#3968=DIRECTION('',(0.,0.,1.));
#3969=DIRECTION('center_axis',(1.,0.,0.));
#3970=DIRECTION('ref_axis',(0.,1.,0.));
#3971=DIRECTION('',(0.,0.,1.));
#3972=DIRECTION('',(0.,0.,1.));
#3973=DIRECTION('',(0.,0.,1.));
#3974=DIRECTION('center_axis',(1.50400675719647E-10,-1.,0.));
#3975=DIRECTION('ref_axis',(1.,1.50400675719647E-10,0.));
#3976=DIRECTION('',(0.,0.,1.));
#3977=DIRECTION('',(0.,0.,1.));
#3978=DIRECTION('center_axis',(1.,0.,0.));
#3979=DIRECTION('ref_axis',(0.,1.,0.));
#3980=DIRECTION('',(0.,0.,1.));
#3981=DIRECTION('',(0.,0.,1.));
#3982=DIRECTION('',(0.,0.,1.));
#3983=DIRECTION('center_axis',(1.50402725361584E-10,-1.,0.));
#3984=DIRECTION('ref_axis',(1.,1.50402725361584E-10,0.));
#3985=DIRECTION('',(0.,0.,1.));
#3986=DIRECTION('',(0.,0.,1.));
#3987=DIRECTION('center_axis',(1.,1.20319994022614E-9,0.));
#3988=DIRECTION('ref_axis',(-1.20319994022614E-9,1.,0.));
#3989=DIRECTION('',(0.,0.,1.));
#3990=DIRECTION('',(0.,0.,1.));
#3991=DIRECTION('',(0.,0.,1.));
#3992=DIRECTION('center_axis',(1.50400675719643E-10,-1.,0.));
#3993=DIRECTION('ref_axis',(1.,1.50400675719643E-10,0.));
#3994=DIRECTION('',(0.,0.,1.));
#3995=DIRECTION('',(0.,0.,1.));
#3996=DIRECTION('',(0.,0.,1.));
#3997=DIRECTION('',(0.,0.,1.));
#3998=DIRECTION('center_axis',(0.,0.,1.));
#3999=DIRECTION('ref_axis',(-1.10526446984521E-6,-0.999999999999389,0.));
#4000=DIRECTION('center_axis',(0.,0.,1.));
#4001=DIRECTION('ref_axis',(-0.999999999999755,6.99912004896121E-7,0.));
#4002=DIRECTION('',(0.,0.,1.));
#4003=DIRECTION('center_axis',(-1.,0.,0.));
#4004=DIRECTION('ref_axis',(0.,-1.,0.));
#4005=DIRECTION('',(0.,0.,1.));
#4006=DIRECTION('center_axis',(0.,1.,0.));
#4007=DIRECTION('ref_axis',(-1.,0.,0.));
#4008=DIRECTION('',(0.,0.,1.));
#4009=DIRECTION('',(0.,0.,1.));
#4010=DIRECTION('center_axis',(-1.,1.20319994052767E-9,0.));
#4011=DIRECTION('ref_axis',(-1.20319994052767E-9,-1.,0.));
#4012=DIRECTION('',(0.,0.,1.));
#4013=DIRECTION('center_axis',(4.44089086956681E-15,1.,0.));
#4014=DIRECTION('ref_axis',(-1.,4.44089086956681E-15,0.));
#4015=DIRECTION('',(0.,0.,1.));
#4016=DIRECTION('',(0.,0.,1.));
#4017=DIRECTION('center_axis',(-1.,1.2030469005963E-9,0.));
#4018=DIRECTION('ref_axis',(-1.2030469005963E-9,-1.,0.));
#4019=DIRECTION('',(0.,0.,1.));
#4020=DIRECTION('center_axis',(-1.98132054180673E-14,1.,0.));
#4021=DIRECTION('ref_axis',(-1.,-1.98132054180673E-14,0.));
#4022=DIRECTION('',(0.,0.,1.));
#4023=DIRECTION('',(0.,0.,1.));
#4024=DIRECTION('center_axis',(-1.,0.,0.));
#4025=DIRECTION('ref_axis',(0.,-1.,0.));
#4026=DIRECTION('',(0.,0.,1.));
#4027=DIRECTION('center_axis',(4.44089086956671E-15,1.,0.));
#4028=DIRECTION('ref_axis',(-1.,4.44089086956671E-15,0.));
#4029=DIRECTION('',(0.,0.,1.));
#4030=DIRECTION('',(0.,0.,1.));
#4031=DIRECTION('center_axis',(-1.,1.20319994052768E-9,0.));
#4032=DIRECTION('ref_axis',(-1.20319994052768E-9,-1.,0.));
#4033=DIRECTION('center_axis',(0.,1.,0.));
#4034=DIRECTION('ref_axis',(-1.,0.,0.));
#4035=DIRECTION('center_axis',(0.,0.,1.));
#4036=DIRECTION('ref_axis',(-5.4171062894672E-7,0.999999999999853,0.));
#4037=DIRECTION('',(0.,0.,1.));
#4038=DIRECTION('center_axis',(1.,1.78944633151535E-8,0.));
#4039=DIRECTION('ref_axis',(-1.78944633151535E-8,1.,0.));
#4040=DIRECTION('',(0.,0.,1.));
#4041=DIRECTION('',(0.,0.,1.));
#4042=DIRECTION('center_axis',(2.19683979863669E-10,1.,0.));
#4043=DIRECTION('ref_axis',(-1.,2.19683979863669E-10,0.));
#4044=DIRECTION('',(0.,0.,1.));
#4045=DIRECTION('',(0.,0.,1.));
#4046=DIRECTION('center_axis',(-1.,0.,0.));
#4047=DIRECTION('ref_axis',(0.,-1.,0.));
#4048=DIRECTION('',(0.,0.,1.));
#4049=DIRECTION('',(0.,0.,1.));
#4050=DIRECTION('center_axis',(-1.92636127696275E-8,1.,0.));
#4051=DIRECTION('ref_axis',(-1.,-1.92636127696275E-8,0.));
#4052=DIRECTION('',(0.,0.,1.));
#4053=DIRECTION('',(0.,0.,1.));
#4054=DIRECTION('center_axis',(-1.,-1.78943884151412E-8,0.));
#4055=DIRECTION('ref_axis',(1.78943884151412E-8,-1.,0.));
#4056=DIRECTION('',(0.,0.,1.));
#4057=DIRECTION('center_axis',(0.,0.,1.));
#4058=DIRECTION('ref_axis',(-0.999999999999986,1.68360543284466E-7,0.));
#4059=CARTESIAN_POINT('',(0.,0.,0.));
#4060=CARTESIAN_POINT('Origin',(278.45093647026,16.2264021209424,0.5));
#4061=CARTESIAN_POINT('',(278.45093647026,19.2264021209424,0.5));
#4062=CARTESIAN_POINT('Ctrl Pts',(278.450936470259,19.2264021209424,0.5));
#4063=CARTESIAN_POINT('Ctrl Pts',(278.416064981571,19.2264021209424,0.5));
#4064=CARTESIAN_POINT('Ctrl Pts',(278.381178823525,19.2258019456941,0.5));
#4065=CARTESIAN_POINT('Ctrl Pts',(277.947463977581,19.2108246392368,0.5));
#4066=CARTESIAN_POINT('Ctrl Pts',(277.557162994365,19.1183311359061,0.5));
#4067=CARTESIAN_POINT('Ctrl Pts',(276.837197064879,18.7859160087419,0.5));
#4068=CARTESIAN_POINT('Ctrl Pts',(276.515053088445,18.5512859250331,0.5));
#4069=CARTESIAN_POINT('Ctrl Pts',(275.987590759365,17.9804595774222,0.5));
#4070=CARTESIAN_POINT('Ctrl Pts',(275.78334155935,17.6519212586141,0.5));
#4071=CARTESIAN_POINT('Ctrl Pts',(275.509115328677,16.932290710318,0.5));
#4072=CARTESIAN_POINT('Ctrl Pts',(275.443455024509,16.5482051793432,0.5));
#4073=CARTESIAN_POINT('Ctrl Pts',(275.460050095911,15.7632108036734,0.5));
#4074=CARTESIAN_POINT('Ctrl Pts',(275.547203463022,15.3717040285416,0.5));
#4075=CARTESIAN_POINT('Ctrl Pts',(275.870011735772,14.646968312066,0.5));
#4076=CARTESIAN_POINT('Ctrl Pts',(276.100521818146,14.3215035517785,0.5));
#4077=CARTESIAN_POINT('Ctrl Pts',(276.664833885063,13.7861822590108,0.5));
#4078=CARTESIAN_POINT('Ctrl Pts',(276.990987335286,13.5774957144118,0.5));
#4079=CARTESIAN_POINT('Ctrl Pts',(277.706500085105,13.2942030882747,0.5));
#4080=CARTESIAN_POINT('Ctrl Pts',(278.08834218159,13.2235116280553,0.5));
#4081=CARTESIAN_POINT('Ctrl Pts',(278.873593062041,13.2295752469229,0.5));
#4082=CARTESIAN_POINT('Ctrl Pts',(279.266241700953,13.3113513948981,0.5));
#4083=CARTESIAN_POINT('Ctrl Pts',(279.99563170398,13.6244391943687,0.5));
#4084=CARTESIAN_POINT('Ctrl Pts',(280.324368117292,13.8507526841771,0.5));
#4085=CARTESIAN_POINT('Ctrl Pts',(280.867508057165,14.4084118731811,0.5));
#4086=CARTESIAN_POINT('Ctrl Pts',(281.080628727196,14.7321228720681,0.5));
#4087=CARTESIAN_POINT('Ctrl Pts',(281.372991253364,15.4434664043028,0.5));
#4088=CARTESIAN_POINT('Ctrl Pts',(281.448695243425,15.8232727911955,0.5));
#4089=CARTESIAN_POINT('Ctrl Pts',(281.453153563105,16.608020839281,0.5));
#4090=CARTESIAN_POINT('Ctrl Pts',(281.376801450499,17.0020712996712,0.5));
#4091=CARTESIAN_POINT('Ctrl Pts',(281.073485629027,17.7360479117902,0.5));
#4092=CARTESIAN_POINT('Ctrl Pts',(280.851430745168,18.0679939451489,0.5));
#4093=CARTESIAN_POINT('Ctrl Pts',(280.571979519817,18.3474451704995,0.5));
#4094=CARTESIAN_POINT('Ctrl Pts',(280.419177463505,18.5002472268114,0.5));
#4095=CARTESIAN_POINT('Ctrl Pts',(280.250316004918,18.6362525893606,0.5));
#4096=CARTESIAN_POINT('Ctrl Pts',(279.884300056981,18.8709927877134,0.5));
#4097=CARTESIAN_POINT('Ctrl Pts',(279.687791608745,18.9686400729842,0.5));
#4098=CARTESIAN_POINT('Ctrl Pts',(279.151252474848,19.1652276731037,0.5));
#4099=CARTESIAN_POINT('Ctrl Pts',(278.801837166182,19.2264021209426,0.5));
#4100=CARTESIAN_POINT('Ctrl Pts',(278.450936470259,19.2264021209424,0.5));
#4101=CARTESIAN_POINT('Origin',(276.050936470742,17.6764021709308,5.));
#4102=CARTESIAN_POINT('',(275.050936470742,13.3264020124756,5.));
#4103=CARTESIAN_POINT('',(276.050936470742,13.8264021209802,6.));
#4104=CARTESIAN_POINT('Ctrl Pts',(275.050936470742,13.3264020124756,5.));
#4105=CARTESIAN_POINT('Ctrl Pts',(275.050936470742,13.3405156850838,5.04433940055916));
#4106=CARTESIAN_POINT('Ctrl Pts',(275.053889784938,13.354629357692,5.08867856995608));
#4107=CARTESIAN_POINT('Ctrl Pts',(275.059770354754,13.3687430303003,5.13262628139356));
#4108=CARTESIAN_POINT('Ctrl Pts',(275.065650694693,13.3828561511954,5.17657227488476));
#4109=CARTESIAN_POINT('Ctrl Pts',(275.074457999756,13.3969692720904,5.22012638288787));
#4110=CARTESIAN_POINT('Ctrl Pts',(275.086114564719,13.4110823929855,5.26290433556231));
#4111=CARTESIAN_POINT('Ctrl Pts',(275.097770714343,13.4251950110122,5.3056807640041));
#4112=CARTESIAN_POINT('Ctrl Pts',(275.112275799018,13.4393076290389,5.34768064659013));
#4113=CARTESIAN_POINT('Ctrl Pts',(275.129501852161,13.4534202470655,5.38853345245975));
#4114=CARTESIAN_POINT('Ctrl Pts',(275.146727351094,13.4675324110503,5.42938494398157));
#4115=CARTESIAN_POINT('Ctrl Pts',(275.166673463617,13.481644575035,5.46908900690854));
#4116=CARTESIAN_POINT('Ctrl Pts',(275.189164232667,13.4957567390197,5.50729538701142));
#4117=CARTESIAN_POINT('Ctrl Pts',(275.211661468635,13.5098729607671,5.54551275284426));
#4118=CARTESIAN_POINT('Ctrl Pts',(275.236704592207,13.5239891825145,5.58223117458131));
#4119=CARTESIAN_POINT('Ctrl Pts',(275.264072555688,13.5381054042618,5.61712655038204));
#4120=CARTESIAN_POINT('Ctrl Pts',(275.291437752521,13.5522201989892,5.65201839858164));
#4121=CARTESIAN_POINT('Ctrl Pts',(275.321127033088,13.5663349937166,5.68508720596725));
#4122=CARTESIAN_POINT('Ctrl Pts',(275.352878392386,13.5804497884439,5.71604114353961));
#4123=CARTESIAN_POINT('Ctrl Pts',(275.384626981682,13.5945633517909,5.74699238067792));
#4124=CARTESIAN_POINT('Ctrl Pts',(275.418436958329,13.6086769151379,5.77582879477339));
#4125=CARTESIAN_POINT('Ctrl Pts',(275.454010004501,13.6227904784848,5.80229595156682));
#4126=CARTESIAN_POINT('Ctrl Pts',(275.489580439643,13.6369030059091,5.82876116569513));
#4127=CARTESIAN_POINT('Ctrl Pts',(275.526913314314,13.6510155333334,5.85285719492928));
#4128=CARTESIAN_POINT('Ctrl Pts',(275.565679275092,13.6651280607577,5.87437146229131));
#4129=CARTESIAN_POINT('Ctrl Pts',(275.604454592823,13.6792439945281,5.89589092256009));
#4130=CARTESIAN_POINT('Ctrl Pts',(275.644663285148,13.6933599282984,5.9148271482105));
#4131=CARTESIAN_POINT('Ctrl Pts',(275.685950457159,13.7074758620687,5.93101300199765));
#4132=CARTESIAN_POINT('Ctrl Pts',(275.727230072191,13.7215892121356,5.94719589321449));
#4133=CARTESIAN_POINT('Ctrl Pts',(275.769587341068,13.7357025622024,5.96062925200999));
#4134=CARTESIAN_POINT('Ctrl Pts',(275.812648541337,13.7498159122693,5.97119455450472));
#4135=CARTESIAN_POINT('Ctrl Pts',(275.855715932011,13.763931291248,5.98176137584985));
#4136=CARTESIAN_POINT('Ctrl Pts',(275.899487007599,13.7780466702267,5.9894592048015));
#4137=CARTESIAN_POINT('Ctrl Pts',(275.943575460732,13.7921620492054,5.99422010316106));
#4138=CARTESIAN_POINT('Ctrl Pts',(275.97922432764,13.8035754064636,5.99806965151042));
#4139=CARTESIAN_POINT('Ctrl Pts',(276.015080359208,13.8149887637219,6.));
#4140=CARTESIAN_POINT('Ctrl Pts',(276.050936470742,13.8264021209802,6.));
#4141=CARTESIAN_POINT('',(276.050936470742,18.6264021192973,6.));
#4142=CARTESIAN_POINT('',(276.050936470742,17.6764021709308,6.));
#4143=CARTESIAN_POINT('',(275.050936470742,19.126402220919,5.));
#4144=CARTESIAN_POINT('Ctrl Pts',(276.050936470742,18.6264021192973,6.));
#4145=CARTESIAN_POINT('Ctrl Pts',(276.006597070183,18.6405157917113,6.));
#4146=CARTESIAN_POINT('Ctrl Pts',(275.962257900786,18.6546294641252,5.99704668580388));
#4147=CARTESIAN_POINT('Ctrl Pts',(275.918310189349,18.6687431365392,5.9911661159885));
#4148=CARTESIAN_POINT('Ctrl Pts',(275.874364195857,18.68285625724,5.98528577604863));
#4149=CARTESIAN_POINT('Ctrl Pts',(275.830810087854,18.6969693779408,5.97647847098563));
#4150=CARTESIAN_POINT('Ctrl Pts',(275.78803213518,18.7110824986416,5.96482190602335));
#4151=CARTESIAN_POINT('Ctrl Pts',(275.745255706738,18.725195116474,5.95316575639925));
#4152=CARTESIAN_POINT('Ctrl Pts',(275.703255824152,18.7393077343064,5.93866067172379));
#4153=CARTESIAN_POINT('Ctrl Pts',(275.662403018282,18.7534203521388,5.92143461858109));
#4154=CARTESIAN_POINT('Ctrl Pts',(275.62155152676,18.7675325159293,5.90420911964819));
#4155=CARTESIAN_POINT('Ctrl Pts',(275.581847463833,18.7816446797197,5.88426300712546));
#4156=CARTESIAN_POINT('Ctrl Pts',(275.543641083731,18.7957568435102,5.86177223807505));
#4157=CARTESIAN_POINT('Ctrl Pts',(275.505423717898,18.8098730650632,5.83927500210696));
#4158=CARTESIAN_POINT('Ctrl Pts',(275.468705296161,18.8239892866163,5.81423187853524));
#4159=CARTESIAN_POINT('Ctrl Pts',(275.43380992036,18.8381055081694,5.78686391505362));
#4160=CARTESIAN_POINT('Ctrl Pts',(275.39891807216,18.8522203027024,5.75949871822107));
#4161=CARTESIAN_POINT('Ctrl Pts',(275.365849264775,18.8663350972355,5.7298094376537));
#4162=CARTESIAN_POINT('Ctrl Pts',(275.334895327202,18.8804498917685,5.69805807835626));
#4163=CARTESIAN_POINT('Ctrl Pts',(275.303944090064,18.8945634549212,5.66630948906027));
#4164=CARTESIAN_POINT('Ctrl Pts',(275.275107675969,18.9086770180739,5.63249951241333));
#4165=CARTESIAN_POINT('Ctrl Pts',(275.248640519175,18.9227905812266,5.5969264662414));
#4166=CARTESIAN_POINT('Ctrl Pts',(275.222175305047,18.9369031084566,5.56135603109855));
#4167=CARTESIAN_POINT('Ctrl Pts',(275.198079275813,18.9510156356866,5.52402315642767));
#4168=CARTESIAN_POINT('Ctrl Pts',(275.176565008451,18.9651281629167,5.48525719565041));
#4169=CARTESIAN_POINT('Ctrl Pts',(275.155045548182,18.9792440964927,5.44648187791873));
#4170=CARTESIAN_POINT('Ctrl Pts',(275.136109322532,18.9933600300687,5.4062731855937));
#4171=CARTESIAN_POINT('Ctrl Pts',(275.119923468744,19.0074759636447,5.3649860135831));
#4172=CARTESIAN_POINT('Ctrl Pts',(275.103740577528,19.0215893135173,5.32370639855106));
#4173=CARTESIAN_POINT('Ctrl Pts',(275.090307218732,19.0357026633898,5.28134912967351));
#4174=CARTESIAN_POINT('Ctrl Pts',(275.079741916237,19.0498160132624,5.23828792940547));
#4175=CARTESIAN_POINT('Ctrl Pts',(275.069175094892,19.0639313920468,5.19522053873063));
#4176=CARTESIAN_POINT('Ctrl Pts',(275.061477265941,19.0780467708312,5.15144946314347));
#4177=CARTESIAN_POINT('Ctrl Pts',(275.056716367581,19.0921621496155,5.10736101001015));
#4178=CARTESIAN_POINT('Ctrl Pts',(275.052866819232,19.1035755067167,5.0717121431016));
#4179=CARTESIAN_POINT('Ctrl Pts',(275.050936470742,19.1149888638179,5.03585611153426));
#4180=CARTESIAN_POINT('Ctrl Pts',(275.050936470742,19.126402220919,5.));
#4181=CARTESIAN_POINT('',(275.050936470742,17.6764021709308,5.));
#4182=CARTESIAN_POINT('Origin',(277.000936416249,18.6264021194712,5.));
#4183=CARTESIAN_POINT('',(275.550936362313,19.6264021200329,5.));
#4184=CARTESIAN_POINT('Ctrl Pts',(275.550936362313,19.6264021192058,5.00000000000004));
#4185=CARTESIAN_POINT('Ctrl Pts',(275.565050034914,19.6264021192084,5.0443394005592));
#4186=CARTESIAN_POINT('Ctrl Pts',(275.579163707515,19.6234488050148,5.08867856995612));
#4187=CARTESIAN_POINT('Ctrl Pts',(275.593277380117,19.617568235202,5.1326262813936));
#4188=CARTESIAN_POINT('Ctrl Pts',(275.607390501006,19.6116878952648,5.1765722748848));
#4189=CARTESIAN_POINT('Ctrl Pts',(275.621503621896,19.6028805902044,5.22012638288791));
#4190=CARTESIAN_POINT('Ctrl Pts',(275.635616742786,19.5912240252447,5.26290433556235));
#4191=CARTESIAN_POINT('Ctrl Pts',(275.649729360807,19.5795678756231,5.30568076400414));
#4192=CARTESIAN_POINT('Ctrl Pts',(275.663841978829,19.5650627909503,5.34768064659018));
#4193=CARTESIAN_POINT('Ctrl Pts',(275.677954596852,19.5478367378101,5.3885334524598));
#4194=CARTESIAN_POINT('Ctrl Pts',(275.692066760832,19.5306112388798,5.42938494398162));
#4195=CARTESIAN_POINT('Ctrl Pts',(275.706178924813,19.5106651263597,5.4690890069086));
#4196=CARTESIAN_POINT('Ctrl Pts',(275.720291088795,19.4881743573119,5.50729538701148));
#4197=CARTESIAN_POINT('Ctrl Pts',(275.734407310539,19.4656771213463,5.54551275284432));
#4198=CARTESIAN_POINT('Ctrl Pts',(275.748523532284,19.4406339977772,5.58223117458137));
#4199=CARTESIAN_POINT('Ctrl Pts',(275.762639754029,19.4132660342982,5.6171265503821));
#4200=CARTESIAN_POINT('Ctrl Pts',(275.776754548754,19.3859008374682,5.6520183985817));
#4201=CARTESIAN_POINT('Ctrl Pts',(275.790869343479,19.3562115569034,5.6850872059673));
#4202=CARTESIAN_POINT('Ctrl Pts',(275.804984138205,19.3244601976086,5.71604114353966));
#4203=CARTESIAN_POINT('Ctrl Pts',(275.819097701551,19.2927116083152,5.74699238067797));
#4204=CARTESIAN_POINT('Ctrl Pts',(275.833211264897,19.2589016316708,5.77582879477343));
#4205=CARTESIAN_POINT('Ctrl Pts',(275.847324828243,19.2233285855014,5.80229595156686));
#4206=CARTESIAN_POINT('Ctrl Pts',(275.861437355666,19.1877581503612,5.82876116569517));
#4207=CARTESIAN_POINT('Ctrl Pts',(275.87554988309,19.1504252756929,5.85285719492932));
#4208=CARTESIAN_POINT('Ctrl Pts',(275.889662410514,19.1116593149182,5.87437146229135));
#4209=CARTESIAN_POINT('Ctrl Pts',(275.903778344284,19.0728839971891,5.89589092256013));
#4210=CARTESIAN_POINT('Ctrl Pts',(275.917894278055,19.0326753048667,5.91482714821053));
#4211=CARTESIAN_POINT('Ctrl Pts',(275.932010211825,18.9913881328586,5.93101300199768));
#4212=CARTESIAN_POINT('Ctrl Pts',(275.946123561892,18.9501085178292,5.94719589321452));
#4213=CARTESIAN_POINT('Ctrl Pts',(275.96023691196,18.9077512489542,5.96062925201001));
#4214=CARTESIAN_POINT('Ctrl Pts',(275.974350262027,18.8646900486888,5.97119455450474));
#4215=CARTESIAN_POINT('Ctrl Pts',(275.988465641006,18.8216226580165,5.98176137584986));
#4216=CARTESIAN_POINT('Ctrl Pts',(276.002581019986,18.7778515824319,5.98945920480152));
#4217=CARTESIAN_POINT('Ctrl Pts',(276.016696398965,18.7337631293012,5.99422010316107));
#4218=CARTESIAN_POINT('Ctrl Pts',(276.028109756224,18.6981142623947,5.99806965151042));
#4219=CARTESIAN_POINT('Ctrl Pts',(276.039523113483,18.6622582308295,6.));
#4220=CARTESIAN_POINT('Ctrl Pts',(276.050936470742,18.6264021192974,6.));
#4221=CARTESIAN_POINT('',(280.850936469539,18.626402120176,6.));
#4222=CARTESIAN_POINT('',(277.000936416249,18.6264021194712,6.));
#4223=CARTESIAN_POINT('',(281.350936571629,19.626402120905,5.));
#4224=CARTESIAN_POINT('Ctrl Pts',(280.850936469539,18.6264021201759,6.));
#4225=CARTESIAN_POINT('Ctrl Pts',(280.865050141963,18.6707415207376,6.00000000000001));
#4226=CARTESIAN_POINT('Ctrl Pts',(280.879163814387,18.7150806901371,5.99704668580388));
#4227=CARTESIAN_POINT('Ctrl Pts',(280.893277486811,18.7590284015772,5.99116611598851));
#4228=CARTESIAN_POINT('Ctrl Pts',(280.907390607522,18.802974395071,5.98528577604865));
#4229=CARTESIAN_POINT('Ctrl Pts',(280.921503728234,18.8465285030767,5.97647847098566));
#4230=CARTESIAN_POINT('Ctrl Pts',(280.935616848945,18.8893064557537,5.96482190602339));
#4231=CARTESIAN_POINT('Ctrl Pts',(280.949729466788,18.9320828841981,5.95316575639929));
#4232=CARTESIAN_POINT('Ctrl Pts',(280.963842084631,18.9740827667867,5.93866067172383));
#4233=CARTESIAN_POINT('Ctrl Pts',(280.977954702474,19.0149355726589,5.92143461858114));
#4234=CARTESIAN_POINT('Ctrl Pts',(280.992066866276,19.0557870641833,5.90420911964825));
#4235=CARTESIAN_POINT('Ctrl Pts',(281.006179030077,19.0954911271129,5.88426300712552));
#4236=CARTESIAN_POINT('Ctrl Pts',(281.020291193879,19.1336975072184,5.86177223807512));
#4237=CARTESIAN_POINT('Ctrl Pts',(281.034407415444,19.1719148730538,5.83927500210703));
#4238=CARTESIAN_POINT('Ctrl Pts',(281.048523637008,19.2086332947934,5.81423187853531));
#4239=CARTESIAN_POINT('Ctrl Pts',(281.062639858574,19.2435286705967,5.7868639150537));
#4240=CARTESIAN_POINT('Ctrl Pts',(281.076754653119,19.2784205187989,5.75949871822115));
#4241=CARTESIAN_POINT('Ctrl Pts',(281.090869447664,19.3114893261871,5.72980943765378));
#4242=CARTESIAN_POINT('Ctrl Pts',(281.10498424221,19.3424432637621,5.69805807835635));
#4243=CARTESIAN_POINT('Ctrl Pts',(281.119097805375,19.373394500903,5.66630948906036));
#4244=CARTESIAN_POINT('Ctrl Pts',(281.133211368541,19.402230915001,5.63249951241341));
#4245=CARTESIAN_POINT('Ctrl Pts',(281.147324931707,19.428698071797,5.59692646624148));
#4246=CARTESIAN_POINT('Ctrl Pts',(281.161437458951,19.4551632859279,5.56135603109864));
#4247=CARTESIAN_POINT('Ctrl Pts',(281.175549986195,19.4792593151647,5.52402315642775));
#4248=CARTESIAN_POINT('Ctrl Pts',(281.189662513439,19.5007735825293,5.4852571956505));
#4249=CARTESIAN_POINT('Ctrl Pts',(281.20377844703,19.5222930428007,5.44648187791882));
#4250=CARTESIAN_POINT('Ctrl Pts',(281.217894380621,19.5412292684537,5.40627318559379));
#4251=CARTESIAN_POINT('Ctrl Pts',(281.232010314212,19.5574151222434,5.36498601358319));
#4252=CARTESIAN_POINT('Ctrl Pts',(281.2461236641,19.5735980134628,5.32370639855116));
#4253=CARTESIAN_POINT('Ctrl Pts',(281.260237013989,19.5870313722609,5.2813491296736));
#4254=CARTESIAN_POINT('Ctrl Pts',(281.274350363878,19.5975966747582,5.23828792940557));
#4255=CARTESIAN_POINT('Ctrl Pts',(281.288465742679,19.6081634961059,5.19522053873073));
#4256=CARTESIAN_POINT('Ctrl Pts',(281.30258112148,19.6158613250602,5.15144946314356));
#4257=CARTESIAN_POINT('Ctrl Pts',(281.316696500282,19.6206222234223,5.10736101001024));
#4258=CARTESIAN_POINT('Ctrl Pts',(281.328109857397,19.6244717717738,5.07171214310162));
#4259=CARTESIAN_POINT('Ctrl Pts',(281.339523214513,19.6264021202654,5.03585611153422));
#4260=CARTESIAN_POINT('Ctrl Pts',(281.350936571629,19.6264021202675,4.99999999999989));
#4261=CARTESIAN_POINT('',(277.000936416066,19.6264021194712,5.));
#4262=CARTESIAN_POINT('Origin',(280.850936464906,14.776402069676,5.));
#4263=CARTESIAN_POINT('',(281.85093647014,19.1264022218665,5.));
#4264=CARTESIAN_POINT('Ctrl Pts',(281.85093647014,19.1264022218665,5.));
#4265=CARTESIAN_POINT('Ctrl Pts',(281.850936470123,19.1122885494167,5.04433940055916));
#4266=CARTESIAN_POINT('Ctrl Pts',(281.84798315591,19.0981748769704,5.08867856995608));
#4267=CARTESIAN_POINT('Ctrl Pts',(281.842102586078,19.0840612045276,5.13262628139356));
#4268=CARTESIAN_POINT('Ctrl Pts',(281.836222246121,19.069948083798,5.17657227488475));
#4269=CARTESIAN_POINT('Ctrl Pts',(281.827414941041,19.0558349630719,5.22012638288786));
#4270=CARTESIAN_POINT('Ctrl Pts',(281.815758376062,19.0417218423492,5.2629043355623));
#4271=CARTESIAN_POINT('Ctrl Pts',(281.804102226421,19.0276092244949,5.3056807640041));
#4272=CARTESIAN_POINT('Ctrl Pts',(281.789597141728,19.0134966066441,5.34768064659013));
#4273=CARTESIAN_POINT('Ctrl Pts',(281.772371088568,18.9993839887965,5.38853345245975));
#4274=CARTESIAN_POINT('Ctrl Pts',(281.755145589619,18.9852718249908,5.42938494398157));
#4275=CARTESIAN_POINT('Ctrl Pts',(281.735199477079,18.9711596611885,5.46908900690854));
#4276=CARTESIAN_POINT('Ctrl Pts',(281.712708708011,18.9570474973892,5.50729538701142));
#4277=CARTESIAN_POINT('Ctrl Pts',(281.690211472026,18.9429312758273,5.54551275284426));
#4278=CARTESIAN_POINT('Ctrl Pts',(281.665168348438,18.9288150542684,5.58223117458131));
#4279=CARTESIAN_POINT('Ctrl Pts',(281.637800384939,18.9146988327124,5.61712655038204));
#4280=CARTESIAN_POINT('Ctrl Pts',(281.61043518809,18.9005840381763,5.65201839858164));
#4281=CARTESIAN_POINT('Ctrl Pts',(281.580745907505,18.8864692436431,5.68508720596725));
#4282=CARTESIAN_POINT('Ctrl Pts',(281.548994548191,18.8723544491123,5.71604114353961));
#4283=CARTESIAN_POINT('Ctrl Pts',(281.517245958878,18.858240885962,5.74699238067792));
#4284=CARTESIAN_POINT('Ctrl Pts',(281.483435982214,18.8441273228141,5.77582879477339));
#4285=CARTESIAN_POINT('Ctrl Pts',(281.447862936025,18.8300137596683,5.80229595156682));
#4286=CARTESIAN_POINT('Ctrl Pts',(281.412292500865,18.8159012324451,5.82876116569512));
#4287=CARTESIAN_POINT('Ctrl Pts',(281.374959626177,18.8017887052241,5.85285719492928));
#4288=CARTESIAN_POINT('Ctrl Pts',(281.336193665383,18.7876761780048,5.87437146229131));
#4289=CARTESIAN_POINT('Ctrl Pts',(281.297418347634,18.7735602444396,5.89589092256009));
#4290=CARTESIAN_POINT('Ctrl Pts',(281.257209655292,18.759444310876,5.9148271482105));
#4291=CARTESIAN_POINT('Ctrl Pts',(281.215922483265,18.7453283773138,5.93101300199765));
#4292=CARTESIAN_POINT('Ctrl Pts',(281.174642868216,18.731215027455,5.94719589321449));
#4293=CARTESIAN_POINT('Ctrl Pts',(281.132285599321,18.7171016775974,5.96062925200998));
#4294=CARTESIAN_POINT('Ctrl Pts',(281.089224399036,18.7029883277408,5.97119455450472));
#4295=CARTESIAN_POINT('Ctrl Pts',(281.046157008344,18.6888729489723,5.98176137584985));
#4296=CARTESIAN_POINT('Ctrl Pts',(281.00238593274,18.6747575702047,5.9894592048015));
#4297=CARTESIAN_POINT('Ctrl Pts',(280.95829747959,18.6606421914374,5.99422010316106));
#4298=CARTESIAN_POINT('Ctrl Pts',(280.922648612668,18.6492288343501,5.99806965151042));
#4299=CARTESIAN_POINT('Ctrl Pts',(280.886792581087,18.6378154772631,6.));
#4300=CARTESIAN_POINT('Ctrl Pts',(280.850936469539,18.626402120176,6.));
#4301=CARTESIAN_POINT('',(280.850936463763,13.8264021209802,6.));
#4302=CARTESIAN_POINT('',(280.850936464906,14.776402069676,6.));
#4303=CARTESIAN_POINT('',(281.850936463162,13.3264020200939,5.));
#4304=CARTESIAN_POINT('Ctrl Pts',(280.850936463763,13.8264021209802,6.));
#4305=CARTESIAN_POINT('Ctrl Pts',(280.895275864306,13.8122884485676,6.));
#4306=CARTESIAN_POINT('Ctrl Pts',(280.939615033686,13.798174776155,5.99704668580388));
#4307=CARTESIAN_POINT('Ctrl Pts',(280.983562745106,13.7840611037429,5.9911661159885));
#4308=CARTESIAN_POINT('Ctrl Pts',(281.02750873858,13.769947983044,5.98528577604863));
#4309=CARTESIAN_POINT('Ctrl Pts',(281.071062846566,13.7558348623455,5.97647847098563));
#4310=CARTESIAN_POINT('Ctrl Pts',(281.113840799224,13.741721741648,5.96482190602336));
#4311=CARTESIAN_POINT('Ctrl Pts',(281.156617227649,13.7276091238188,5.95316575639925));
#4312=CARTESIAN_POINT('Ctrl Pts',(281.198617110218,13.7134965059906,5.93866067172379));
#4313=CARTESIAN_POINT('Ctrl Pts',(281.23946991607,13.6993838881637,5.9214346185811));
#4314=CARTESIAN_POINT('Ctrl Pts',(281.280321407575,13.6852717243788,5.9042091196482));
#4315=CARTESIAN_POINT('Ctrl Pts',(281.320025470485,13.6711595605953,5.88426300712547));
#4316=CARTESIAN_POINT('Ctrl Pts',(281.358231850571,13.6570473968136,5.86177223807506));
#4317=CARTESIAN_POINT('Ctrl Pts',(281.396449216387,13.6429311752693,5.83927500210697));
#4318=CARTESIAN_POINT('Ctrl Pts',(281.433167638107,13.6288149537268,5.81423187853525));
#4319=CARTESIAN_POINT('Ctrl Pts',(281.468063013891,13.6146987321865,5.78686391505363));
#4320=CARTESIAN_POINT('Ctrl Pts',(281.502954862073,13.6005839376661,5.75949871822108));
#4321=CARTESIAN_POINT('Ctrl Pts',(281.536023669442,13.586469143148,5.72980943765371));
#4322=CARTESIAN_POINT('Ctrl Pts',(281.566977606997,13.5723543486324,5.69805807835628));
#4323=CARTESIAN_POINT('Ctrl Pts',(281.597928844119,13.5582407854972,5.66630948906028));
#4324=CARTESIAN_POINT('Ctrl Pts',(281.626765258197,13.5441272223646,5.63249951241334));
#4325=CARTESIAN_POINT('Ctrl Pts',(281.653232414974,13.5300136592348,5.59692646624141));
#4326=CARTESIAN_POINT('Ctrl Pts',(281.679697629085,13.5159011320276,5.56135603109856));
#4327=CARTESIAN_POINT('Ctrl Pts',(281.703793658302,13.5017886048233,5.52402315642767));
#4328=CARTESIAN_POINT('Ctrl Pts',(281.725307925647,13.4876760776221,5.48525719565041));
#4329=CARTESIAN_POINT('Ctrl Pts',(281.746827385899,13.4735601440749,5.44648187791873));
#4330=CARTESIAN_POINT('Ctrl Pts',(281.765763611533,13.4594442105309,5.4062731855937));
#4331=CARTESIAN_POINT('Ctrl Pts',(281.781949465303,13.4453282769901,5.3649860135831));
#4332=CARTESIAN_POINT('Ctrl Pts',(281.798132356502,13.4312149271528,5.32370639855106));
#4333=CARTESIAN_POINT('Ctrl Pts',(281.811565715281,13.4171015773188,5.2813491296735));
#4334=CARTESIAN_POINT('Ctrl Pts',(281.822131017759,13.4029882274882,5.23828792940547));
#4335=CARTESIAN_POINT('Ctrl Pts',(281.832697839087,13.3888728487458,5.19522053873063));
#4336=CARTESIAN_POINT('Ctrl Pts',(281.840395668022,13.3747574700069,5.15144946314346));
#4337=CARTESIAN_POINT('Ctrl Pts',(281.845156566364,13.3606420912715,5.10736101001014));
#4338=CARTESIAN_POINT('Ctrl Pts',(281.8490061147,13.34922873421,5.07171214310159));
#4339=CARTESIAN_POINT('Ctrl Pts',(281.850936463176,13.3378153771508,5.03585611153426));
#4340=CARTESIAN_POINT('Ctrl Pts',(281.850936463162,13.3264020200939,5.));
#4341=CARTESIAN_POINT('',(281.850936464906,14.7764020684729,5.));
#4342=CARTESIAN_POINT('Origin',(277.000936419848,13.8264021209802,5.));
#4343=CARTESIAN_POINT('',(275.550936369254,12.8264021209802,5.));
#4344=CARTESIAN_POINT('Ctrl Pts',(276.050936470742,13.8264021209802,6.));
#4345=CARTESIAN_POINT('Ctrl Pts',(276.036822798332,13.782062720421,6.));
#4346=CARTESIAN_POINT('Ctrl Pts',(276.022709125922,13.7377235510241,5.99704668580388));
#4347=CARTESIAN_POINT('Ctrl Pts',(276.008595453511,13.6937758395866,5.9911661159885));
#4348=CARTESIAN_POINT('Ctrl Pts',(275.994482332814,13.6498298460954,5.98528577604863));
#4349=CARTESIAN_POINT('Ctrl Pts',(275.980369212117,13.6062757380923,5.97647847098563));
#4350=CARTESIAN_POINT('Ctrl Pts',(275.96625609142,13.5634977854179,5.96482190602335));
#4351=CARTESIAN_POINT('Ctrl Pts',(275.952143473592,13.5207213569761,5.95316575639925));
#4352=CARTESIAN_POINT('Ctrl Pts',(275.938030855763,13.47872147439,5.93866067172379));
#4353=CARTESIAN_POINT('Ctrl Pts',(275.923918237935,13.4378686685204,5.9214346185811));
#4354=CARTESIAN_POINT('Ctrl Pts',(275.909806074148,13.3970171769986,5.9042091196482));
#4355=CARTESIAN_POINT('Ctrl Pts',(275.895693910361,13.3573131140716,5.88426300712546));
#4356=CARTESIAN_POINT('Ctrl Pts',(275.881581746574,13.3191067339687,5.86177223807505));
#4357=CARTESIAN_POINT('Ctrl Pts',(275.867465525025,13.2808893681359,5.83927500210696));
#4358=CARTESIAN_POINT('Ctrl Pts',(275.853349303476,13.2441709463988,5.81423187853524));
#4359=CARTESIAN_POINT('Ctrl Pts',(275.839233081927,13.2092755705981,5.78686391505362));
#4360=CARTESIAN_POINT('Ctrl Pts',(275.825118287397,13.1743837223985,5.75949871822107));
#4361=CARTESIAN_POINT('Ctrl Pts',(275.811003492868,13.1413149150129,5.7298094376537));
#4362=CARTESIAN_POINT('Ctrl Pts',(275.796888698339,13.1103609774405,5.69805807835627));
#4363=CARTESIAN_POINT('Ctrl Pts',(275.78277513519,13.0794097403022,5.66630948906027));
#4364=CARTESIAN_POINT('Ctrl Pts',(275.768661572041,13.0505733262068,5.63249951241332));
#4365=CARTESIAN_POINT('Ctrl Pts',(275.754548008892,13.0241061694133,5.59692646624139));
#4366=CARTESIAN_POINT('Ctrl Pts',(275.740435481666,12.997640955285,5.56135603109854));
#4367=CARTESIAN_POINT('Ctrl Pts',(275.72632295444,12.9735449260509,5.52402315642766));
#4368=CARTESIAN_POINT('Ctrl Pts',(275.712210427213,12.9520306586888,5.48525719565041));
#4369=CARTESIAN_POINT('Ctrl Pts',(275.698094493641,12.9305111984201,5.44648187791872));
#4370=CARTESIAN_POINT('Ctrl Pts',(275.683978560069,12.9115749727696,5.4062731855937));
#4371=CARTESIAN_POINT('Ctrl Pts',(275.669862626497,12.8953891189825,5.36498601358309));
#4372=CARTESIAN_POINT('Ctrl Pts',(275.655749276628,12.8792062277657,5.32370639855106));
#4373=CARTESIAN_POINT('Ctrl Pts',(275.641635926759,12.8657728689702,5.2813491296735));
#4374=CARTESIAN_POINT('Ctrl Pts',(275.62752257689,12.8552075664754,5.23828792940547));
#4375=CARTESIAN_POINT('Ctrl Pts',(275.61340719811,12.8446407451303,5.19522053873063));
#4376=CARTESIAN_POINT('Ctrl Pts',(275.599291819329,12.8369429161787,5.15144946314346));
#4377=CARTESIAN_POINT('Ctrl Pts',(275.585176440548,12.8321820178191,5.10736101001014));
#4378=CARTESIAN_POINT('Ctrl Pts',(275.57376308345,12.8283324694698,5.07171214310159));
#4379=CARTESIAN_POINT('Ctrl Pts',(275.562349726352,12.8264021209802,5.03585611153426));
#4380=CARTESIAN_POINT('Ctrl Pts',(275.550936369254,12.8264021209802,5.));
#4381=CARTESIAN_POINT('',(281.350936571592,12.8264021209802,5.));
#4382=CARTESIAN_POINT('',(277.000936419848,12.8264021209802,5.));
#4383=CARTESIAN_POINT('Ctrl Pts',(281.350936571592,12.8264021209802,5.));
#4384=CARTESIAN_POINT('Ctrl Pts',(281.336822899003,12.8264021209802,5.04433940055916));
#4385=CARTESIAN_POINT('Ctrl Pts',(281.322709226414,12.8293554351763,5.08867856995607));
#4386=CARTESIAN_POINT('Ctrl Pts',(281.308595553825,12.8352360049917,5.13262628139356));
#4387=CARTESIAN_POINT('Ctrl Pts',(281.294482432949,12.8411163449315,5.17657227488476));
#4388=CARTESIAN_POINT('Ctrl Pts',(281.280369312073,12.8499236499945,5.22012638288787));
#4389=CARTESIAN_POINT('Ctrl Pts',(281.266256191197,12.8615802149568,5.26290433556231));
#4390=CARTESIAN_POINT('Ctrl Pts',(281.252143573189,12.8732363645809,5.30568076400411));
#4391=CARTESIAN_POINT('Ctrl Pts',(281.238030955181,12.8877414492564,5.34768064659015));
#4392=CARTESIAN_POINT('Ctrl Pts',(281.223918337174,12.9049675023991,5.38853345245978));
#4393=CARTESIAN_POINT('Ctrl Pts',(281.209806173208,12.922193001332,5.4293849439816));
#4394=CARTESIAN_POINT('Ctrl Pts',(281.195694009243,12.9421391138547,5.46908900690858));
#4395=CARTESIAN_POINT('Ctrl Pts',(281.181581845277,12.9646298829051,5.50729538701146));
#4396=CARTESIAN_POINT('Ctrl Pts',(281.167465623549,12.9871271188732,5.5455127528443));
#4397=CARTESIAN_POINT('Ctrl Pts',(281.15334940182,13.0121702424449,5.58223117458135));
#4398=CARTESIAN_POINT('Ctrl Pts',(281.139233180092,13.0395382059266,5.61712655038208));
#4399=CARTESIAN_POINT('Ctrl Pts',(281.125118385384,13.0669034027591,5.65201839858168));
#4400=CARTESIAN_POINT('Ctrl Pts',(281.111003590675,13.0965926833265,5.68508720596728));
#4401=CARTESIAN_POINT('Ctrl Pts',(281.096888795967,13.1283440426239,5.71604114353964));
#4402=CARTESIAN_POINT('Ctrl Pts',(281.082775232639,13.1600926319199,5.74699238067795));
#4403=CARTESIAN_POINT('Ctrl Pts',(281.068661669311,13.1939026085668,5.77582879477342));
#4404=CARTESIAN_POINT('Ctrl Pts',(281.054548105983,13.2294756547388,5.80229595156685));
#4405=CARTESIAN_POINT('Ctrl Pts',(281.040435578578,13.2650460898816,5.82876116569516));
#4406=CARTESIAN_POINT('Ctrl Pts',(281.026323051173,13.3023789645525,5.85285719492931));
#4407=CARTESIAN_POINT('Ctrl Pts',(281.012210523768,13.3411449253298,5.87437146229134));
#4408=CARTESIAN_POINT('Ctrl Pts',(280.998094590017,13.3799202430614,5.89589092256012));
#4409=CARTESIAN_POINT('Ctrl Pts',(280.983978656265,13.4201289353865,5.91482714821052));
#4410=CARTESIAN_POINT('Ctrl Pts',(280.969862722514,13.4614161073971,5.93101300199767));
#4411=CARTESIAN_POINT('Ctrl Pts',(280.955749372466,13.5026957224291,5.94719589321451));
#4412=CARTESIAN_POINT('Ctrl Pts',(280.941636022419,13.5450529913067,5.96062925201));
#4413=CARTESIAN_POINT('Ctrl Pts',(280.927522672371,13.5881141915747,5.97119455450474));
#4414=CARTESIAN_POINT('Ctrl Pts',(280.913407293411,13.6311815822496,5.98176137584986));
#4415=CARTESIAN_POINT('Ctrl Pts',(280.899291914452,13.6749526578367,5.98945920480151));
#4416=CARTESIAN_POINT('Ctrl Pts',(280.885176535492,13.71904111097,5.99422010316107));
#4417=CARTESIAN_POINT('Ctrl Pts',(280.873763178249,13.7546899778786,5.99806965151042));
#4418=CARTESIAN_POINT('Ctrl Pts',(280.862349821006,13.7905460094459,6.));
#4419=CARTESIAN_POINT('Ctrl Pts',(280.850936463763,13.8264021209802,6.));
#4420=CARTESIAN_POINT('',(277.000936419848,13.8264021209802,6.));
#4421=CARTESIAN_POINT('Ctrl Pts',(281.350936571592,12.8264021209802,5.));
#4422=CARTESIAN_POINT('Ctrl Pts',(281.429834369641,12.826402129535,5.));
#4423=CARTESIAN_POINT('Ctrl Pts',(281.579093683728,12.8629503307822,5.));
#4424=CARTESIAN_POINT('Ctrl Pts',(281.782408597705,13.026816358407,5.));
#4425=CARTESIAN_POINT('Ctrl Pts',(281.850936451151,13.2080553230199,5.));
#4426=CARTESIAN_POINT('Ctrl Pts',(281.850936463162,13.3264020200939,5.));
#4427=CARTESIAN_POINT('Ctrl Pts',(281.255698455815,12.8264021106536,5.29919930034189));
#4428=CARTESIAN_POINT('Ctrl Pts',(281.33770869658,12.8248865041392,5.2953510320015));
#4429=CARTESIAN_POINT('Ctrl Pts',(281.515364526691,12.8178295142496,5.29021858317404));
#4430=CARTESIAN_POINT('Ctrl Pts',(281.829697224219,13.0510364586396,5.28846043643404));
#4431=CARTESIAN_POINT('Ctrl Pts',(281.85320988179,13.2986247737498,5.29342689679844));
#4432=CARTESIAN_POINT('Ctrl Pts',(281.850936472827,13.4216401343192,5.29919930034188));
#4433=CARTESIAN_POINT('Ctrl Pts',(281.089031753206,13.077711639144,5.81704013849562));
#4434=CARTESIAN_POINT('Ctrl Pts',(281.14310675919,13.0790493007071,5.82542967109721));
#4435=CARTESIAN_POINT('Ctrl Pts',(281.277339781637,13.0997025343061,5.83734395380296));
#4436=CARTESIAN_POINT('Ctrl Pts',(281.54162934629,13.3079645062309,5.84150654489537));
#4437=CARTESIAN_POINT('Ctrl Pts',(281.597620454769,13.5071943257668,5.82962443675113));
#4438=CARTESIAN_POINT('Ctrl Pts',(281.599626945517,13.588306834516,5.81704013849561));
#4439=CARTESIAN_POINT('Ctrl Pts',(280.922365050596,13.6020026457238,6.));
#4440=CARTESIAN_POINT('Ctrl Pts',(280.935810549541,13.6172990762237,6.00268569853308));
#4441=CARTESIAN_POINT('Ctrl Pts',(280.962230169009,13.6461385895223,6.00626761726922));
#4442=CARTESIAN_POINT('Ctrl Pts',(281.015642478457,13.7008307992873,6.00749462178228));
#4443=CARTESIAN_POINT('Ctrl Pts',(281.052391293041,13.7348052864935,6.00402854788769));
#4444=CARTESIAN_POINT('Ctrl Pts',(281.075335938934,13.7549735350412,6.));
#4445=CARTESIAN_POINT('Ctrl Pts',(280.850936463763,13.8264021209802,6.));
#4446=CARTESIAN_POINT('Ctrl Pts',(280.850936463763,13.8264021209802,6.));
#4447=CARTESIAN_POINT('Ctrl Pts',(280.850936463764,13.8264021209802,6.));
#4448=CARTESIAN_POINT('Ctrl Pts',(280.850936463764,13.8264021209802,6.));
#4449=CARTESIAN_POINT('Ctrl Pts',(280.850936463763,13.8264021209802,6.));
#4450=CARTESIAN_POINT('Ctrl Pts',(280.850936463763,13.8264021209802,6.));
#4451=CARTESIAN_POINT('Ctrl Pts',(281.350936571592,12.8264021209802,5.));
#4452=CARTESIAN_POINT('Ctrl Pts',(281.429834369641,12.826402129535,5.));
#4453=CARTESIAN_POINT('Ctrl Pts',(281.579093683728,12.8629503307822,5.));
#4454=CARTESIAN_POINT('Ctrl Pts',(281.782408597705,13.026816358407,5.));
#4455=CARTESIAN_POINT('Ctrl Pts',(281.850936451151,13.2080553230199,5.));
#4456=CARTESIAN_POINT('Ctrl Pts',(281.850936463162,13.3264020200939,5.));
#4457=CARTESIAN_POINT('Ctrl Pts',(281.85093647014,19.1264022218665,5.));
#4458=CARTESIAN_POINT('Ctrl Pts',(281.850936462222,19.2053000206819,5.));
#4459=CARTESIAN_POINT('Ctrl Pts',(281.814388262905,19.3545593365287,5.));
#4460=CARTESIAN_POINT('Ctrl Pts',(281.650522235546,19.5578742536932,5.));
#4461=CARTESIAN_POINT('Ctrl Pts',(281.469283269852,19.6264021085863,5.));
#4462=CARTESIAN_POINT('Ctrl Pts',(281.350936571629,19.6264021205863,5.));
#4463=CARTESIAN_POINT('Ctrl Pts',(281.850936479698,19.0311641070296,5.29919930034189));
#4464=CARTESIAN_POINT('Ctrl Pts',(281.852452085947,19.1131743480982,5.29535103138419));
#4465=CARTESIAN_POINT('Ctrl Pts',(281.859507830384,19.290828476381,5.29021222719636));
#4466=CARTESIAN_POINT('Ctrl Pts',(281.6263016872,19.6051591661033,5.28845119695969));
#4467=CARTESIAN_POINT('Ctrl Pts',(281.378713818499,19.6286755394921,5.29342689691262));
#4468=CARTESIAN_POINT('Ctrl Pts',(281.25569845691,19.6264021302431,5.29919930034188));
#4469=CARTESIAN_POINT('Ctrl Pts',(281.599625949496,18.8644974063674,5.8170390383751));
#4470=CARTESIAN_POINT('Ctrl Pts',(281.59828828897,18.9185724124296,5.82542857064904));
#4471=CARTESIAN_POINT('Ctrl Pts',(281.577638430699,19.0528057925494,5.83734405698564));
#4472=CARTESIAN_POINT('Ctrl Pts',(281.369377420138,19.3170955352362,5.84150719446884));
#4473=CARTESIAN_POINT('Ctrl Pts',(281.170144265294,19.3730851091062,5.82962333678387));
#4474=CARTESIAN_POINT('Ctrl Pts',(281.089031756198,19.3750915999855,5.81703903837509));
#4475=CARTESIAN_POINT('Ctrl Pts',(281.075335944881,18.6978307060337,6.));
#4476=CARTESIAN_POINT('Ctrl Pts',(281.060039514222,18.711276205067,6.00268569860723));
#4477=CARTESIAN_POINT('Ctrl Pts',(281.031198087027,18.7376946163174,6.00627205287082));
#4478=CARTESIAN_POINT('Ctrl Pts',(280.976505749465,18.7911055654929,6.0075010697858));
#4479=CARTESIAN_POINT('Ctrl Pts',(280.942533304075,18.82785694945,6.00402854790725));
#4480=CARTESIAN_POINT('Ctrl Pts',(280.922365055537,18.8508015954455,6.));
#4481=CARTESIAN_POINT('Ctrl Pts',(280.850936469539,18.626402120176,6.));
#4482=CARTESIAN_POINT('Ctrl Pts',(280.850936469539,18.626402120176,6.));
#4483=CARTESIAN_POINT('Ctrl Pts',(280.850936469539,18.626402120176,6.));
#4484=CARTESIAN_POINT('Ctrl Pts',(280.850936469539,18.626402120176,6.));
#4485=CARTESIAN_POINT('Ctrl Pts',(280.850936469539,18.626402120176,6.));
#4486=CARTESIAN_POINT('Ctrl Pts',(280.850936469539,18.626402120176,6.));
#4487=CARTESIAN_POINT('Ctrl Pts',(281.85093647014,19.1264022218665,5.));
#4488=CARTESIAN_POINT('Ctrl Pts',(281.850936462222,19.2053000206819,5.));
#4489=CARTESIAN_POINT('Ctrl Pts',(281.814388262905,19.3545593365287,5.));
#4490=CARTESIAN_POINT('Ctrl Pts',(281.650522235546,19.5578742536932,5.));
#4491=CARTESIAN_POINT('Ctrl Pts',(281.469283269852,19.6264021085863,5.));
#4492=CARTESIAN_POINT('Ctrl Pts',(281.350936571629,19.6264021205863,5.));
#4493=CARTESIAN_POINT('Ctrl Pts',(275.550936362313,19.6264021196194,5.00000000000002));
#4494=CARTESIAN_POINT('Ctrl Pts',(275.472038564264,19.6264021110573,5.00000000000002));
#4495=CARTESIAN_POINT('Ctrl Pts',(275.322779250154,19.5898539099788,5.00000000000001));
#4496=CARTESIAN_POINT('Ctrl Pts',(275.119464336196,19.4259878823708,5.00000000000001));
#4497=CARTESIAN_POINT('Ctrl Pts',(275.050936482682,19.244748917993,5.));
#4498=CARTESIAN_POINT('Ctrl Pts',(275.050936470742,19.126402220919,5.));
#4499=CARTESIAN_POINT('Ctrl Pts',(275.646174478169,19.6264021299547,5.29919930034189));
#4500=CARTESIAN_POINT('Ctrl Pts',(275.564164237408,19.6279177364481,5.29535103199256));
#4501=CARTESIAN_POINT('Ctrl Pts',(275.386508407266,19.6349747269661,5.2902185831872));
#4502=CARTESIAN_POINT('Ctrl Pts',(275.072175709593,19.4017677822536,5.2884604364536));
#4503=CARTESIAN_POINT('Ctrl Pts',(275.048663051974,19.1541794669566,5.29342689686622));
#4504=CARTESIAN_POINT('Ctrl Pts',(275.050936461134,19.0311641063244,5.29919930034189));
#4505=CARTESIAN_POINT('Ctrl Pts',(275.812841180964,19.3750926012153,5.81704013849561));
#4506=CARTESIAN_POINT('Ctrl Pts',(275.75876617498,19.3737549396614,5.82542967108562));
#4507=CARTESIAN_POINT('Ctrl Pts',(275.624533152564,19.3531017062015,5.83734395379823));
#4508=CARTESIAN_POINT('Ctrl Pts',(275.360243587806,19.1448397343108,5.84150654491428));
#4509=CARTESIAN_POINT('Ctrl Pts',(275.304252479478,18.9456099145497,5.8296244367933));
#4510=CARTESIAN_POINT('Ctrl Pts',(275.302245988717,18.8644974057838,5.81704013849562));
#4511=CARTESIAN_POINT('Ctrl Pts',(275.979507883809,18.8508015945407,6.));
#4512=CARTESIAN_POINT('Ctrl Pts',(275.966062384865,18.8355051640404,6.00268569853437));
#4513=CARTESIAN_POINT('Ctrl Pts',(275.939642765393,18.8066656507517,6.00626761727134));
#4514=CARTESIAN_POINT('Ctrl Pts',(275.886230455967,18.7519734409736,6.00749462178186));
#4515=CARTESIAN_POINT('Ctrl Pts',(275.849481641359,18.7179989537924,6.00402854788657));
#4516=CARTESIAN_POINT('Ctrl Pts',(275.826536995486,18.6978307052433,6.));
#4517=CARTESIAN_POINT('Ctrl Pts',(276.050936470742,18.6264021192974,6.));
#4518=CARTESIAN_POINT('Ctrl Pts',(276.050936470742,18.6264021192974,6.));
#4519=CARTESIAN_POINT('Ctrl Pts',(276.050936470742,18.6264021192973,6.));
#4520=CARTESIAN_POINT('Ctrl Pts',(276.050936470742,18.6264021192973,6.));
#4521=CARTESIAN_POINT('Ctrl Pts',(276.050936470742,18.6264021192973,6.));
#4522=CARTESIAN_POINT('Ctrl Pts',(276.050936470742,18.6264021192973,6.));
#4523=CARTESIAN_POINT('Ctrl Pts',(275.550936362313,19.6264021196194,5.00000000000002));
#4524=CARTESIAN_POINT('Ctrl Pts',(275.472038564264,19.6264021110573,5.00000000000002));
#4525=CARTESIAN_POINT('Ctrl Pts',(275.322779250154,19.5898539099788,5.00000000000001));
#4526=CARTESIAN_POINT('Ctrl Pts',(275.119464336196,19.4259878823708,5.00000000000001));
#4527=CARTESIAN_POINT('Ctrl Pts',(275.050936482682,19.244748917993,5.));
#4528=CARTESIAN_POINT('Ctrl Pts',(275.050936470742,19.126402220919,5.));
#4529=CARTESIAN_POINT('Ctrl Pts',(275.050936470742,13.3264020124756,5.));
#4530=CARTESIAN_POINT('Ctrl Pts',(275.050936479303,13.2475042145018,5.));
#4531=CARTESIAN_POINT('Ctrl Pts',(275.087484680512,13.0982449005024,5.));
#4532=CARTESIAN_POINT('Ctrl Pts',(275.251350707904,12.8949299866704,5.));
#4533=CARTESIAN_POINT('Ctrl Pts',(275.432589672293,12.826402132991,5.));
#4534=CARTESIAN_POINT('Ctrl Pts',(275.550936369254,12.8264021209802,5.));
#4535=CARTESIAN_POINT('Ctrl Pts',(275.050936460408,13.4216401283812,5.29919930034189));
#4536=CARTESIAN_POINT('Ctrl Pts',(275.04942085389,13.3396298876736,5.29535103200738));
#4537=CARTESIAN_POINT('Ctrl Pts',(275.042362697516,13.1619724690017,5.29022451660634));
#4538=CARTESIAN_POINT('Ctrl Pts',(275.275570389815,12.8476378915176,5.28846906178735));
#4539=CARTESIAN_POINT('Ctrl Pts',(275.523159123262,12.8241287021062,5.29342689695018));
#4540=CARTESIAN_POINT('Ctrl Pts',(275.646174483823,12.8264021113146,5.29919930034189));
#4541=CARTESIAN_POINT('Ctrl Pts',(275.302245053681,13.5883068312161,5.81704116495873));
#4542=CARTESIAN_POINT('Ctrl Pts',(275.303582715254,13.534231825251,5.82543069756344));
#4543=CARTESIAN_POINT('Ctrl Pts',(275.324239099968,13.39999913748,5.83734385747573));
#4544=CARTESIAN_POINT('Ctrl Pts',(275.532501968585,13.1357097365216,5.84150593921894));
#4545=CARTESIAN_POINT('Ctrl Pts',(275.731728675565,13.0797171946422,5.82962546330839));
#4546=CARTESIAN_POINT('Ctrl Pts',(275.812841184319,13.0777107037435,5.81704116495873));
#4547=CARTESIAN_POINT('Ctrl Pts',(275.826536995486,13.7549735340509,6.));
#4548=CARTESIAN_POINT('Ctrl Pts',(275.841833425985,13.7415280351065,6.00268569853287));
#4549=CARTESIAN_POINT('Ctrl Pts',(275.870671152011,13.7151072878056,6.00626347637896));
#4550=CARTESIAN_POINT('Ctrl Pts',(275.92536324322,13.6616937074842,6.00748860221294));
#4551=CARTESIAN_POINT('Ctrl Pts',(275.959339636262,13.6249472915753,6.00402854787521));
#4552=CARTESIAN_POINT('Ctrl Pts',(275.979507884815,13.6020026457238,6.));
#4553=CARTESIAN_POINT('Ctrl Pts',(276.050936470742,13.8264021209802,6.));
#4554=CARTESIAN_POINT('Ctrl Pts',(276.050936470742,13.8264021209802,6.));
#4555=CARTESIAN_POINT('Ctrl Pts',(276.050936470742,13.8264021209802,6.));
#4556=CARTESIAN_POINT('Ctrl Pts',(276.050936470742,13.8264021209802,6.));
#4557=CARTESIAN_POINT('Ctrl Pts',(276.050936470742,13.8264021209802,6.));
#4558=CARTESIAN_POINT('Ctrl Pts',(276.050936470742,13.8264021209802,6.));
#4559=CARTESIAN_POINT('Ctrl Pts',(275.050936470742,13.3264020124756,5.));
#4560=CARTESIAN_POINT('Ctrl Pts',(275.050936479303,13.2475042145018,5.));
#4561=CARTESIAN_POINT('Ctrl Pts',(275.087484680512,13.0982449005024,5.));
#4562=CARTESIAN_POINT('Ctrl Pts',(275.251350707904,12.8949299866704,5.));
#4563=CARTESIAN_POINT('Ctrl Pts',(275.432589672293,12.826402132991,5.));
#4564=CARTESIAN_POINT('Ctrl Pts',(275.550936369254,12.8264021209802,5.));
#4565=CARTESIAN_POINT('Ctrl Pts',(281.85093647014,19.1264022218665,0.));
#4566=CARTESIAN_POINT('Ctrl Pts',(281.85093647014,19.1264022218665,6.));
#4567=CARTESIAN_POINT('Ctrl Pts',(281.850936414381,19.4025445177205,0.));
#4568=CARTESIAN_POINT('Ctrl Pts',(281.850936414381,19.4025445177205,6.));
#4569=CARTESIAN_POINT('Ctrl Pts',(281.627078867482,19.6264020648547,0.));
#4570=CARTESIAN_POINT('Ctrl Pts',(281.627078867482,19.6264020648547,6.));
#4571=CARTESIAN_POINT('Ctrl Pts',(281.350936571629,19.626402120905,0.));
#4572=CARTESIAN_POINT('Ctrl Pts',(281.350936571629,19.626402120905,6.));
#4573=CARTESIAN_POINT('',(281.85093647014,19.1264022218665,1.));
#4574=CARTESIAN_POINT('',(281.85093647014,19.1264022218665,0.));
#4575=CARTESIAN_POINT('',(281.350936571629,19.626402120905,1.));
#4576=CARTESIAN_POINT('Ctrl Pts',(281.350936571629,19.626402120905,1.));
#4577=CARTESIAN_POINT('Ctrl Pts',(281.627078867482,19.6264020648547,1.));
#4578=CARTESIAN_POINT('Ctrl Pts',(281.850936414381,19.4025445177205,1.));
#4579=CARTESIAN_POINT('Ctrl Pts',(281.85093647014,19.1264022218665,1.));
#4580=CARTESIAN_POINT('',(281.350936571629,19.626402120905,0.));
#4581=CARTESIAN_POINT('Origin',(281.850936463162,13.3264020200939,0.));
#4582=CARTESIAN_POINT('',(281.850936463162,13.3264020200939,1.));
#4583=CARTESIAN_POINT('',(281.850936463162,13.3264020200939,0.));
#4584=CARTESIAN_POINT('',(281.85093647014,19.1264022218665,1.));
#4585=CARTESIAN_POINT('Ctrl Pts',(281.350936571592,12.8264021209802,0.));
#4586=CARTESIAN_POINT('Ctrl Pts',(281.350936571592,12.8264021209802,6.));
#4587=CARTESIAN_POINT('Ctrl Pts',(281.627078864764,12.8264021808641,0.));
#4588=CARTESIAN_POINT('Ctrl Pts',(281.627078864764,12.8264021808641,6.));
#4589=CARTESIAN_POINT('Ctrl Pts',(281.850936407444,13.0502597269214,0.));
#4590=CARTESIAN_POINT('Ctrl Pts',(281.850936407444,13.0502597269214,6.));
#4591=CARTESIAN_POINT('Ctrl Pts',(281.850936463162,13.3264020200939,0.));
#4592=CARTESIAN_POINT('Ctrl Pts',(281.850936463162,13.3264020200939,6.));
#4593=CARTESIAN_POINT('',(281.350936571592,12.8264021209802,1.));
#4594=CARTESIAN_POINT('',(281.350936571592,12.8264021209802,0.));
#4595=CARTESIAN_POINT('Ctrl Pts',(281.850936463162,13.3264020200939,1.));
#4596=CARTESIAN_POINT('Ctrl Pts',(281.850936407444,13.0502597269214,1.));
#4597=CARTESIAN_POINT('Ctrl Pts',(281.627078864764,12.8264021808641,1.));
#4598=CARTESIAN_POINT('Ctrl Pts',(281.350936571592,12.8264021209802,1.));
#4599=CARTESIAN_POINT('Origin',(275.550936369254,12.8264021209802,0.));
#4600=CARTESIAN_POINT('',(275.550936369254,12.8264021209802,1.));
#4601=CARTESIAN_POINT('',(275.550936369254,12.8264021209802,0.));
#4602=CARTESIAN_POINT('',(281.350936571592,12.8264021209802,1.));
#4603=CARTESIAN_POINT('Origin',(278.450936470441,16.2264021209426,6.));
#4604=CARTESIAN_POINT('Ctrl Pts',(278.45093647026,19.2264021209424,0.));
#4605=CARTESIAN_POINT('Ctrl Pts',(278.45093647026,19.2264021209424,1.));
#4606=CARTESIAN_POINT('Ctrl Pts',(276.987303279232,19.2264021209424,0.));
#4607=CARTESIAN_POINT('Ctrl Pts',(276.987303279232,19.2264021209424,1.));
#4608=CARTESIAN_POINT('Ctrl Pts',(275.751673680136,18.1638282920733,0.));
#4609=CARTESIAN_POINT('Ctrl Pts',(275.751673680136,18.1638282920733,1.));
#4610=CARTESIAN_POINT('Ctrl Pts',(275.498597086087,16.7606379642466,0.));
#4611=CARTESIAN_POINT('Ctrl Pts',(275.498597086087,16.7606379642466,1.));
#4612=CARTESIAN_POINT('Ctrl Pts',(275.467223353448,16.5866854169845,0.));
#4613=CARTESIAN_POINT('Ctrl Pts',(275.467223353448,16.5866854169845,1.));
#4614=CARTESIAN_POINT('Ctrl Pts',(275.45093647026,16.4078477287034,0.));
#4615=CARTESIAN_POINT('Ctrl Pts',(275.45093647026,16.4078477287034,1.));
#4616=CARTESIAN_POINT('Ctrl Pts',(275.45093647026,16.2264021209424,0.));
#4617=CARTESIAN_POINT('Ctrl Pts',(275.45093647026,16.2264021209424,1.));
#4618=CARTESIAN_POINT('Ctrl Pts',(275.45093647026,14.7627689299141,0.));
#4619=CARTESIAN_POINT('Ctrl Pts',(275.45093647026,14.7627689299141,1.));
#4620=CARTESIAN_POINT('Ctrl Pts',(276.513510299129,13.5271393308189,0.));
#4621=CARTESIAN_POINT('Ctrl Pts',(276.513510299129,13.5271393308189,1.));
#4622=CARTESIAN_POINT('Ctrl Pts',(277.916700626956,13.2740627367693,0.));
#4623=CARTESIAN_POINT('Ctrl Pts',(277.916700626956,13.2740627367693,1.));
#4624=CARTESIAN_POINT('Ctrl Pts',(278.090653174218,13.2426890041299,0.));
#4625=CARTESIAN_POINT('Ctrl Pts',(278.090653174218,13.2426890041299,1.));
#4626=CARTESIAN_POINT('Ctrl Pts',(278.269490862499,13.2264021209425,0.));
#4627=CARTESIAN_POINT('Ctrl Pts',(278.269490862499,13.2264021209425,1.));
#4628=CARTESIAN_POINT('Ctrl Pts',(278.45093647026,13.2264021209425,0.));
#4629=CARTESIAN_POINT('Ctrl Pts',(278.45093647026,13.2264021209425,1.));
#4630=CARTESIAN_POINT('Ctrl Pts',(279.91456966129,13.2264021209425,0.));
#4631=CARTESIAN_POINT('Ctrl Pts',(279.91456966129,13.2264021209425,1.));
#4632=CARTESIAN_POINT('Ctrl Pts',(281.150199260387,14.2889759498139,0.));
#4633=CARTESIAN_POINT('Ctrl Pts',(281.150199260387,14.2889759498139,1.));
#4634=CARTESIAN_POINT('Ctrl Pts',(281.403275854434,15.6921662776428,0.));
#4635=CARTESIAN_POINT('Ctrl Pts',(281.403275854434,15.6921662776428,1.));
#4636=CARTESIAN_POINT('Ctrl Pts',(281.434649587073,15.8661188249035,0.));
#4637=CARTESIAN_POINT('Ctrl Pts',(281.434649587073,15.8661188249035,1.));
#4638=CARTESIAN_POINT('Ctrl Pts',(281.45093647026,16.0449565131831,0.));
#4639=CARTESIAN_POINT('Ctrl Pts',(281.45093647026,16.0449565131831,1.));
#4640=CARTESIAN_POINT('Ctrl Pts',(281.45093647026,16.2264021209424,0.));
#4641=CARTESIAN_POINT('Ctrl Pts',(281.45093647026,16.2264021209424,1.));
#4642=CARTESIAN_POINT('Ctrl Pts',(281.45093647026,17.6900353119726,0.));
#4643=CARTESIAN_POINT('Ctrl Pts',(281.45093647026,17.6900353119726,1.));
#4644=CARTESIAN_POINT('Ctrl Pts',(280.388362641389,18.9256649110688,0.));
#4645=CARTESIAN_POINT('Ctrl Pts',(280.388362641389,18.9256649110688,1.));
#4646=CARTESIAN_POINT('Ctrl Pts',(278.98517231356,19.1787415051165,0.));
#4647=CARTESIAN_POINT('Ctrl Pts',(278.98517231356,19.1787415051165,1.));
#4648=CARTESIAN_POINT('Ctrl Pts',(278.811219766299,19.2101152377552,0.));
#4649=CARTESIAN_POINT('Ctrl Pts',(278.811219766299,19.2101152377552,1.));
#4650=CARTESIAN_POINT('Ctrl Pts',(278.632382078019,19.2264021209424,0.));
#4651=CARTESIAN_POINT('Ctrl Pts',(278.632382078019,19.2264021209424,1.));
#4652=CARTESIAN_POINT('Ctrl Pts',(278.45093647026,19.2264021209424,0.));
#4653=CARTESIAN_POINT('Ctrl Pts',(278.45093647026,19.2264021209424,1.));
#4654=CARTESIAN_POINT('',(278.45093647026,19.2264021209424,0.));
#4655=CARTESIAN_POINT('',(278.45093647026,19.2264021209424,0.));
#4656=CARTESIAN_POINT('Ctrl Pts',(278.45093647026,19.2264021209424,0.));
#4657=CARTESIAN_POINT('Ctrl Pts',(278.632382078019,19.2264021209424,0.));
#4658=CARTESIAN_POINT('Ctrl Pts',(278.811219766299,19.2101152377552,0.));
#4659=CARTESIAN_POINT('Ctrl Pts',(278.98517231356,19.1787415051165,0.));
#4660=CARTESIAN_POINT('Ctrl Pts',(280.388362641389,18.9256649110688,0.));
#4661=CARTESIAN_POINT('Ctrl Pts',(281.45093647026,17.6900353119726,0.));
#4662=CARTESIAN_POINT('Ctrl Pts',(281.45093647026,16.2264021209424,0.));
#4663=CARTESIAN_POINT('Ctrl Pts',(281.45093647026,16.0449565131831,0.));
#4664=CARTESIAN_POINT('Ctrl Pts',(281.434649587073,15.8661188249035,0.));
#4665=CARTESIAN_POINT('Ctrl Pts',(281.403275854434,15.6921662776428,0.));
#4666=CARTESIAN_POINT('Ctrl Pts',(281.150199260387,14.2889759498139,0.));
#4667=CARTESIAN_POINT('Ctrl Pts',(279.91456966129,13.2264021209425,0.));
#4668=CARTESIAN_POINT('Ctrl Pts',(278.45093647026,13.2264021209425,0.));
#4669=CARTESIAN_POINT('Ctrl Pts',(278.269490862499,13.2264021209425,0.));
#4670=CARTESIAN_POINT('Ctrl Pts',(278.090653174218,13.2426890041299,0.));
#4671=CARTESIAN_POINT('Ctrl Pts',(277.916700626956,13.2740627367693,0.));
#4672=CARTESIAN_POINT('Ctrl Pts',(276.513510299129,13.5271393308189,0.));
#4673=CARTESIAN_POINT('Ctrl Pts',(275.45093647026,14.7627689299141,0.));
#4674=CARTESIAN_POINT('Ctrl Pts',(275.45093647026,16.2264021209424,0.));
#4675=CARTESIAN_POINT('Ctrl Pts',(275.45093647026,16.4078477287034,0.));
#4676=CARTESIAN_POINT('Ctrl Pts',(275.467223353448,16.5866854169845,0.));
#4677=CARTESIAN_POINT('Ctrl Pts',(275.498597086087,16.7606379642466,0.));
#4678=CARTESIAN_POINT('Ctrl Pts',(275.751673680136,18.1638282920733,0.));
#4679=CARTESIAN_POINT('Ctrl Pts',(276.987303279232,19.2264021209424,0.));
#4680=CARTESIAN_POINT('Ctrl Pts',(278.45093647026,19.2264021209424,0.));
#4681=CARTESIAN_POINT('Ctrl Pts',(275.550936362313,19.6264021200329,0.));
#4682=CARTESIAN_POINT('Ctrl Pts',(275.550936362313,19.6264021200329,6.));
#4683=CARTESIAN_POINT('Ctrl Pts',(275.27479406914,19.626402060149,0.));
#4684=CARTESIAN_POINT('Ctrl Pts',(275.27479406914,19.626402060149,6.));
#4685=CARTESIAN_POINT('Ctrl Pts',(275.05093652646,19.4025445140916,0.));
#4686=CARTESIAN_POINT('Ctrl Pts',(275.05093652646,19.4025445140916,6.));
#4687=CARTESIAN_POINT('Ctrl Pts',(275.050936470742,19.126402220919,0.));
#4688=CARTESIAN_POINT('Ctrl Pts',(275.050936470742,19.126402220919,6.));
#4689=CARTESIAN_POINT('',(275.550936362313,19.6264021200329,1.));
#4690=CARTESIAN_POINT('',(275.550936362313,19.6264021200329,0.));
#4691=CARTESIAN_POINT('',(275.050936470742,19.126402220919,1.));
#4692=CARTESIAN_POINT('Ctrl Pts',(275.050936470742,19.126402220919,1.));
#4693=CARTESIAN_POINT('Ctrl Pts',(275.05093652646,19.4025445140916,1.));
#4694=CARTESIAN_POINT('Ctrl Pts',(275.27479406914,19.626402060149,1.));
#4695=CARTESIAN_POINT('Ctrl Pts',(275.550936362313,19.6264021200329,1.));
#4696=CARTESIAN_POINT('',(275.050936470742,19.126402220919,0.));
#4697=CARTESIAN_POINT('Origin',(275.050936470742,19.126402220919,0.));
#4698=CARTESIAN_POINT('',(275.050936470742,13.3264020124756,1.));
#4699=CARTESIAN_POINT('',(275.050936470742,13.3264020124756,1.));
#4700=CARTESIAN_POINT('',(275.050936470742,13.3264020124756,0.));
#4701=CARTESIAN_POINT('Ctrl Pts',(275.050936470742,13.3264020124756,0.));
#4702=CARTESIAN_POINT('Ctrl Pts',(275.050936470742,13.3264020124756,6.));
#4703=CARTESIAN_POINT('Ctrl Pts',(275.050936530668,13.0502597195674,0.));
#4704=CARTESIAN_POINT('Ctrl Pts',(275.050936530668,13.0502597195674,6.));
#4705=CARTESIAN_POINT('Ctrl Pts',(275.274794076346,12.8264021770305,0.));
#4706=CARTESIAN_POINT('Ctrl Pts',(275.274794076346,12.8264021770305,6.));
#4707=CARTESIAN_POINT('Ctrl Pts',(275.550936369254,12.8264021209802,0.));
#4708=CARTESIAN_POINT('Ctrl Pts',(275.550936369254,12.8264021209802,6.));
#4709=CARTESIAN_POINT('Ctrl Pts',(275.550936369254,12.8264021209802,1.));
#4710=CARTESIAN_POINT('Ctrl Pts',(275.274794076346,12.8264021770305,1.));
#4711=CARTESIAN_POINT('Ctrl Pts',(275.050936530668,13.0502597195674,1.));
#4712=CARTESIAN_POINT('Ctrl Pts',(275.050936470742,13.3264020124756,1.));
#4713=CARTESIAN_POINT('Origin',(281.950936470322,19.126402120378,0.));
#4714=CARTESIAN_POINT('',(281.95093630191,19.6264021203774,0.));
#4715=CARTESIAN_POINT('',(282.450936470321,19.1264020122183,0.));
#4716=CARTESIAN_POINT('Origin',(281.950936470322,19.126402120378,0.));
#4717=CARTESIAN_POINT('',(281.95093630191,19.6264021203774,1.));
#4718=CARTESIAN_POINT('',(281.95093630191,19.6264021203774,0.));
#4719=CARTESIAN_POINT('',(282.450936470321,19.1264020122183,1.));
#4720=CARTESIAN_POINT('Origin',(281.950936470322,19.126402120378,1.));
#4721=CARTESIAN_POINT('',(282.450936470321,19.1264020122183,0.));
#4722=CARTESIAN_POINT('Origin',(282.450936467254,12.7264022375309,0.));
#4723=CARTESIAN_POINT('',(282.450936467254,12.7264022375309,0.));
#4724=CARTESIAN_POINT('',(282.450936470321,19.1264020122183,0.));
#4725=CARTESIAN_POINT('',(282.450936467254,12.7264022375309,1.));
#4726=CARTESIAN_POINT('',(282.450936470321,19.1264020122183,1.));
#4727=CARTESIAN_POINT('',(282.450936467254,12.7264022375309,0.));
#4728=CARTESIAN_POINT('Origin',(281.950936467253,12.7264021206753,0.));
#4729=CARTESIAN_POINT('',(281.950936298585,12.2264021206747,0.));
#4730=CARTESIAN_POINT('Origin',(281.950936467253,12.7264021206753,0.));
#4731=CARTESIAN_POINT('',(281.950936298585,12.2264021206747,1.));
#4732=CARTESIAN_POINT('Origin',(281.950936467253,12.7264021206753,1.));
#4733=CARTESIAN_POINT('',(281.950936298585,12.2264021206747,0.));
#4734=CARTESIAN_POINT('Origin',(274.95093663899,12.226402121136,0.));
#4735=CARTESIAN_POINT('',(274.95093663899,12.226402121136,0.));
#4736=CARTESIAN_POINT('',(281.950936298585,12.2264021206747,0.));
#4737=CARTESIAN_POINT('',(274.95093663899,12.226402121136,1.));
#4738=CARTESIAN_POINT('',(281.950936298585,12.2264021206747,1.));
#4739=CARTESIAN_POINT('',(274.95093663899,12.226402121136,0.));
#4740=CARTESIAN_POINT('Origin',(274.950936470561,12.7264021211369,0.));
#4741=CARTESIAN_POINT('',(274.45093647056,12.7264022292849,0.));
#4742=CARTESIAN_POINT('Origin',(274.950936470561,12.7264021211369,0.));
#4743=CARTESIAN_POINT('',(274.45093647056,12.7264022292849,1.));
#4744=CARTESIAN_POINT('Origin',(274.950936470561,12.7264021211369,1.));
#4745=CARTESIAN_POINT('',(274.45093647056,12.7264022292849,0.));
#4746=CARTESIAN_POINT('Origin',(274.45093647056,19.1264020022499,0.));
#4747=CARTESIAN_POINT('',(274.45093647056,19.1264020022499,0.));
#4748=CARTESIAN_POINT('',(274.45093647056,12.7264022292849,0.));
#4749=CARTESIAN_POINT('',(274.45093647056,19.1264020022499,1.));
#4750=CARTESIAN_POINT('',(274.45093647056,12.7264022292849,1.));
#4751=CARTESIAN_POINT('',(274.45093647056,19.1264020022499,0.));
#4752=CARTESIAN_POINT('Origin',(274.950936470561,19.1264021190951,0.));
#4753=CARTESIAN_POINT('',(274.950936633589,19.626402119096,0.));
#4754=CARTESIAN_POINT('Origin',(274.950936470561,19.1264021190951,0.));
#4755=CARTESIAN_POINT('',(274.950936633589,19.626402119096,1.));
#4756=CARTESIAN_POINT('Origin',(274.950936470561,19.1264021190951,1.));
#4757=CARTESIAN_POINT('',(274.950936633589,19.626402119096,0.));
#4758=CARTESIAN_POINT('Origin',(275.550936362313,19.6264021192058,0.));
#4759=CARTESIAN_POINT('',(274.950936633589,19.626402119096,1.));
#4760=CARTESIAN_POINT('',(274.950936633589,19.626402119096,0.));
#4761=CARTESIAN_POINT('',(274.950936633589,19.626402119096,1.));
#4762=CARTESIAN_POINT('Origin',(278.450936470441,15.9264021207898,1.));
#4763=CARTESIAN_POINT('Origin',(278.450936470441,15.9264021207898,0.));
#4764=CARTESIAN_POINT('Origin',(264.981141687708,-8.48236111084828,0.));
#4765=CARTESIAN_POINT('',(264.981141687708,-10.9823611108483,0.));
#4766=CARTESIAN_POINT('',(267.481141687708,-8.48236111084828,0.));
#4767=CARTESIAN_POINT('Origin',(264.981141687708,-8.48236111084828,0.));
#4768=CARTESIAN_POINT('',(267.481141687708,-8.48236111084828,0.8));
#4769=CARTESIAN_POINT('',(267.481141687708,-8.48236111084828,0.));
#4770=CARTESIAN_POINT('',(264.981141687708,-10.9823611108483,0.8));
#4771=CARTESIAN_POINT('Origin',(264.981141687708,-8.48236111084828,0.8));
#4772=CARTESIAN_POINT('',(264.981141687708,-10.9823611108483,0.));
#4773=CARTESIAN_POINT('Origin',(238.981141680865,-10.9823611108479,0.));
#4774=CARTESIAN_POINT('',(238.981141680865,-10.9823611108479,0.8));
#4775=CARTESIAN_POINT('',(264.981142813892,-10.9823611108483,0.8));
#4776=CARTESIAN_POINT('',(238.981141680865,-10.9823611108479,0.));
#4777=CARTESIAN_POINT('',(238.981141680865,-10.9823611108479,0.));
#4778=CARTESIAN_POINT('',(264.981142813892,-10.9823611108483,0.));
#4779=CARTESIAN_POINT('Origin',(251.981141859548,-1.79174438880983,0.8));
#4780=CARTESIAN_POINT('',(267.481141687708,-1.55859799153076,0.8));
#4781=CARTESIAN_POINT('',(267.481141687708,-1.55859799153076,0.8));
#4782=CARTESIAN_POINT('',(264.981142083707,0.941402119324102,0.8));
#4783=CARTESIAN_POINT('Ctrl Pts',(267.481141687708,-1.55859799153076,0.8));
#4784=CARTESIAN_POINT('Ctrl Pts',(267.481141748931,-0.177886228309561,0.8));
#4785=CARTESIAN_POINT('Ctrl Pts',(266.361853846928,0.941401900619749,0.8));
#4786=CARTESIAN_POINT('Ctrl Pts',(264.981142083707,0.941402119324102,0.8));
#4787=CARTESIAN_POINT('',(258.945333530997,0.941402120650072,0.8));
#4788=CARTESIAN_POINT('',(258.945333530997,0.941402120650072,0.8));
#4789=CARTESIAN_POINT('',(257.445333652801,2.44140191101921,0.8));
#4790=CARTESIAN_POINT('Ctrl Pts',(258.945333530997,0.941402120650072,0.8));
#4791=CARTESIAN_POINT('Ctrl Pts',(258.116906535684,0.941402187920963,0.8));
#4792=CARTESIAN_POINT('Ctrl Pts',(257.445333768577,1.61297491570666,0.8));
#4793=CARTESIAN_POINT('Ctrl Pts',(257.445333652801,2.44140191101921,0.8));
#4794=CARTESIAN_POINT('',(257.445333585356,6.2104607380265,0.8));
#4795=CARTESIAN_POINT('',(257.445333585356,6.2104607380265,0.8));
#4796=CARTESIAN_POINT('',(256.860580748667,7.39887233322861,0.8));
#4797=CARTESIAN_POINT('Origin',(255.945333585356,6.2104605232691,0.8));
#4798=CARTESIAN_POINT('',(256.880333497951,7.21046121119343,0.8));
#4799=CARTESIAN_POINT('Ctrl Pts',(256.860580748667,7.39887233322545,0.8));
#4800=CARTESIAN_POINT('Ctrl Pts',(256.873523030369,7.33811169276844,0.8));
#4801=CARTESIAN_POINT('Ctrl Pts',(256.880333481735,7.27508178386959,0.8));
#4802=CARTESIAN_POINT('Ctrl Pts',(256.880333497951,7.21046121119343,0.8));
#4803=CARTESIAN_POINT('',(256.880333497951,6.30688709449245,0.8));
#4804=CARTESIAN_POINT('',(256.880333497951,7.21046121119343,0.8));
#4805=CARTESIAN_POINT('',(257.180333497951,6.30688709449245,0.8));
#4806=CARTESIAN_POINT('',(254.430737678749,6.30688709449245,0.8));
#4807=CARTESIAN_POINT('',(257.180333497951,5.30688709449247,0.8));
#4808=CARTESIAN_POINT('',(257.180333497951,1.75757135284132,0.8));
#4809=CARTESIAN_POINT('',(256.880333497951,5.30688709449247,0.8));
#4810=CARTESIAN_POINT('',(254.430737678749,5.30688709449247,0.8));
#4811=CARTESIAN_POINT('',(256.880333497951,1.80688709449248,0.8));
#4812=CARTESIAN_POINT('',(256.880333497951,7.21046121119343,0.8));
#4813=CARTESIAN_POINT('',(257.180333497951,1.80688709449248,0.8));
#4814=CARTESIAN_POINT('',(254.43073767875,1.80688709449248,0.8));
#4815=CARTESIAN_POINT('',(257.180333497951,0.806887094492468,0.8));
#4816=CARTESIAN_POINT('',(257.180333497951,-0.407671256858522,0.8));
#4817=CARTESIAN_POINT('',(256.893314816638,0.806887094492468,0.8));
#4818=CARTESIAN_POINT('',(254.43073767875,0.806887094492468,0.8));
#4819=CARTESIAN_POINT('',(257.980332855587,-0.12359787901985,0.8));
#4820=CARTESIAN_POINT('Ctrl Pts',(256.893314816638,0.80688709449314,0.8));
#4821=CARTESIAN_POINT('Ctrl Pts',(256.974835559848,0.279857395760158,0.8));
#4822=CARTESIAN_POINT('Ctrl Pts',(257.430468176541,-0.123597557916965,0.8));
#4823=CARTESIAN_POINT('Ctrl Pts',(257.980332855587,-0.12359787901985,0.8));
#4824=CARTESIAN_POINT('',(258.922236149258,-0.123597879020267,0.8));
#4825=CARTESIAN_POINT('',(257.980332855587,-0.12359787901985,0.8));
#4826=CARTESIAN_POINT('',(258.922236149258,0.176402120979733,0.8));
#4827=CARTESIAN_POINT('',(258.922236149258,-0.95767113391505,0.8));
#4828=CARTESIAN_POINT('',(259.922236149258,0.176402120979733,0.8));
#4829=CARTESIAN_POINT('',(255.951689004403,0.176402120979733,0.8));
#4830=CARTESIAN_POINT('',(259.922236149258,-0.123597879020267,0.8));
#4831=CARTESIAN_POINT('',(259.922236149258,-0.95767113391505,0.8));
#4832=CARTESIAN_POINT('',(263.422236146538,-0.123597879019885,0.8));
#4833=CARTESIAN_POINT('',(257.980332855587,-0.12359787901985,0.8));
#4834=CARTESIAN_POINT('',(263.422236146538,0.176402120980115,0.8));
#4835=CARTESIAN_POINT('',(263.422236146538,-0.957671133914881,0.8));
#4836=CARTESIAN_POINT('',(264.422236146538,0.17640212098007,0.8));
#4837=CARTESIAN_POINT('',(258.201689003043,0.176402120980115,0.8));
#4838=CARTESIAN_POINT('',(264.422236146538,-0.12359787901993,0.8));
#4839=CARTESIAN_POINT('',(264.422236146538,-0.957671133914881,0.8));
#4840=CARTESIAN_POINT('',(265.672236717956,-0.123597879019899,0.8));
#4841=CARTESIAN_POINT('',(257.980332855587,-0.12359787901985,0.8));
#4842=CARTESIAN_POINT('',(266.572236143387,-1.02359731209158,0.8));
#4843=CARTESIAN_POINT('Ctrl Pts',(265.672236717956,-0.123597879019899,0.8));
#4844=CARTESIAN_POINT('Ctrl Pts',(266.169292512003,-0.123598164612733,0.8));
#4845=CARTESIAN_POINT('Ctrl Pts',(266.572235830282,-0.526541460587908,0.8));
#4846=CARTESIAN_POINT('Ctrl Pts',(266.572236143387,-1.02359731209158,0.8));
#4847=CARTESIAN_POINT('',(266.572236143381,-9.22359768686956,0.8));
#4848=CARTESIAN_POINT('',(266.572236143387,-1.02359731209158,0.8));
#4849=CARTESIAN_POINT('',(265.572236143381,-10.2235976868689,0.8));
#4850=CARTESIAN_POINT('Origin',(265.572236143381,-9.22359768686887,0.8));
#4851=CARTESIAN_POINT('',(238.544341963774,-10.2235976868688,0.8));
#4852=CARTESIAN_POINT('',(245.212741653805,-10.2235976868688,0.8));
#4853=CARTESIAN_POINT('',(237.544341963774,-9.22359768686879,0.8));
#4854=CARTESIAN_POINT('Origin',(238.544341963774,-9.22359768686879,0.8));
#4855=CARTESIAN_POINT('',(237.544341963774,-1.02359724909959,0.8));
#4856=CARTESIAN_POINT('',(237.544341963774,-9.52359825273555,0.8));
#4857=CARTESIAN_POINT('',(238.444343051019,-0.123597879020472,0.8));
#4858=CARTESIAN_POINT('Origin',(238.444341963774,-1.0235978790204,0.8));
#4859=CARTESIAN_POINT('',(239.694341961679,-0.123597879020285,0.8));
#4860=CARTESIAN_POINT('',(238.444343051019,-0.123597879020472,0.8));
#4861=CARTESIAN_POINT('',(239.694341961679,0.176402120979715,0.8));
#4862=CARTESIAN_POINT('',(239.694341961679,-0.957671133915059,0.8));
#4863=CARTESIAN_POINT('',(240.694341961679,0.176402120979715,0.8));
#4864=CARTESIAN_POINT('',(246.337741910613,0.176402120979715,0.8));
#4865=CARTESIAN_POINT('',(240.694341961679,-0.123597879020285,0.8));
#4866=CARTESIAN_POINT('',(240.694341961679,-0.957671133915059,0.8));
#4867=CARTESIAN_POINT('',(244.194341958959,-0.123597879019948,0.8));
#4868=CARTESIAN_POINT('',(238.444343051019,-0.123597879020472,0.8));
#4869=CARTESIAN_POINT('',(244.194341958959,0.176402120980052,0.8));
#4870=CARTESIAN_POINT('',(244.194341958959,-0.95767113391489,0.8));
#4871=CARTESIAN_POINT('',(245.194341958959,0.176402120980052,0.8));
#4872=CARTESIAN_POINT('',(248.587741909254,0.176402120980052,0.8));
#4873=CARTESIAN_POINT('',(245.194341958959,-0.123597879019948,0.8));
#4874=CARTESIAN_POINT('',(245.194341958959,-0.95767113391489,0.8));
#4875=CARTESIAN_POINT('',(245.98033228216,-0.123597879019899,0.8));
#4876=CARTESIAN_POINT('',(238.444343051019,-0.123597879020472,0.8));
#4877=CARTESIAN_POINT('',(247.067193496202,0.806887094492468,0.8));
#4878=CARTESIAN_POINT('Origin',(245.980333497951,0.976402120980473,0.8));
#4879=CARTESIAN_POINT('',(246.780333497952,0.806887094492468,0.8));
#4880=CARTESIAN_POINT('',(249.53073767875,0.806887094492468,0.8));
#4881=CARTESIAN_POINT('',(246.780333497952,1.80688709449248,0.8));
#4882=CARTESIAN_POINT('',(246.780333497952,0.0075713528413246,0.8));
#4883=CARTESIAN_POINT('',(247.080333497952,1.80688709449248,0.8));
#4884=CARTESIAN_POINT('',(249.53073767875,1.80688709449248,0.8));
#4885=CARTESIAN_POINT('',(247.080333497951,5.30688709449248,0.8));
#4886=CARTESIAN_POINT('',(247.080333497952,0.97640184494368,0.8));
#4887=CARTESIAN_POINT('',(246.780333497951,5.30688709449248,0.8));
#4888=CARTESIAN_POINT('',(249.530737678747,5.30688709449248,0.8));
#4889=CARTESIAN_POINT('',(246.780333497951,6.30688709449248,0.8));
#4890=CARTESIAN_POINT('',(246.780333497951,2.25757135284133,0.8));
#4891=CARTESIAN_POINT('',(247.080333497951,6.30688709449248,0.8));
#4892=CARTESIAN_POINT('',(249.530737678747,6.30688709449248,0.8));
#4893=CARTESIAN_POINT('',(247.080333497951,7.21046123123277,0.8));
#4894=CARTESIAN_POINT('',(247.080333497952,0.97640184494368,0.8));
#4895=CARTESIAN_POINT('',(247.100086208801,7.3988721689994,0.8));
#4896=CARTESIAN_POINT('Ctrl Pts',(247.080333497951,7.21046123123277,0.8));
#4897=CARTESIAN_POINT('Ctrl Pts',(247.080333513841,7.27508173834683,0.8));
#4898=CARTESIAN_POINT('Ctrl Pts',(247.087143951738,7.33811158518575,0.8));
#4899=CARTESIAN_POINT('Ctrl Pts',(247.100086208801,7.39887216899939,0.8));
#4900=CARTESIAN_POINT('',(246.515333585356,6.21046077580917,0.8));
#4901=CARTESIAN_POINT('Origin',(248.015333585356,6.21046052326835,0.8));
#4902=CARTESIAN_POINT('',(246.515333652801,2.44140205579306,0.8));
#4903=CARTESIAN_POINT('',(246.515333652801,2.44140205579306,0.8));
#4904=CARTESIAN_POINT('',(245.015334397225,0.941402284235608,0.8));
#4905=CARTESIAN_POINT('Ctrl Pts',(246.515333652801,2.44140205579306,0.8));
#4906=CARTESIAN_POINT('Ctrl Pts',(246.515333526636,1.61297531097485,0.8));
#4907=CARTESIAN_POINT('Ctrl Pts',(245.843761142043,0.941402695369526,0.8));
#4908=CARTESIAN_POINT('Ctrl Pts',(245.015334397225,0.941402284235608,0.8));
#4909=CARTESIAN_POINT('',(238.981141281419,0.941402167995249,0.8));
#4910=CARTESIAN_POINT('',(238.981141281419,0.941402167995249,0.8));
#4911=CARTESIAN_POINT('',(236.481142049542,-1.55859797572858,0.8));
#4912=CARTESIAN_POINT('Ctrl Pts',(238.981141281419,0.941402167995249,0.8));
#4913=CARTESIAN_POINT('Ctrl Pts',(237.600429650685,0.941401743772832,0.8));
#4914=CARTESIAN_POINT('Ctrl Pts',(236.481141970165,-0.17788634499448,0.8));
#4915=CARTESIAN_POINT('Ctrl Pts',(236.481142049542,-1.55859797572858,0.8));
#4916=CARTESIAN_POINT('',(236.481142049542,-8.48236113827325,0.8));
#4917=CARTESIAN_POINT('',(236.481142049542,-8.48236113827325,0.8));
#4918=CARTESIAN_POINT('Ctrl Pts',(236.481142049542,-8.48236113827325,0.8));
#4919=CARTESIAN_POINT('Ctrl Pts',(236.481142064689,-9.86307285816257,0.8));
#4920=CARTESIAN_POINT('Ctrl Pts',(237.600429960976,-10.9823609072332,0.8));
#4921=CARTESIAN_POINT('Ctrl Pts',(238.981141680865,-10.9823611108479,0.8));
#4922=CARTESIAN_POINT('Origin',(265.572236143381,-9.22359768686887,0.));
#4923=CARTESIAN_POINT('',(266.572236143381,-9.22359768686956,6.));
#4924=CARTESIAN_POINT('',(265.572236143381,-10.2235976868689,6.));
#4925=CARTESIAN_POINT('Origin',(265.572236143381,-9.22359768686887,6.));
#4926=CARTESIAN_POINT('',(265.572236143381,-10.2235976868689,0.));
#4927=CARTESIAN_POINT('',(266.572236143381,-9.22359768686956,0.));
#4928=CARTESIAN_POINT('Origin',(245.251315250821,-9.22359768686881,6.));
#4929=CARTESIAN_POINT('',(265.572236143381,-9.22359768686887,7.));
#4930=CARTESIAN_POINT('Origin',(265.572236143381,-9.22359768686887,6.));
#4931=CARTESIAN_POINT('',(238.544341963774,-9.22359768686879,7.));
#4932=CARTESIAN_POINT('',(245.251315250821,-9.22359768686881,7.));
#4933=CARTESIAN_POINT('',(238.544341963774,-10.2235976868688,6.));
#4934=CARTESIAN_POINT('Origin',(238.544341963774,-9.22359768686879,6.));
#4935=CARTESIAN_POINT('',(245.251315250821,-10.2235976868688,6.));
#4936=CARTESIAN_POINT('Origin',(265.572236143381,-9.22359768686887,6.));
#4937=CARTESIAN_POINT('Origin',(265.572236143381,-9.22359768686888,6.));
#4938=CARTESIAN_POINT('Origin',(238.544341963774,-9.22359768686879,0.));
#4939=CARTESIAN_POINT('',(237.544341963774,-9.22359768686879,6.));
#4940=CARTESIAN_POINT('Origin',(238.544341963774,-9.22359768686879,6.));
#4941=CARTESIAN_POINT('',(237.544341963774,-9.22359768686879,0.));
#4942=CARTESIAN_POINT('',(238.544341963774,-10.2235976868688,0.));
#4943=CARTESIAN_POINT('Origin',(238.544341963774,-9.22359768686879,6.));
#4944=CARTESIAN_POINT('Origin',(238.544341963774,-9.22359768686879,6.));
#4945=CARTESIAN_POINT('Origin',(266.572236143381,-9.52360106555625,0.));
#4946=CARTESIAN_POINT('',(266.572236143387,-1.02359731209158,6.));
#4947=CARTESIAN_POINT('',(266.572236143387,-1.02359731209158,0.));
#4948=CARTESIAN_POINT('',(266.572236143384,-5.34008470816395,6.));
#4949=CARTESIAN_POINT('Origin',(238.444341448062,-10.2235976868688,0.));
#4950=CARTESIAN_POINT('Origin',(267.481141687708,-8.48236119490015,0.));
#4951=CARTESIAN_POINT('',(267.481141687708,-1.55859799153076,0.));
#4952=CARTESIAN_POINT('',(267.481141687708,-1.55859799153076,0.));
#4953=CARTESIAN_POINT('',(267.481141687708,-1.55859799153076,0.));
#4954=CARTESIAN_POINT('Origin',(265.572236143384,-5.34008470816327,6.));
#4955=CARTESIAN_POINT('',(265.572236143387,-1.1235978790199,7.));
#4956=CARTESIAN_POINT('Ctrl Pts',(266.572236143387,-1.02359731209158,6.));
#4957=CARTESIAN_POINT('Ctrl Pts',(266.572236143387,-1.02642006200357,6.04433940055917));
#4958=CARTESIAN_POINT('Ctrl Pts',(266.569282829191,-1.02924281191555,6.08867856995608));
#4959=CARTESIAN_POINT('Ctrl Pts',(266.563402259376,-1.03206556182753,6.13262628139356));
#4960=CARTESIAN_POINT('Ctrl Pts',(266.557521919436,-1.03488820139628,6.17657227488475));
#4961=CARTESIAN_POINT('Ctrl Pts',(266.548714614373,-1.03771084096502,6.22012638288786));
#4962=CARTESIAN_POINT('Ctrl Pts',(266.53705804941,-1.04053348053376,6.2629043355623));
#4963=CARTESIAN_POINT('Ctrl Pts',(266.525401899786,-1.04335601952828,6.30568076400409));
#4964=CARTESIAN_POINT('Ctrl Pts',(266.510896815111,-1.04617855852279,6.34768064659012));
#4965=CARTESIAN_POINT('Ctrl Pts',(266.493670761968,-1.04900109751731,6.38853345245974));
#4966=CARTESIAN_POINT('Ctrl Pts',(266.476445263035,-1.05182354570293,6.42938494398156));
#4967=CARTESIAN_POINT('Ctrl Pts',(266.456499150513,-1.05464599388856,6.46908900690853));
#4968=CARTESIAN_POINT('Ctrl Pts',(266.434008381462,-1.05746844207418,6.50729538701141));
#4969=CARTESIAN_POINT('Ctrl Pts',(266.411511145494,-1.06029170181676,6.54551275284425));
#4970=CARTESIAN_POINT('Ctrl Pts',(266.386468021922,-1.06311496155933,6.5822311745813));
#4971=CARTESIAN_POINT('Ctrl Pts',(266.359100058441,-1.06593822130191,6.61712655038203));
#4972=CARTESIAN_POINT('Ctrl Pts',(266.331734861608,-1.06876119563892,6.65201839858163));
#4973=CARTESIAN_POINT('Ctrl Pts',(266.302045581041,-1.07158416997594,6.68508720596724));
#4974=CARTESIAN_POINT('Ctrl Pts',(266.270294221743,-1.07440714431295,6.7160411435396));
#4975=CARTESIAN_POINT('Ctrl Pts',(266.238545632447,-1.07722987237254,6.74699238067791));
#4976=CARTESIAN_POINT('Ctrl Pts',(266.2047356558,-1.08005260043213,6.77582879477338));
#4977=CARTESIAN_POINT('Ctrl Pts',(266.169162609628,-1.08287532849171,6.80229595156681));
#4978=CARTESIAN_POINT('Ctrl Pts',(266.133592174486,-1.08569784936564,6.82876116569512));
#4979=CARTESIAN_POINT('Ctrl Pts',(266.096259299815,-1.08852037023956,6.85285719492927));
#4980=CARTESIAN_POINT('Ctrl Pts',(266.057493339037,-1.09134289111349,6.87437146229131));
#4981=CARTESIAN_POINT('Ctrl Pts',(266.018718021306,-1.09416609326033,6.89589092256009));
#4982=CARTESIAN_POINT('Ctrl Pts',(265.978509328981,-1.09698929540717,6.9148271482105));
#4983=CARTESIAN_POINT('Ctrl Pts',(265.93722215697,-1.09981249755401,6.93101300199765));
#4984=CARTESIAN_POINT('Ctrl Pts',(265.895942541938,-1.10263518295734,6.94719589321449));
#4985=CARTESIAN_POINT('Ctrl Pts',(265.853585273061,-1.10545786836067,6.96062925200998));
#4986=CARTESIAN_POINT('Ctrl Pts',(265.810524072793,-1.108280553764,6.97119455450472));
#4987=CARTESIAN_POINT('Ctrl Pts',(265.767456682118,-1.1111036449519,6.98176137584984));
#4988=CARTESIAN_POINT('Ctrl Pts',(265.723685606531,-1.11392673613981,6.9894592048015));
#4989=CARTESIAN_POINT('Ctrl Pts',(265.679597153397,-1.11674982732772,6.99422010316106));
#4990=CARTESIAN_POINT('Ctrl Pts',(265.643948286489,-1.11903251122511,6.99806965151042));
#4991=CARTESIAN_POINT('Ctrl Pts',(265.608092254921,-1.1213151951225,7.));
#4992=CARTESIAN_POINT('Ctrl Pts',(265.572236143387,-1.1235978790199,7.));
#4993=CARTESIAN_POINT('',(265.572236143384,-5.34008470816327,7.));
#4994=CARTESIAN_POINT('Origin',(238.544341963774,-1.09008279993065,6.));
#4995=CARTESIAN_POINT('',(238.544341963774,-1.12359787902046,7.));
#4996=CARTESIAN_POINT('',(238.544341963774,-1.09008279993065,7.));
#4997=CARTESIAN_POINT('',(237.544341963774,-1.02359787902108,6.));
#4998=CARTESIAN_POINT('Origin',(238.544341963774,-1.12359787902046,6.));
#4999=CARTESIAN_POINT('',(237.544341963774,-1.09008279993065,6.));
#5000=CARTESIAN_POINT('Origin',(252.058289053581,-1.1565683507617,7.));
#5001=CARTESIAN_POINT('',(257.980332855587,-1.12359787901985,7.));
#5002=CARTESIAN_POINT('',(258.865262885768,-1.12359787901986,7.));
#5003=CARTESIAN_POINT('',(255.880333497951,0.976401629206974,7.));
#5004=CARTESIAN_POINT('Ctrl Pts',(255.880333497951,0.976401629206974,6.99999999999997));
#5005=CARTESIAN_POINT('Ctrl Pts',(255.880333575201,0.662231140046302,6.99999999999997));
#5006=CARTESIAN_POINT('Ctrl Pts',(256.024062097239,0.0351577614773258,6.99999999999997));
#5007=CARTESIAN_POINT('Ctrl Pts',(256.727003019113,-0.847942852082529,6.99999999999997));
#5008=CARTESIAN_POINT('Ctrl Pts',(257.509076537879,-1.12359760382184,7.));
#5009=CARTESIAN_POINT('Ctrl Pts',(257.98033227162,-1.12359787901969,7.));
#5010=CARTESIAN_POINT('',(255.880333497951,7.11046098534547,7.));
#5011=CARTESIAN_POINT('',(255.880333497951,-0.0900832378344568,7.));
#5012=CARTESIAN_POINT('',(255.743394816912,7.11046098534547,7.));
#5013=CARTESIAN_POINT('',(254.019311296475,7.11046098534547,7.));
#5014=CARTESIAN_POINT('',(255.846067710089,6.80688799647655,7.));
#5015=CARTESIAN_POINT('Ctrl Pts',(255.743394816912,7.11046098534547,7.));
#5016=CARTESIAN_POINT('Ctrl Pts',(255.80780126318,7.02629143297135,7.));
#5017=CARTESIAN_POINT('Ctrl Pts',(255.846067504112,6.92105849347091,7.));
#5018=CARTESIAN_POINT('Ctrl Pts',(255.846067710089,6.80688799647655,7.));
#5019=CARTESIAN_POINT('',(255.846067702268,0.306886192508391,7.));
#5020=CARTESIAN_POINT('',(255.846067710089,6.80688799647655,7.));
#5021=CARTESIAN_POINT('',(255.346068606859,-0.193112905507502,7.));
#5022=CARTESIAN_POINT('Ctrl Pts',(255.846067702268,0.306886192508391,7.));
#5023=CARTESIAN_POINT('Ctrl Pts',(255.846067204117,0.0307445231040804,7.));
#5024=CARTESIAN_POINT('Ctrl Pts',(255.622210276263,-0.193112405917133,7.));
#5025=CARTESIAN_POINT('Ctrl Pts',(255.346068606859,-0.193112905507502,7.));
#5026=CARTESIAN_POINT('',(248.846066808105,-0.193112905507502,7.));
#5027=CARTESIAN_POINT('',(255.346068606859,-0.193112905507502,7.));
#5028=CARTESIAN_POINT('',(248.34606771069,0.306886189826634,7.));
#5029=CARTESIAN_POINT('Ctrl Pts',(248.846066808105,-0.193112905507502,7.));
#5030=CARTESIAN_POINT('Ctrl Pts',(248.569925138965,-0.193112407024492,7.));
#5031=CARTESIAN_POINT('Ctrl Pts',(248.346068210322,0.0307445206866008,7.));
#5032=CARTESIAN_POINT('Ctrl Pts',(248.34606771069,0.306886189826634,7.));
#5033=CARTESIAN_POINT('',(248.34606771069,6.80688799542374,7.));
#5034=CARTESIAN_POINT('',(248.34606771069,0.306886189826634,7.));
#5035=CARTESIAN_POINT('',(248.448740604616,7.11046098534547,7.));
#5036=CARTESIAN_POINT('Ctrl Pts',(248.34606771069,6.80688799542374,7.));
#5037=CARTESIAN_POINT('Ctrl Pts',(248.34606791665,6.92105849286591,7.));
#5038=CARTESIAN_POINT('Ctrl Pts',(248.384334157874,7.0262914327765,7.));
#5039=CARTESIAN_POINT('Ctrl Pts',(248.448740604616,7.11046098534547,7.));
#5040=CARTESIAN_POINT('',(248.080333497951,7.11046098534547,7.));
#5041=CARTESIAN_POINT('',(254.019311296475,7.11046098534547,7.));
#5042=CARTESIAN_POINT('',(248.080333497952,0.976401844943816,7.));
#5043=CARTESIAN_POINT('',(248.080333497952,3.02694644023533,7.));
#5044=CARTESIAN_POINT('',(245.980331176896,-1.12359787901929,7.));
#5045=CARTESIAN_POINT('Origin',(245.980333497951,0.976402120980473,7.));
#5046=CARTESIAN_POINT('',(249.01931066787,-1.12359787901967,7.));
#5047=CARTESIAN_POINT('',(255.346068612674,-1.52359764262183,7.));
#5048=CARTESIAN_POINT('',(255.846067710089,-2.02359674056258,7.));
#5049=CARTESIAN_POINT('Ctrl Pts',(255.346068612674,-1.52359764262183,7.));
#5050=CARTESIAN_POINT('Ctrl Pts',(255.622210282832,-1.52359814110487,7.));
#5051=CARTESIAN_POINT('Ctrl Pts',(255.846067211897,-1.74745507040456,7.));
#5052=CARTESIAN_POINT('Ctrl Pts',(255.846067710089,-2.02359674056258,7.));
#5053=CARTESIAN_POINT('',(255.846067702268,-8.5235985445307,7.));
#5054=CARTESIAN_POINT('',(255.846067710089,-2.02359674056258,7.));
#5055=CARTESIAN_POINT('',(255.346068606859,-9.02359764254666,7.));
#5056=CARTESIAN_POINT('Ctrl Pts',(255.846067702268,-8.5235985445307,7.));
#5057=CARTESIAN_POINT('Ctrl Pts',(255.846067204117,-8.79974021393502,7.));
#5058=CARTESIAN_POINT('Ctrl Pts',(255.622210276263,-9.02359714295626,7.));
#5059=CARTESIAN_POINT('Ctrl Pts',(255.346068606859,-9.02359764254666,7.));
#5060=CARTESIAN_POINT('',(248.846066808105,-9.02359764254664,7.));
#5061=CARTESIAN_POINT('',(255.346068606859,-9.02359764254666,7.));
#5062=CARTESIAN_POINT('',(248.34606771069,-8.52359854721249,7.));
#5063=CARTESIAN_POINT('Ctrl Pts',(248.846066808105,-9.02359764254664,7.));
#5064=CARTESIAN_POINT('Ctrl Pts',(248.569925138965,-9.02359714406361,7.));
#5065=CARTESIAN_POINT('Ctrl Pts',(248.346068210322,-8.79974021635256,7.));
#5066=CARTESIAN_POINT('Ctrl Pts',(248.34606771069,-8.52359854721249,7.));
#5067=CARTESIAN_POINT('',(248.34606771069,-2.02359674161536,7.));
#5068=CARTESIAN_POINT('',(248.34606771069,-8.52359854721249,7.));
#5069=CARTESIAN_POINT('',(248.8460668061,-1.52359764359943,7.));
#5070=CARTESIAN_POINT('Ctrl Pts',(248.34606771069,-2.02359674161536,7.));
#5071=CARTESIAN_POINT('Ctrl Pts',(248.346068208841,-1.74745507221099,7.));
#5072=CARTESIAN_POINT('Ctrl Pts',(248.569925136695,-1.52359814318977,7.));
#5073=CARTESIAN_POINT('Ctrl Pts',(248.8460668061,-1.52359764359943,7.));
#5074=CARTESIAN_POINT('',(248.8460668061,-1.52359764359943,7.));
#5075=CARTESIAN_POINT('',(245.694342860944,-1.52359764262183,7.));
#5076=CARTESIAN_POINT('',(246.19434195896,-2.02359674056258,7.));
#5077=CARTESIAN_POINT('Ctrl Pts',(245.694342860944,-1.52359764262183,7.));
#5078=CARTESIAN_POINT('Ctrl Pts',(245.970484531337,-1.52359814077255,7.));
#5079=CARTESIAN_POINT('Ctrl Pts',(246.194341460768,-1.74745507016959,7.));
#5080=CARTESIAN_POINT('Ctrl Pts',(246.19434195896,-2.02359674056258,7.));
#5081=CARTESIAN_POINT('',(246.19434195896,-8.5235985445307,7.));
#5082=CARTESIAN_POINT('',(246.19434195896,-2.02359674056258,7.));
#5083=CARTESIAN_POINT('',(245.694342864153,-9.02359764254651,7.));
#5084=CARTESIAN_POINT('Ctrl Pts',(246.19434195896,-8.5235985445307,7.));
#5085=CARTESIAN_POINT('Ctrl Pts',(246.194341460809,-8.79974021369999,7.));
#5086=CARTESIAN_POINT('Ctrl Pts',(245.970484533322,-9.02359714262384,7.));
#5087=CARTESIAN_POINT('Ctrl Pts',(245.694342864153,-9.02359764254651,7.));
#5088=CARTESIAN_POINT('',(239.194341065399,-9.02359764254664,7.));
#5089=CARTESIAN_POINT('',(245.694342864153,-9.02359764254651,7.));
#5090=CARTESIAN_POINT('',(238.694341967383,-8.52359854721249,7.));
#5091=CARTESIAN_POINT('Ctrl Pts',(239.194341065399,-9.02359764254664,7.));
#5092=CARTESIAN_POINT('Ctrl Pts',(238.918199396024,-9.02359714439584,7.));
#5093=CARTESIAN_POINT('Ctrl Pts',(238.694342467015,-8.79974021658747,7.));
#5094=CARTESIAN_POINT('Ctrl Pts',(238.694341967383,-8.52359854721249,7.));
#5095=CARTESIAN_POINT('',(238.694341959562,-2.02359674161536,7.));
#5096=CARTESIAN_POINT('',(238.694341967383,-8.52359854721249,7.));
#5097=CARTESIAN_POINT('',(239.19434105437,-1.52359764359943,7.));
#5098=CARTESIAN_POINT('Ctrl Pts',(238.694341959562,-2.02359674161536,7.));
#5099=CARTESIAN_POINT('Ctrl Pts',(238.694342457713,-1.74745507244596,7.));
#5100=CARTESIAN_POINT('Ctrl Pts',(238.9181993852,-1.52359814352205,7.));
#5101=CARTESIAN_POINT('Ctrl Pts',(239.19434105437,-1.52359764359943,7.));
#5102=CARTESIAN_POINT('',(239.19434105437,-1.52359764359943,7.));
#5103=CARTESIAN_POINT('',(264.922237050183,-1.52359764262183,7.));
#5104=CARTESIAN_POINT('',(265.422236147597,-2.02359674056258,7.));
#5105=CARTESIAN_POINT('Ctrl Pts',(264.922237050183,-1.52359764262183,7.));
#5106=CARTESIAN_POINT('Ctrl Pts',(265.198378720341,-1.52359814110487,7.));
#5107=CARTESIAN_POINT('Ctrl Pts',(265.422235649405,-1.74745507040456,7.));
#5108=CARTESIAN_POINT('Ctrl Pts',(265.422236147597,-2.02359674056258,7.));
#5109=CARTESIAN_POINT('',(265.422236139777,-8.5235985445307,7.));
#5110=CARTESIAN_POINT('',(265.422236147597,-2.02359674056258,7.));
#5111=CARTESIAN_POINT('',(264.922237044368,-9.02359764254666,7.));
#5112=CARTESIAN_POINT('Ctrl Pts',(265.422236139777,-8.5235985445307,7.));
#5113=CARTESIAN_POINT('Ctrl Pts',(265.422235641626,-8.79974021393502,7.));
#5114=CARTESIAN_POINT('Ctrl Pts',(265.198378713772,-9.02359714295626,7.));
#5115=CARTESIAN_POINT('Ctrl Pts',(264.922237044368,-9.02359764254666,7.));
#5116=CARTESIAN_POINT('',(258.422235245614,-9.02359764254664,7.));
#5117=CARTESIAN_POINT('',(264.922237044368,-9.02359764254666,7.));
#5118=CARTESIAN_POINT('',(257.922236148199,-8.52359854721249,7.));
#5119=CARTESIAN_POINT('Ctrl Pts',(258.422235245614,-9.02359764254664,7.));
#5120=CARTESIAN_POINT('Ctrl Pts',(258.146093576473,-9.02359714406361,7.));
#5121=CARTESIAN_POINT('Ctrl Pts',(257.922236647831,-8.79974021635256,7.));
#5122=CARTESIAN_POINT('Ctrl Pts',(257.922236148199,-8.52359854721249,7.));
#5123=CARTESIAN_POINT('',(257.922236148199,-2.02359674161536,7.));
#5124=CARTESIAN_POINT('',(257.922236148199,-8.52359854721249,7.));
#5125=CARTESIAN_POINT('',(258.422235243609,-1.52359764359943,7.));
#5126=CARTESIAN_POINT('Ctrl Pts',(257.922236148199,-2.02359674161536,7.));
#5127=CARTESIAN_POINT('Ctrl Pts',(257.92223664635,-1.74745507221093,7.));
#5128=CARTESIAN_POINT('Ctrl Pts',(258.146093574204,-1.52359814318969,7.));
#5129=CARTESIAN_POINT('Ctrl Pts',(258.422235243609,-1.52359764359943,7.));
#5130=CARTESIAN_POINT('',(258.422235243609,-1.52359764359943,7.));
#5131=CARTESIAN_POINT('Origin',(265.672149554678,-9.32351104439337,0.));
#5132=CARTESIAN_POINT('',(265.972236143373,-9.32351104439386,6.));
#5133=CARTESIAN_POINT('',(265.672149554678,-9.62359763308926,6.));
#5134=CARTESIAN_POINT('Origin',(265.672149554678,-9.32351104439337,6.));
#5135=CARTESIAN_POINT('',(265.972236143373,-9.32351104439386,0.));
#5136=CARTESIAN_POINT('',(265.972236143373,-9.32351104439386,0.));
#5137=CARTESIAN_POINT('',(265.672149554678,-9.62359763308926,0.));
#5138=CARTESIAN_POINT('Origin',(265.672149554678,-9.32351104439337,0.));
#5139=CARTESIAN_POINT('',(265.672149554678,-9.62359763308926,0.));
#5140=CARTESIAN_POINT('Origin',(252.058289053581,-1.15656832387979,6.));
#5141=CARTESIAN_POINT('',(238.444429900859,-9.62359763310497,6.));
#5142=CARTESIAN_POINT('',(245.251315508096,-9.62359763310104,6.));
#5143=CARTESIAN_POINT('',(238.144341963774,-9.32350969601978,6.));
#5144=CARTESIAN_POINT('Origin',(238.444429900859,-9.32350969601978,6.));
#5145=CARTESIAN_POINT('',(238.144341963774,-1.02359783760086,6.));
#5146=CARTESIAN_POINT('',(238.144341963774,-9.52359764262179,6.));
#5147=CARTESIAN_POINT('',(238.444342326189,-0.723597879020299,6.));
#5148=CARTESIAN_POINT('Origin',(238.444341963774,-1.02359787902048,6.));
#5149=CARTESIAN_POINT('',(245.98033228216,-0.723597879020019,6.));
#5150=CARTESIAN_POINT('',(238.444342326189,-0.723597879020299,6.));
#5151=CARTESIAN_POINT('',(247.680333497951,0.976401694378981,6.));
#5152=CARTESIAN_POINT('Origin',(245.980333497952,0.976402120979172,6.));
#5153=CARTESIAN_POINT('',(247.680333497951,7.21045839694222,6.));
#5154=CARTESIAN_POINT('',(247.680333497951,0.976401694378981,6.));
#5155=CARTESIAN_POINT('',(247.980333488434,7.51046098534538,6.));
#5156=CARTESIAN_POINT('Ctrl Pts',(247.980333488434,7.51046098534538,6.));
#5157=CARTESIAN_POINT('Ctrl Pts',(247.814649083404,7.51046098008925,6.));
#5158=CARTESIAN_POINT('Ctrl Pts',(247.680335139576,7.37614805241542,6.));
#5159=CARTESIAN_POINT('Ctrl Pts',(247.680333497951,7.21045839694222,6.));
#5160=CARTESIAN_POINT('',(255.98033353937,7.51046098534532,6.));
#5161=CARTESIAN_POINT('',(247.980333488434,7.51046098534538,6.));
#5162=CARTESIAN_POINT('',(256.28033349795,7.21046106062803,6.));
#5163=CARTESIAN_POINT('Ctrl Pts',(256.28033349795,7.21046106062803,6.));
#5164=CARTESIAN_POINT('Ctrl Pts',(256.280333456373,7.37614645132501,6.));
#5165=CARTESIAN_POINT('Ctrl Pts',(256.146018901073,7.51046097848277,6.));
#5166=CARTESIAN_POINT('Ctrl Pts',(255.98033353937,7.51046098534532,6.));
#5167=CARTESIAN_POINT('',(256.280333497951,0.97640187509259,6.));
#5168=CARTESIAN_POINT('',(256.28033349795,7.21046106062803,6.));
#5169=CARTESIAN_POINT('',(257.980332505207,-0.723597879019859,6.));
#5170=CARTESIAN_POINT('Ctrl Pts',(257.980332505207,-0.723597879019859,6.));
#5171=CARTESIAN_POINT('Ctrl Pts',(257.041448981427,-0.723597330742849,6.));
#5172=CARTESIAN_POINT('Ctrl Pts',(256.28033372881,0.0375181791922197,6.));
#5173=CARTESIAN_POINT('Ctrl Pts',(256.280333497951,0.97640187509259,6.));
#5174=CARTESIAN_POINT('',(265.672234220897,-0.723597879019988,6.));
#5175=CARTESIAN_POINT('',(264.422236146538,-0.723597879020219,6.));
#5176=CARTESIAN_POINT('',(265.972236143387,-1.02359786659437,6.));
#5177=CARTESIAN_POINT('Ctrl Pts',(265.972236143387,-1.02359786659437,6.));
#5178=CARTESIAN_POINT('Ctrl Pts',(265.972236136525,-0.857913501207421,6.));
#5179=CARTESIAN_POINT('Ctrl Pts',(265.837923269418,-0.723599575102356,6.));
#5180=CARTESIAN_POINT('Ctrl Pts',(265.672234220897,-0.723597879019988,6.));
#5181=CARTESIAN_POINT('',(265.972236143387,-1.02359786659437,6.));
#5182=CARTESIAN_POINT('',(245.694342860944,-1.52359764262183,6.));
#5183=CARTESIAN_POINT('',(246.19434195896,-2.02359674056258,6.));
#5184=CARTESIAN_POINT('Ctrl Pts',(245.694342860944,-1.52359764262183,6.));
#5185=CARTESIAN_POINT('Ctrl Pts',(245.970484531337,-1.52359814077255,6.));
#5186=CARTESIAN_POINT('Ctrl Pts',(246.194341460768,-1.74745507016959,6.));
#5187=CARTESIAN_POINT('Ctrl Pts',(246.19434195896,-2.02359674056258,6.));
#5188=CARTESIAN_POINT('',(239.19434105437,-1.52359764359943,6.));
#5189=CARTESIAN_POINT('',(245.626315054003,-1.52359764263206,6.));
#5190=CARTESIAN_POINT('',(238.694341959562,-2.02359674161536,6.));
#5191=CARTESIAN_POINT('Ctrl Pts',(238.694341959562,-2.02359674161536,6.));
#5192=CARTESIAN_POINT('Ctrl Pts',(238.694342457713,-1.74745507244596,6.));
#5193=CARTESIAN_POINT('Ctrl Pts',(238.9181993852,-1.52359814352205,6.));
#5194=CARTESIAN_POINT('Ctrl Pts',(239.19434105437,-1.52359764359943,6.));
#5195=CARTESIAN_POINT('',(238.694341967383,-8.52359854721249,6.));
#5196=CARTESIAN_POINT('',(238.694341962951,-4.84008344358589,6.));
#5197=CARTESIAN_POINT('',(239.194341065399,-9.02359764254664,6.));
#5198=CARTESIAN_POINT('Ctrl Pts',(239.194341065399,-9.02359764254664,6.));
#5199=CARTESIAN_POINT('Ctrl Pts',(238.918199396024,-9.02359714439584,6.));
#5200=CARTESIAN_POINT('Ctrl Pts',(238.694342467015,-8.79974021658747,6.));
#5201=CARTESIAN_POINT('Ctrl Pts',(238.694341967383,-8.52359854721249,6.));
#5202=CARTESIAN_POINT('',(245.694342864153,-9.02359764254651,6.));
#5203=CARTESIAN_POINT('',(248.876315958867,-9.02359764254644,6.));
#5204=CARTESIAN_POINT('',(246.19434195896,-8.5235985445307,6.));
#5205=CARTESIAN_POINT('Ctrl Pts',(246.19434195896,-8.5235985445307,6.));
#5206=CARTESIAN_POINT('Ctrl Pts',(246.194341460809,-8.79974021369999,6.));
#5207=CARTESIAN_POINT('Ctrl Pts',(245.970484533322,-9.02359714262384,6.));
#5208=CARTESIAN_POINT('Ctrl Pts',(245.694342864153,-9.02359764254651,6.));
#5209=CARTESIAN_POINT('',(246.19434195896,-1.59008253222119,6.));
#5210=CARTESIAN_POINT('',(255.346068612674,7.30688709441725,6.));
#5211=CARTESIAN_POINT('',(255.846067710089,6.80688799647655,6.));
#5212=CARTESIAN_POINT('Ctrl Pts',(255.346068612674,7.30688709441725,6.));
#5213=CARTESIAN_POINT('Ctrl Pts',(255.622210282832,7.30688659593429,6.));
#5214=CARTESIAN_POINT('Ctrl Pts',(255.846067211897,7.08302966663456,6.));
#5215=CARTESIAN_POINT('Ctrl Pts',(255.846067710089,6.80688799647655,6.));
#5216=CARTESIAN_POINT('',(248.8460668061,7.30688709343963,6.));
#5217=CARTESIAN_POINT('',(250.452177929204,7.3068870936812,6.));
#5218=CARTESIAN_POINT('',(248.34606771069,6.80688799542374,6.));
#5219=CARTESIAN_POINT('Ctrl Pts',(248.34606771069,6.80688799542374,6.));
#5220=CARTESIAN_POINT('Ctrl Pts',(248.346068208841,7.08302966482809,6.));
#5221=CARTESIAN_POINT('Ctrl Pts',(248.569925136695,7.30688659384933,6.));
#5222=CARTESIAN_POINT('Ctrl Pts',(248.8460668061,7.30688709343963,6.));
#5223=CARTESIAN_POINT('',(248.34606771069,0.306886189826634,6.));
#5224=CARTESIAN_POINT('',(248.34606771069,-0.42484106702658,6.));
#5225=CARTESIAN_POINT('',(248.846066808105,-0.193112905507502,6.));
#5226=CARTESIAN_POINT('Ctrl Pts',(248.846066808105,-0.193112905507502,6.));
#5227=CARTESIAN_POINT('Ctrl Pts',(248.569925138965,-0.193112407024492,6.));
#5228=CARTESIAN_POINT('Ctrl Pts',(248.346068210322,0.0307445206866009,6.));
#5229=CARTESIAN_POINT('Ctrl Pts',(248.34606771069,0.306886189826634,6.));
#5230=CARTESIAN_POINT('',(255.346068606859,-0.193112905507502,6.));
#5231=CARTESIAN_POINT('',(253.70217883022,-0.193112905507502,6.));
#5232=CARTESIAN_POINT('',(255.846067702268,0.306886192508391,6.));
#5233=CARTESIAN_POINT('Ctrl Pts',(255.846067702268,0.306886192508391,6.));
#5234=CARTESIAN_POINT('Ctrl Pts',(255.846067204117,0.0307445231040804,6.));
#5235=CARTESIAN_POINT('Ctrl Pts',(255.622210276263,-0.193112405917133,6.));
#5236=CARTESIAN_POINT('Ctrl Pts',(255.346068606859,-0.193112905507502,6.));
#5237=CARTESIAN_POINT('',(255.846067705298,2.82515983401965,6.));
#5238=CARTESIAN_POINT('',(255.346068612674,-1.52359764262183,6.));
#5239=CARTESIAN_POINT('',(255.846067710089,-2.02359674056258,6.));
#5240=CARTESIAN_POINT('Ctrl Pts',(255.346068612674,-1.52359764262183,6.));
#5241=CARTESIAN_POINT('Ctrl Pts',(255.622210282832,-1.52359814110487,6.));
#5242=CARTESIAN_POINT('Ctrl Pts',(255.846067211897,-1.74745507040456,6.));
#5243=CARTESIAN_POINT('Ctrl Pts',(255.846067710089,-2.02359674056258,6.));
#5244=CARTESIAN_POINT('',(248.8460668061,-1.52359764359943,6.));
#5245=CARTESIAN_POINT('',(250.452177929868,-1.52359764335787,6.));
#5246=CARTESIAN_POINT('',(248.34606771069,-2.02359674161536,6.));
#5247=CARTESIAN_POINT('Ctrl Pts',(248.34606771069,-2.02359674161536,6.));
#5248=CARTESIAN_POINT('Ctrl Pts',(248.346068208841,-1.74745507221099,6.));
#5249=CARTESIAN_POINT('Ctrl Pts',(248.569925136695,-1.52359814318977,6.));
#5250=CARTESIAN_POINT('Ctrl Pts',(248.8460668061,-1.52359764359943,6.));
#5251=CARTESIAN_POINT('',(248.34606771069,-8.52359854721249,6.));
#5252=CARTESIAN_POINT('',(248.34606771069,-4.84008343554614,6.));
#5253=CARTESIAN_POINT('',(248.846066808105,-9.02359764254664,6.));
#5254=CARTESIAN_POINT('Ctrl Pts',(248.846066808105,-9.02359764254664,6.));
#5255=CARTESIAN_POINT('Ctrl Pts',(248.569925138965,-9.02359714406361,6.));
#5256=CARTESIAN_POINT('Ctrl Pts',(248.346068210322,-8.79974021635256,6.));
#5257=CARTESIAN_POINT('Ctrl Pts',(248.34606771069,-8.52359854721249,6.));
#5258=CARTESIAN_POINT('',(255.346068606859,-9.02359764254666,6.));
#5259=CARTESIAN_POINT('',(253.70217883022,-9.02359764254666,6.));
#5260=CARTESIAN_POINT('',(255.846067702268,-8.5235985445307,6.));
#5261=CARTESIAN_POINT('Ctrl Pts',(255.846067702268,-8.5235985445307,6.));
#5262=CARTESIAN_POINT('Ctrl Pts',(255.846067204117,-8.79974021393502,6.));
#5263=CARTESIAN_POINT('Ctrl Pts',(255.622210276263,-9.02359714295626,6.));
#5264=CARTESIAN_POINT('Ctrl Pts',(255.346068606859,-9.02359764254666,6.));
#5265=CARTESIAN_POINT('',(255.846067710611,-1.59008253449992,6.));
#5266=CARTESIAN_POINT('',(264.922237050183,-1.52359764262183,6.));
#5267=CARTESIAN_POINT('',(265.422236147597,-2.02359674056258,6.));
#5268=CARTESIAN_POINT('Ctrl Pts',(264.922237050183,-1.52359764262183,6.));
#5269=CARTESIAN_POINT('Ctrl Pts',(265.198378720341,-1.52359814110487,6.));
#5270=CARTESIAN_POINT('Ctrl Pts',(265.422235649405,-1.74745507040456,6.));
#5271=CARTESIAN_POINT('Ctrl Pts',(265.422236147597,-2.02359674056258,6.));
#5272=CARTESIAN_POINT('',(258.422235243609,-1.52359764359943,6.));
#5273=CARTESIAN_POINT('',(255.240262148622,-1.523597644078,6.));
#5274=CARTESIAN_POINT('',(257.922236148199,-2.02359674161536,6.));
#5275=CARTESIAN_POINT('Ctrl Pts',(257.922236148199,-2.02359674161536,6.));
#5276=CARTESIAN_POINT('Ctrl Pts',(257.92223664635,-1.74745507221093,6.));
#5277=CARTESIAN_POINT('Ctrl Pts',(258.146093574204,-1.52359814318969,6.));
#5278=CARTESIAN_POINT('Ctrl Pts',(258.422235243609,-1.52359764359943,6.));
#5279=CARTESIAN_POINT('',(257.922236148199,-8.52359854721249,6.));
#5280=CARTESIAN_POINT('',(257.922236148199,-4.84008343554614,6.));
#5281=CARTESIAN_POINT('',(258.422235245614,-9.02359764254664,6.));
#5282=CARTESIAN_POINT('Ctrl Pts',(258.422235245614,-9.02359764254664,6.));
#5283=CARTESIAN_POINT('Ctrl Pts',(258.146093576473,-9.02359714406361,6.));
#5284=CARTESIAN_POINT('Ctrl Pts',(257.922236647831,-8.79974021635256,6.));
#5285=CARTESIAN_POINT('Ctrl Pts',(257.922236148199,-8.52359854721249,6.));
#5286=CARTESIAN_POINT('',(264.922237044368,-9.02359764254666,6.));
#5287=CARTESIAN_POINT('',(258.490263048974,-9.02359764254664,6.));
#5288=CARTESIAN_POINT('',(265.422236139777,-8.5235985445307,6.));
#5289=CARTESIAN_POINT('Ctrl Pts',(265.422236139777,-8.5235985445307,6.));
#5290=CARTESIAN_POINT('Ctrl Pts',(265.422235641626,-8.79974021393502,6.));
#5291=CARTESIAN_POINT('Ctrl Pts',(265.198378713772,-9.02359714295626,6.));
#5292=CARTESIAN_POINT('Ctrl Pts',(264.922237044368,-9.02359764254666,6.));
#5293=CARTESIAN_POINT('',(265.422236148119,-1.59008254025992,6.));
#5294=CARTESIAN_POINT('Origin',(238.444341962607,-9.62359763310497,0.));
#5295=CARTESIAN_POINT('',(238.444429900859,-9.62359763310497,0.));
#5296=CARTESIAN_POINT('',(245.21274191108,-9.62359763310106,0.));
#5297=CARTESIAN_POINT('',(238.444429900859,-9.62359763310497,0.));
#5298=CARTESIAN_POINT('Origin',(238.444429900859,-9.32350969601978,0.));
#5299=CARTESIAN_POINT('',(238.144341963774,-9.32350969601978,0.));
#5300=CARTESIAN_POINT('Origin',(238.444429900859,-9.32350969601978,0.));
#5301=CARTESIAN_POINT('',(238.144341963774,-9.32350969601978,0.));
#5302=CARTESIAN_POINT('Origin',(238.144341963774,-1.02359783760086,0.));
#5303=CARTESIAN_POINT('',(238.144341963774,-1.02359783760086,0.));
#5304=CARTESIAN_POINT('',(238.144341963774,-1.40767111320535,0.));
#5305=CARTESIAN_POINT('',(238.144341963774,-1.02359783760086,0.));
#5306=CARTESIAN_POINT('Origin',(265.972236143373,-9.52360060771197,0.));
#5307=CARTESIAN_POINT('',(265.972236143387,-1.02359786659437,0.));
#5308=CARTESIAN_POINT('',(265.972236143387,-1.02359786659437,0.));
#5309=CARTESIAN_POINT('',(265.972236143379,-5.65767249827236,0.));
#5310=CARTESIAN_POINT('Ctrl Pts',(237.544341963774,-1.02359787902108,6.));
#5311=CARTESIAN_POINT('Ctrl Pts',(237.544341963774,-1.02359787902108,6.14959965017099));
#5312=CARTESIAN_POINT('Ctrl Pts',(237.596300879163,-1.02879377055993,6.37278448174293));
#5313=CARTESIAN_POINT('Ctrl Pts',(237.875577652822,-1.0567214479257,6.82106067092885));
#5314=CARTESIAN_POINT('Ctrl Pts',(238.245142663432,-1.09367794898646,7.));
#5315=CARTESIAN_POINT('Ctrl Pts',(238.544341963774,-1.12359787902046,7.));
#5316=CARTESIAN_POINT('Ctrl Pts',(237.544341963774,-0.754318508713208,6.));
#5317=CARTESIAN_POINT('Ctrl Pts',(237.544341963774,-0.754318508713207,6.19048857932099));
#5318=CARTESIAN_POINT('Ctrl Pts',(237.626893429071,-0.79339663230152,6.46783466993287));
#5319=CARTESIAN_POINT('Ctrl Pts',(237.978225989499,-0.93735029995275,6.89987172201659));
#5320=CARTESIAN_POINT('Ctrl Pts',(238.296433972062,-1.0423866403564,7.));
#5321=CARTESIAN_POINT('Ctrl Pts',(238.544341963774,-1.12359787902046,7.));
#5322=CARTESIAN_POINT('Ctrl Pts',(237.770523959862,-0.288316799937016,6.));
#5323=CARTESIAN_POINT('Ctrl Pts',(237.770523959862,-0.288316799937014,6.22561737852918));
#5324=CARTESIAN_POINT('Ctrl Pts',(237.860214190615,-0.383943176780494,6.54850486133963));
#5325=CARTESIAN_POINT('Ctrl Pts',(238.176216096122,-0.724980075002992,6.96023276431749));
#5326=CARTESIAN_POINT('Ctrl Pts',(238.386193762165,-0.952626850253783,7.));
#5327=CARTESIAN_POINT('Ctrl Pts',(238.544341963774,-1.12359787902046,7.));
#5328=CARTESIAN_POINT('Ctrl Pts',(238.242382436044,-0.123597879020459,6.));
#5329=CARTESIAN_POINT('Ctrl Pts',(238.242382436044,-0.123597879020459,6.1798603496002));
#5330=CARTESIAN_POINT('Ctrl Pts',(238.272860633644,-0.198363973096131,6.4433040997504));
#5331=CARTESIAN_POINT('Ctrl Pts',(238.386905654149,-0.530679259792013,6.88012632424926));
#5332=CARTESIAN_POINT('Ctrl Pts',(238.475953552268,-0.86286706015117,7.));
#5333=CARTESIAN_POINT('Ctrl Pts',(238.544341963774,-1.12359787902046,7.));
#5334=CARTESIAN_POINT('Ctrl Pts',(238.444341963775,-0.123597879020444,6.));
#5335=CARTESIAN_POINT('Ctrl Pts',(238.444341963775,-0.123597879020444,6.14959965017095));
#5336=CARTESIAN_POINT('Ctrl Pts',(238.449537855313,-0.175556794409278,6.37278448174291));
#5337=CARTESIAN_POINT('Ctrl Pts',(238.477465532679,-0.454833568068719,6.82106067092884));
#5338=CARTESIAN_POINT('Ctrl Pts',(238.51442203374,-0.824398578678622,7.));
#5339=CARTESIAN_POINT('Ctrl Pts',(238.544341963774,-1.12359787902046,7.));
#5340=CARTESIAN_POINT('',(238.444341963775,-0.123597879020472,6.));
#5341=CARTESIAN_POINT('Origin',(238.544341963774,-1.12359787902046,6.));
#5342=CARTESIAN_POINT('Origin',(238.444341963775,-1.02359787902108,6.));
#5343=CARTESIAN_POINT('Origin',(248.080333497952,3.02694644023533,6.));
#5344=CARTESIAN_POINT('',(247.080333497951,7.21046123123277,6.));
#5345=CARTESIAN_POINT('Ctrl Pts',(248.080333497951,7.11046098534547,7.));
#5346=CARTESIAN_POINT('Ctrl Pts',(248.035994097392,7.1132837261953,7.));
#5347=CARTESIAN_POINT('Ctrl Pts',(247.991654927995,7.11610646704513,6.99704668580388));
#5348=CARTESIAN_POINT('Ctrl Pts',(247.947707216558,7.11892920789496,6.99116611598849));
#5349=CARTESIAN_POINT('Ctrl Pts',(247.903761223066,7.12175183840191,6.98528577604863));
#5350=CARTESIAN_POINT('Ctrl Pts',(247.860207115063,7.12457446890886,6.97647847098563));
#5351=CARTESIAN_POINT('Ctrl Pts',(247.817429162389,7.12739709941581,6.96482190602336));
#5352=CARTESIAN_POINT('Ctrl Pts',(247.774652733947,7.13021962934886,6.95316575639925));
#5353=CARTESIAN_POINT('Ctrl Pts',(247.732652851361,7.1330421592819,6.93866067172379));
#5354=CARTESIAN_POINT('Ctrl Pts',(247.691800045491,7.13586468921495,6.9214346185811));
#5355=CARTESIAN_POINT('Ctrl Pts',(247.65094855397,7.1386871283394,6.9042091196482));
#5356=CARTESIAN_POINT('Ctrl Pts',(247.611244491043,7.14150956746385,6.88426300712547));
#5357=CARTESIAN_POINT('Ctrl Pts',(247.57303811094,7.1443320065883,6.86177223807506));
#5358=CARTESIAN_POINT('Ctrl Pts',(247.534820745107,7.14715525726711,6.83927500210697));
#5359=CARTESIAN_POINT('Ctrl Pts',(247.49810232337,7.14997850794591,6.81423187853525));
#5360=CARTESIAN_POINT('Ctrl Pts',(247.463206947569,7.15280175862471,6.78686391505363));
#5361=CARTESIAN_POINT('Ctrl Pts',(247.42831509937,7.15562472389887,6.75949871822108));
#5362=CARTESIAN_POINT('Ctrl Pts',(247.395246291984,7.15844768917303,6.7298094376537));
#5363=CARTESIAN_POINT('Ctrl Pts',(247.364292354412,7.16127065444719,6.69805807835627));
#5364=CARTESIAN_POINT('Ctrl Pts',(247.333341117273,7.16409337344472,6.66630948906027));
#5365=CARTESIAN_POINT('Ctrl Pts',(247.304504703178,7.16691609244225,6.63249951241333));
#5366=CARTESIAN_POINT('Ctrl Pts',(247.278037546384,7.16973881143978,6.5969264662414));
#5367=CARTESIAN_POINT('Ctrl Pts',(247.251572332256,7.17256132325231,6.56135603109855));
#5368=CARTESIAN_POINT('Ctrl Pts',(247.227476303022,7.17538383506484,6.52402315642767));
#5369=CARTESIAN_POINT('Ctrl Pts',(247.20596203566,7.17820634687738,6.48525719565041));
#5370=CARTESIAN_POINT('Ctrl Pts',(247.184442575391,7.18102953996064,6.44648187791873));
#5371=CARTESIAN_POINT('Ctrl Pts',(247.165506349741,7.18385273304391,6.4062731855937));
#5372=CARTESIAN_POINT('Ctrl Pts',(247.149320495954,7.18667592612717,6.3649860135831));
#5373=CARTESIAN_POINT('Ctrl Pts',(247.133137604737,7.18949860246858,6.32370639855106));
#5374=CARTESIAN_POINT('Ctrl Pts',(247.119704245941,7.19232127881,6.2813491296735));
#5375=CARTESIAN_POINT('Ctrl Pts',(247.109138943446,7.19514395515142,6.23828792940547));
#5376=CARTESIAN_POINT('Ctrl Pts',(247.098572122101,7.19796703727611,6.19522053873063));
#5377=CARTESIAN_POINT('Ctrl Pts',(247.09087429315,7.2007901194008,6.15144946314346));
#5378=CARTESIAN_POINT('Ctrl Pts',(247.08611339479,7.20361320152549,6.10736101001013));
#5379=CARTESIAN_POINT('Ctrl Pts',(247.082263846441,7.20589587809458,6.07171214310159));
#5380=CARTESIAN_POINT('Ctrl Pts',(247.080333497951,7.20817855466367,6.03585611153426));
#5381=CARTESIAN_POINT('Ctrl Pts',(247.080333497951,7.21046123123277,6.));
#5382=CARTESIAN_POINT('',(247.080333497952,0.97640184494368,6.));
#5383=CARTESIAN_POINT('',(247.080333497952,3.02694644023519,6.));
#5384=CARTESIAN_POINT('Origin',(248.080333497952,0.976401844943816,6.));
#5385=CARTESIAN_POINT('Origin',(245.980333497951,0.976402120980473,6.));
#5386=CARTESIAN_POINT('',(245.98033228216,-0.123597879019899,6.));
#5387=CARTESIAN_POINT('Origin',(245.980331176896,-1.12359787901929,6.));
#5388=CARTESIAN_POINT('Origin',(245.980333497951,0.976402120980473,6.));
#5389=CARTESIAN_POINT('Origin',(249.01931066787,-1.12359787901967,6.));
#5390=CARTESIAN_POINT('',(249.01931066787,-0.123597879019668,6.));
#5391=CARTESIAN_POINT('Origin',(254.019311296475,7.11046098534547,6.));
#5392=CARTESIAN_POINT('',(255.346068612674,7.30688709441725,6.98051862994791));
#5393=CARTESIAN_POINT('Ctrl Pts',(255.346068612674,7.30688709441725,6.98051862994791));
#5394=CARTESIAN_POINT('Ctrl Pts',(255.374062833341,7.30688704388289,6.98051864007139));
#5395=CARTESIAN_POINT('Ctrl Pts',(255.401882766163,7.30458814368725,6.98099723423758));
#5396=CARTESIAN_POINT('Ctrl Pts',(255.429358651072,7.2999809993259,6.98188244861244));
#5397=CARTESIAN_POINT('Ctrl Pts',(255.44251856271,7.29777435109963,6.98230643288055));
#5398=CARTESIAN_POINT('Ctrl Pts',(255.455598890059,7.29503787158,6.98282369779106));
#5399=CARTESIAN_POINT('Ctrl Pts',(255.468576902652,7.29176912416879,6.98342633622729));
#5400=CARTESIAN_POINT('Ctrl Pts',(255.501278287846,7.28353268831754,6.98494483618984));
#5401=CARTESIAN_POINT('Ctrl Pts',(255.532983100961,7.27200256007954,6.98698164427946));
#5402=CARTESIAN_POINT('Ctrl Pts',(255.563263552751,7.25737655064089,6.98915029135258));
#5403=CARTESIAN_POINT('Ctrl Pts',(255.568867528244,7.25466972846338,6.98955164088113));
#5404=CARTESIAN_POINT('Ctrl Pts',(255.574422589607,7.25185693348529,6.98995750596949));
#5405=CARTESIAN_POINT('Ctrl Pts',(255.579925845609,7.24893950858492,6.99036543689763));
#5406=CARTESIAN_POINT('Ctrl Pts',(255.619516769834,7.22795128850168,6.99330012909736));
#5407=CARTESIAN_POINT('Ctrl Pts',(255.656076788756,7.2017335118602,6.99630694429151));
#5408=CARTESIAN_POINT('Ctrl Pts',(255.688641270571,7.17109144879571,6.9981640717468));
#5409=CARTESIAN_POINT('Ctrl Pts',(255.701921954526,7.15859477964537,6.99892145898048));
#5410=CARTESIAN_POINT('Ctrl Pts',(255.714537567638,7.14536250518399,6.99948762659908));
#5411=CARTESIAN_POINT('Ctrl Pts',(255.726420418512,7.1314504058362,6.99977969784612));
#5412=CARTESIAN_POINT('Ctrl Pts',(255.732273791011,7.12459744600404,6.99992356919681));
#5413=CARTESIAN_POINT('Ctrl Pts',(255.737933587097,7.11759799251728,7.00000048527629));
#5414=CARTESIAN_POINT('Ctrl Pts',(255.743394816912,7.11046098534543,7.));
#5415=CARTESIAN_POINT('',(255.98033353937,8.11046098534547,6.));
#5416=CARTESIAN_POINT('Ctrl Pts',(255.880333497951,7.11046098534547,7.));
#5417=CARTESIAN_POINT('Ctrl Pts',(255.883156233029,7.15480038590463,7.));
#5418=CARTESIAN_POINT('Ctrl Pts',(255.885978968108,7.19913955530154,6.99704668580388));
#5419=CARTESIAN_POINT('Ctrl Pts',(255.888801703186,7.24308726673902,6.9911661159885));
#5420=CARTESIAN_POINT('Ctrl Pts',(255.891624327921,7.28703326023022,6.98528577604864));
#5421=CARTESIAN_POINT('Ctrl Pts',(255.894446952657,7.33058736823334,6.97647847098564));
#5422=CARTESIAN_POINT('Ctrl Pts',(255.897269577393,7.37336532090778,6.96482190602336));
#5423=CARTESIAN_POINT('Ctrl Pts',(255.900092101554,7.41614174934958,6.95316575639925));
#5424=CARTESIAN_POINT('Ctrl Pts',(255.902914625716,7.45814163193561,6.93866067172379));
#5425=CARTESIAN_POINT('Ctrl Pts',(255.905737149878,7.49899443780523,6.9214346185811));
#5426=CARTESIAN_POINT('Ctrl Pts',(255.908559583232,7.53984592932705,6.9042091196482));
#5427=CARTESIAN_POINT('Ctrl Pts',(255.911382016585,7.57954999225402,6.88426300712548));
#5428=CARTESIAN_POINT('Ctrl Pts',(255.914204449939,7.6177563723569,6.86177223807507));
#5429=CARTESIAN_POINT('Ctrl Pts',(255.917027694845,7.65597373818974,6.83927500210698));
#5430=CARTESIAN_POINT('Ctrl Pts',(255.919850939751,7.69269215992679,6.81423187853526));
#5431=CARTESIAN_POINT('Ctrl Pts',(255.922674184657,7.72758753572752,6.78686391505365));
#5432=CARTESIAN_POINT('Ctrl Pts',(255.925497144159,7.76247938392712,6.7594987182211));
#5433=CARTESIAN_POINT('Ctrl Pts',(255.928320103661,7.79554819131272,6.72980943765373));
#5434=CARTESIAN_POINT('Ctrl Pts',(255.931143063163,7.82650212888508,6.6980580783563));
#5435=CARTESIAN_POINT('Ctrl Pts',(255.933965776389,7.8574533660234,6.6663094890603));
#5436=CARTESIAN_POINT('Ctrl Pts',(255.936788489615,7.88628978011887,6.63249951241336));
#5437=CARTESIAN_POINT('Ctrl Pts',(255.939611202841,7.9127569369123,6.59692646624143));
#5438=CARTESIAN_POINT('Ctrl Pts',(255.942433708883,7.9392221510406,6.56135603109858));
#5439=CARTESIAN_POINT('Ctrl Pts',(255.945256214924,7.96331818027476,6.5240231564277));
#5440=CARTESIAN_POINT('Ctrl Pts',(255.948078720966,7.98483244763679,6.48525719565044));
#5441=CARTESIAN_POINT('Ctrl Pts',(255.950901908276,8.00635190790557,6.44648187791876));
#5442=CARTESIAN_POINT('Ctrl Pts',(255.953725095587,8.02528813355598,6.40627318559374));
#5443=CARTESIAN_POINT('Ctrl Pts',(255.956548282898,8.04147398734313,6.36498601358313));
#5444=CARTESIAN_POINT('Ctrl Pts',(255.959370953468,8.05765687855996,6.3237063985511));
#5445=CARTESIAN_POINT('Ctrl Pts',(255.962193624038,8.07109023735545,6.28134912967355));
#5446=CARTESIAN_POINT('Ctrl Pts',(255.965016294608,8.08165553985019,6.23828792940552));
#5447=CARTESIAN_POINT('Ctrl Pts',(255.96783937096,8.09222236119531,6.19522053873068));
#5448=CARTESIAN_POINT('Ctrl Pts',(255.970662447312,8.09992019014697,6.15144946314352));
#5449=CARTESIAN_POINT('Ctrl Pts',(255.973485523665,8.10468108850653,6.1073610100102));
#5450=CARTESIAN_POINT('Ctrl Pts',(255.975768195566,8.10853063685589,6.07171214310163));
#5451=CARTESIAN_POINT('Ctrl Pts',(255.978050867468,8.11046098534547,6.03585611153428));
#5452=CARTESIAN_POINT('Ctrl Pts',(255.98033353937,8.11046098534547,6.));
#5453=CARTESIAN_POINT('',(247.9803334694,8.11046098534547,6.));
#5454=CARTESIAN_POINT('',(254.019311296475,8.11046098534547,6.));
#5455=CARTESIAN_POINT('Ctrl Pts',(247.9803334694,8.11046098534547,6.));
#5456=CARTESIAN_POINT('Ctrl Pts',(247.983156204115,8.11046098534547,6.04433940055916));
#5457=CARTESIAN_POINT('Ctrl Pts',(247.98597893883,8.10750767114934,6.08867856995608));
#5458=CARTESIAN_POINT('Ctrl Pts',(247.988801673545,8.10162710133396,6.13262628139356));
#5459=CARTESIAN_POINT('Ctrl Pts',(247.991624297918,8.0957467613941,6.17657227488476));
#5460=CARTESIAN_POINT('Ctrl Pts',(247.99444692229,8.0869394563311,6.22012638288786));
#5461=CARTESIAN_POINT('Ctrl Pts',(247.997269546662,8.07528289136883,6.2629043355623));
#5462=CARTESIAN_POINT('Ctrl Pts',(248.000092070461,8.06362674174472,6.3056807640041));
#5463=CARTESIAN_POINT('Ctrl Pts',(248.00291459426,8.04912165706926,6.34768064659014));
#5464=CARTESIAN_POINT('Ctrl Pts',(248.005737118058,8.03189560392657,6.38853345245976));
#5465=CARTESIAN_POINT('Ctrl Pts',(248.008559551049,8.01467010499367,6.42938494398158));
#5466=CARTESIAN_POINT('Ctrl Pts',(248.011381984039,7.99472399247094,6.46908900690856));
#5467=CARTESIAN_POINT('Ctrl Pts',(248.014204417029,7.97223322342054,6.50729538701145));
#5468=CARTESIAN_POINT('Ctrl Pts',(248.017027661572,7.94973598745244,6.54551275284429));
#5469=CARTESIAN_POINT('Ctrl Pts',(248.019850906115,7.92469286388072,6.58223117458133));
#5470=CARTESIAN_POINT('Ctrl Pts',(248.022674150658,7.8973249003991,6.61712655038207));
#5471=CARTESIAN_POINT('Ctrl Pts',(248.025497109797,7.86995970356655,6.65201839858166));
#5472=CARTESIAN_POINT('Ctrl Pts',(248.028320068935,7.84027042299918,6.68508720596727));
#5473=CARTESIAN_POINT('Ctrl Pts',(248.031143028074,7.80851906370175,6.71604114353963));
#5474=CARTESIAN_POINT('Ctrl Pts',(248.033965740937,7.77677047440575,6.74699238067795));
#5475=CARTESIAN_POINT('Ctrl Pts',(248.0367884538,7.74296049775881,6.77582879477341));
#5476=CARTESIAN_POINT('Ctrl Pts',(248.039611166663,7.70738745158688,6.80229595156684));
#5477=CARTESIAN_POINT('Ctrl Pts',(248.042433672341,7.67181701644404,6.82876116569514));
#5478=CARTESIAN_POINT('Ctrl Pts',(248.045256178019,7.63448414177316,6.8528571949293));
#5479=CARTESIAN_POINT('Ctrl Pts',(248.048078683697,7.59571818099591,6.87437146229133));
#5480=CARTESIAN_POINT('Ctrl Pts',(248.050901870645,7.55694286326423,6.8958909225601));
#5481=CARTESIAN_POINT('Ctrl Pts',(248.053725057592,7.5167341709392,6.91482714821051));
#5482=CARTESIAN_POINT('Ctrl Pts',(248.05654824454,7.4754469989286,6.93101300199766));
#5483=CARTESIAN_POINT('Ctrl Pts',(248.059370914746,7.43416738389656,6.9471958932145));
#5484=CARTESIAN_POINT('Ctrl Pts',(248.062193584953,7.391810115019,6.96062925200999));
#5485=CARTESIAN_POINT('Ctrl Pts',(248.06501625516,7.34874891475097,6.97119455450473));
#5486=CARTESIAN_POINT('Ctrl Pts',(248.067839331149,7.30568152407613,6.98176137584985));
#5487=CARTESIAN_POINT('Ctrl Pts',(248.070662407138,7.26191044848896,6.98945920480151));
#5488=CARTESIAN_POINT('Ctrl Pts',(248.073485483127,7.21782199535564,6.99422010316106));
#5489=CARTESIAN_POINT('Ctrl Pts',(248.075768154735,7.18217312844708,6.99806965151042));
#5490=CARTESIAN_POINT('Ctrl Pts',(248.078050826343,7.14631709687974,7.));
#5491=CARTESIAN_POINT('Ctrl Pts',(248.080333497951,7.11046098534547,7.));
#5492=CARTESIAN_POINT('',(248.8460668061,7.30688709343963,6.98051863014375));
#5493=CARTESIAN_POINT('Ctrl Pts',(248.448740604616,7.11046098534547,7.));
#5494=CARTESIAN_POINT('Ctrl Pts',(248.46488300113,7.13155667313304,7.));
#5495=CARTESIAN_POINT('Ctrl Pts',(248.482712801095,7.15138925634082,6.99933133655872));
#5496=CARTESIAN_POINT('Ctrl Pts',(248.548362012879,7.21364591445186,6.99563380214063));
#5497=CARTESIAN_POINT('Ctrl Pts',(248.602593199296,7.24837616202391,6.99073081571308));
#5498=CARTESIAN_POINT('Ctrl Pts',(248.720585792998,7.29513207800156,6.98308229233728));
#5499=CARTESIAN_POINT('Ctrl Pts',(248.782680407281,7.30688697876215,6.98051865311695));
#5500=CARTESIAN_POINT('Ctrl Pts',(248.8460668061,7.30688709343963,6.98051863014375));
#5501=CARTESIAN_POINT('',(254.019311296475,7.3068870942177,6.98051862998788));
#5502=CARTESIAN_POINT('Origin',(258.865262885768,-1.12359787901986,6.));
#5503=CARTESIAN_POINT('',(265.672236717956,-0.123597879019899,6.));
#5504=CARTESIAN_POINT('Ctrl Pts',(265.572236143387,-1.12359787901992,7.));
#5505=CARTESIAN_POINT('Ctrl Pts',(265.575058893515,-1.07925847846075,7.));
#5506=CARTESIAN_POINT('Ctrl Pts',(265.577881643642,-1.03491930906384,6.99704668580388));
#5507=CARTESIAN_POINT('Ctrl Pts',(265.58070439377,-0.990971597626353,6.9911661159885));
#5508=CARTESIAN_POINT('Ctrl Pts',(265.583527033554,-0.947025604135154,6.98528577604864));
#5509=CARTESIAN_POINT('Ctrl Pts',(265.586349673339,-0.903471496132042,6.97647847098564));
#5510=CARTESIAN_POINT('Ctrl Pts',(265.589172313123,-0.860693543457597,6.96482190602336));
#5511=CARTESIAN_POINT('Ctrl Pts',(265.591994852333,-0.817917115015801,6.95316575639926));
#5512=CARTESIAN_POINT('Ctrl Pts',(265.594817391543,-0.775917232429765,6.93866067172379));
#5513=CARTESIAN_POINT('Ctrl Pts',(265.597639930754,-0.735064426560145,6.92143461858111));
#5514=CARTESIAN_POINT('Ctrl Pts',(265.600462379155,-0.694212935038328,6.90420911964821));
#5515=CARTESIAN_POINT('Ctrl Pts',(265.603284827556,-0.654508872111355,6.88426300712548));
#5516=CARTESIAN_POINT('Ctrl Pts',(265.606107275957,-0.616302492008475,6.86177223807508));
#5517=CARTESIAN_POINT('Ctrl Pts',(265.608930535916,-0.578085126175634,6.83927500210698));
#5518=CARTESIAN_POINT('Ctrl Pts',(265.611753795874,-0.541366704438585,6.81423187853527));
#5519=CARTESIAN_POINT('Ctrl Pts',(265.614577055832,-0.506471328637853,6.78686391505365));
#5520=CARTESIAN_POINT('Ctrl Pts',(265.617400030385,-0.471579480438254,6.7594987182211));
#5521=CARTESIAN_POINT('Ctrl Pts',(265.620223004938,-0.438510673052647,6.72980943765373));
#5522=CARTESIAN_POINT('Ctrl Pts',(265.62304597949,-0.407556735480289,6.6980580783563));
#5523=CARTESIAN_POINT('Ctrl Pts',(265.625868707766,-0.376605498341971,6.6663094890603));
#5524=CARTESIAN_POINT('Ctrl Pts',(265.628691436041,-0.347769084246503,6.63249951241336));
#5525=CARTESIAN_POINT('Ctrl Pts',(265.631514164316,-0.321301927453073,6.59692646624143));
#5526=CARTESIAN_POINT('Ctrl Pts',(265.634336685406,-0.294836713324762,6.56135603109858));
#5527=CARTESIAN_POINT('Ctrl Pts',(265.637159206495,-0.270740684090603,6.52402315642769));
#5528=CARTESIAN_POINT('Ctrl Pts',(265.639981727585,-0.249226416728569,6.48525719565043));
#5529=CARTESIAN_POINT('Ctrl Pts',(265.642804929948,-0.227706956459793,6.44648187791875));
#5530=CARTESIAN_POINT('Ctrl Pts',(265.64562813231,-0.208770730809385,6.40627318559372));
#5531=CARTESIAN_POINT('Ctrl Pts',(265.648451334673,-0.192584877022234,6.36498601358312));
#5532=CARTESIAN_POINT('Ctrl Pts',(265.651274020292,-0.176401985805398,6.32370639855108));
#5533=CARTESIAN_POINT('Ctrl Pts',(265.654096705911,-0.162968627009905,6.28134912967352));
#5534=CARTESIAN_POINT('Ctrl Pts',(265.65691939153,-0.152403324515167,6.23828792940549));
#5535=CARTESIAN_POINT('Ctrl Pts',(265.659742482933,-0.141836503170047,6.19522053873065));
#5536=CARTESIAN_POINT('Ctrl Pts',(265.662565574337,-0.134138674218392,6.15144946314348));
#5537=CARTESIAN_POINT('Ctrl Pts',(265.665388665741,-0.129377775858834,6.10736101001016));
#5538=CARTESIAN_POINT('Ctrl Pts',(265.667671349812,-0.125528227509477,6.0717121431016));
#5539=CARTESIAN_POINT('Ctrl Pts',(265.669954033884,-0.123597879019898,6.03585611153425));
#5540=CARTESIAN_POINT('Ctrl Pts',(265.672236717956,-0.123597879019899,5.99999999999998));
#5541=CARTESIAN_POINT('',(257.980332855587,-0.12359787901985,6.));
#5542=CARTESIAN_POINT('',(258.865262885768,-0.123597879019856,6.));
#5543=CARTESIAN_POINT('Origin',(257.980332855587,-1.12359787901985,6.));
#5544=CARTESIAN_POINT('Ctrl Pts',(257.980332855587,-0.123597879019854,6.));
#5545=CARTESIAN_POINT('Ctrl Pts',(257.730937627759,-0.123597733381244,6.));
#5546=CARTESIAN_POINT('Ctrl Pts',(257.324633859114,0.0195511562553965,6.));
#5547=CARTESIAN_POINT('Ctrl Pts',(256.953940748633,0.484489275259797,6.));
#5548=CARTESIAN_POINT('Ctrl Pts',(256.880333538833,0.810138383538164,6.));
#5549=CARTESIAN_POINT('Ctrl Pts',(256.880333497951,0.976401875092794,6.));
#5550=CARTESIAN_POINT('Ctrl Pts',(257.980332855587,-0.123597879019854,6.29919930034189));
#5551=CARTESIAN_POINT('Ctrl Pts',(257.731646659091,-0.123597733795295,6.29919930034188));
#5552=CARTESIAN_POINT('Ctrl Pts',(257.324317579586,0.021342196159546,6.29919930034188));
#5553=CARTESIAN_POINT('Ctrl Pts',(256.954676521481,0.484954467591851,6.29919930034188));
#5554=CARTESIAN_POINT('Ctrl Pts',(256.880333538717,0.810611071072281,6.29919930034188));
#5555=CARTESIAN_POINT('Ctrl Pts',(256.880333497951,0.976401875092794,6.29919930034188));
#5556=CARTESIAN_POINT('Ctrl Pts',(257.980332708827,-0.374914064331342,6.81697554957279));
#5557=CARTESIAN_POINT('Ctrl Pts',(257.675015864008,-0.374913886036348,6.81697554957278));
#5558=CARTESIAN_POINT('Ctrl Pts',(257.174512926654,-0.198879613847994,6.81697554957276));
#5559=CARTESIAN_POINT('Ctrl Pts',(256.720076508696,0.371457078033779,6.81697554957276));
#5560=CARTESIAN_POINT('Ctrl Pts',(256.629017362688,0.77285724534613,6.81697554957276));
#5561=CARTESIAN_POINT('Ctrl Pts',(256.62901731264,0.976401813297708,6.81697554957276));
#5562=CARTESIAN_POINT('Ctrl Pts',(257.980332402662,-0.899198403763311,7.));
#5563=CARTESIAN_POINT('Ctrl Pts',(257.558760210584,-0.899198157579018,7.));
#5564=CARTESIAN_POINT('Ctrl Pts',(256.861156493803,-0.65353490210169,6.99999999999997));
#5565=CARTESIAN_POINT('Ctrl Pts',(256.232620698288,0.135920700976109,6.99999999999997));
#5566=CARTESIAN_POINT('Ctrl Pts',(256.104733042313,0.695353554912991,6.99999999999997));
#5567=CARTESIAN_POINT('Ctrl Pts',(256.104732973208,0.976401684383623,6.99999999999997));
#5568=CARTESIAN_POINT('Ctrl Pts',(257.98033227162,-1.12359787901969,7.));
#5569=CARTESIAN_POINT('Ctrl Pts',(257.509076537879,-1.12359760382184,7.));
#5570=CARTESIAN_POINT('Ctrl Pts',(256.727003019113,-0.847942852082529,6.99999999999997));
#5571=CARTESIAN_POINT('Ctrl Pts',(256.024062097239,0.0351577614773258,6.99999999999997));
#5572=CARTESIAN_POINT('Ctrl Pts',(255.880333575201,0.662231140046302,6.99999999999997));
#5573=CARTESIAN_POINT('Ctrl Pts',(255.880333497951,0.976401629206974,6.99999999999997));
#5574=CARTESIAN_POINT('',(256.880333497951,0.976401875092789,6.));
#5575=CARTESIAN_POINT('Origin',(255.880333497951,0.976401629206974,6.));
#5576=CARTESIAN_POINT('Ctrl Pts',(257.980332855587,-0.123597879019854,6.));
#5577=CARTESIAN_POINT('Ctrl Pts',(257.730937627759,-0.123597733381244,6.));
#5578=CARTESIAN_POINT('Ctrl Pts',(257.324633859114,0.0195511562553965,6.));
#5579=CARTESIAN_POINT('Ctrl Pts',(256.953940748633,0.484489275259797,6.));
#5580=CARTESIAN_POINT('Ctrl Pts',(256.880333538833,0.810138383538164,6.));
#5581=CARTESIAN_POINT('Ctrl Pts',(256.880333497951,0.976401875092794,6.));
#5582=CARTESIAN_POINT('Origin',(255.880333497951,-0.0900832378344568,6.));
#5583=CARTESIAN_POINT('',(256.880333497951,7.21046121119343,6.));
#5584=CARTESIAN_POINT('Ctrl Pts',(256.880333497951,7.21046121119343,6.));
#5585=CARTESIAN_POINT('Ctrl Pts',(256.880333497951,7.20763847090925,6.04433940055916));
#5586=CARTESIAN_POINT('Ctrl Pts',(256.877380183755,7.20481573062508,6.08867856995607));
#5587=CARTESIAN_POINT('Ctrl Pts',(256.87149961394,7.2019929903409,6.13262628139356));
#5588=CARTESIAN_POINT('Ctrl Pts',(256.865619274,7.19917036039959,6.17657227488476));
#5589=CARTESIAN_POINT('Ctrl Pts',(256.856811968937,7.19634773045827,6.22012638288787));
#5590=CARTESIAN_POINT('Ctrl Pts',(256.845155403975,7.19352510051695,6.26290433556231));
#5591=CARTESIAN_POINT('Ctrl Pts',(256.83349925435,7.19070257114952,6.30568076400411));
#5592=CARTESIAN_POINT('Ctrl Pts',(256.818994169675,7.18788004178208,6.34768064659015));
#5593=CARTESIAN_POINT('Ctrl Pts',(256.801768116532,7.18505751241465,6.38853345245977));
#5594=CARTESIAN_POINT('Ctrl Pts',(256.784542617599,7.18223507385579,6.42938494398159));
#5595=CARTESIAN_POINT('Ctrl Pts',(256.764596505077,7.17941263529694,6.46908900690857));
#5596=CARTESIAN_POINT('Ctrl Pts',(256.742105736026,7.17659019673808,6.50729538701146));
#5597=CARTESIAN_POINT('Ctrl Pts',(256.719608500058,7.17376694662504,6.5455127528443));
#5598=CARTESIAN_POINT('Ctrl Pts',(256.694565376486,7.17094369651199,6.58223117458135));
#5599=CARTESIAN_POINT('Ctrl Pts',(256.667197413005,7.16812044639895,6.61712655038208));
#5600=CARTESIAN_POINT('Ctrl Pts',(256.639832216172,7.16529748169049,6.65201839858168));
#5601=CARTESIAN_POINT('Ctrl Pts',(256.610142935605,7.16247451698203,6.68508720596728));
#5602=CARTESIAN_POINT('Ctrl Pts',(256.578391576307,7.15965155227357,6.71604114353964));
#5603=CARTESIAN_POINT('Ctrl Pts',(256.546642987011,7.1568288338417,6.74699238067796));
#5604=CARTESIAN_POINT('Ctrl Pts',(256.512833010365,7.15400611540982,6.77582879477342));
#5605=CARTESIAN_POINT('Ctrl Pts',(256.477259964193,7.15118339697795,6.80229595156685));
#5606=CARTESIAN_POINT('Ctrl Pts',(256.44168952905,7.14836088573102,6.82876116569516));
#5607=CARTESIAN_POINT('Ctrl Pts',(256.404356654379,7.1455383744841,6.85285719492931));
#5608=CARTESIAN_POINT('Ctrl Pts',(256.365590693602,7.14271586323718,6.87437146229134));
#5609=CARTESIAN_POINT('Ctrl Pts',(256.32681537587,7.13989267071967,6.89589092256012));
#5610=CARTESIAN_POINT('Ctrl Pts',(256.286606683545,7.13706947820215,6.91482714821052));
#5611=CARTESIAN_POINT('Ctrl Pts',(256.245319511534,7.13424628568464,6.93101300199767));
#5612=CARTESIAN_POINT('Ctrl Pts',(256.204039896502,7.13142360990887,6.94719589321451));
#5613=CARTESIAN_POINT('Ctrl Pts',(256.161682627625,7.1286009341331,6.96062925201));
#5614=CARTESIAN_POINT('Ctrl Pts',(256.118621427357,7.12577825835733,6.97119455450474));
#5615=CARTESIAN_POINT('Ctrl Pts',(256.075554036682,7.12295517679837,6.98176137584985));
#5616=CARTESIAN_POINT('Ctrl Pts',(256.031782961095,7.1201320952394,6.98945920480151));
#5617=CARTESIAN_POINT('Ctrl Pts',(255.987694507961,7.11730901368044,6.99422010316107));
#5618=CARTESIAN_POINT('Ctrl Pts',(255.952045641053,7.11502633756878,6.99806965151042));
#5619=CARTESIAN_POINT('Ctrl Pts',(255.916189609485,7.11274366145713,7.));
#5620=CARTESIAN_POINT('Ctrl Pts',(255.880333497951,7.11046098534547,7.));
#5621=CARTESIAN_POINT('',(256.880333497951,-0.0900832378344568,6.));
#5622=CARTESIAN_POINT('Ctrl Pts',(266.572236143387,-1.02359731209158,6.));
#5623=CARTESIAN_POINT('Ctrl Pts',(266.572236053929,-0.739565396946625,6.));
#5624=CARTESIAN_POINT('Ctrl Pts',(266.341982485845,-0.296288146601759,6.));
#5625=CARTESIAN_POINT('Ctrl Pts',(265.88526062969,-0.123597940218364,6.));
#5626=CARTESIAN_POINT('Ctrl Pts',(265.672236717956,-0.123597879019899,6.));
#5627=CARTESIAN_POINT('Ctrl Pts',(266.572236149386,-1.04264503912567,6.29919930034189));
#5628=CARTESIAN_POINT('Ctrl Pts',(266.577741975678,-0.776433246880331,6.29252026823521));
#5629=CARTESIAN_POINT('Ctrl Pts',(266.357829646041,-0.270340665480226,6.28827100858781));
#5630=CARTESIAN_POINT('Ctrl Pts',(265.852847812719,-0.119468506384926,6.29419001942581));
#5631=CARTESIAN_POINT('Ctrl Pts',(265.653188989467,-0.123597873547782,6.29919930034189));
#5632=CARTESIAN_POINT('Ctrl Pts',(266.320670242989,-1.07597856143517,6.8169426742846));
#5633=CARTESIAN_POINT('Ctrl Pts',(266.306272675539,-0.923859959321257,6.84672428776385));
#5634=CARTESIAN_POINT('Ctrl Pts',(266.08878710778,-0.545485456004856,6.86891230069913));
#5635=CARTESIAN_POINT('Ctrl Pts',(265.733944408239,-0.385961945736368,6.83927888106134));
#5636=CARTESIAN_POINT('Ctrl Pts',(265.61985546461,-0.375163779331723,6.8169426742846));
#5637=CARTESIAN_POINT('Ctrl Pts',(265.796635618643,-1.10931208374448,7.));
#5638=CARTESIAN_POINT('Ctrl Pts',(265.759222036345,-1.07649528575316,7.00438996872697));
#5639=CARTESIAN_POINT('Ctrl Pts',(265.681108375966,-1.00124812906281,7.00718282907029));
#5640=CARTESIAN_POINT('Ctrl Pts',(265.611134538118,-0.92725859188431,7.00329247728899));
#5641=CARTESIAN_POINT('Ctrl Pts',(265.586521939754,-0.899198403763485,7.));
#5642=CARTESIAN_POINT('Ctrl Pts',(265.572236143387,-1.1235978790199,7.));
#5643=CARTESIAN_POINT('Ctrl Pts',(265.572236143387,-1.1235978790199,7.));
#5644=CARTESIAN_POINT('Ctrl Pts',(265.572236143387,-1.1235978790199,7.));
#5645=CARTESIAN_POINT('Ctrl Pts',(265.572236143387,-1.1235978790199,7.));
#5646=CARTESIAN_POINT('Ctrl Pts',(265.572236143387,-1.1235978790199,7.));
#5647=CARTESIAN_POINT('Ctrl Pts',(266.572236143387,-1.02359731209158,6.));
#5648=CARTESIAN_POINT('Ctrl Pts',(266.572236053929,-0.739565396946625,6.));
#5649=CARTESIAN_POINT('Ctrl Pts',(266.341982485845,-0.296288146601759,6.));
#5650=CARTESIAN_POINT('Ctrl Pts',(265.88526062969,-0.123597940218364,6.));
#5651=CARTESIAN_POINT('Ctrl Pts',(265.672236717956,-0.123597879019899,6.));
#5652=CARTESIAN_POINT('Ctrl Pts',(256.880333497951,7.21046121119343,6.));
#5653=CARTESIAN_POINT('Ctrl Pts',(256.880333462313,7.49449330953109,6.));
#5654=CARTESIAN_POINT('Ctrl Pts',(256.65007984199,7.93777085855459,6.));
#5655=CARTESIAN_POINT('Ctrl Pts',(256.193357611348,8.11046098093382,6.));
#5656=CARTESIAN_POINT('Ctrl Pts',(255.98033353937,8.11046098534547,6.));
#5657=CARTESIAN_POINT('Ctrl Pts',(256.880333500341,7.19141354912715,6.29919930034189));
#5658=CARTESIAN_POINT('Ctrl Pts',(256.885839305253,7.45762548056723,6.29252020785239));
#5659=CARTESIAN_POINT('Ctrl Pts',(256.665923878,7.96371597135524,6.28827992730433));
#5660=CARTESIAN_POINT('Ctrl Pts',(256.160944855801,8.11459032961257,6.29418995712258));
#5661=CARTESIAN_POINT('Ctrl Pts',(255.961285912433,8.11046098573994,6.29919930034189));
#5662=CARTESIAN_POINT('Ctrl Pts',(256.628768492097,7.15808014051117,6.8169435285049));
#5663=CARTESIAN_POINT('Ctrl Pts',(256.614370997318,7.31019879059163,6.8467251231954));
#5664=CARTESIAN_POINT('Ctrl Pts',(256.396884350941,7.68857455734461,6.86891142853547));
#5665=CARTESIAN_POINT('Ctrl Pts',(256.042041553691,7.84809789129045,6.83927971162102));
#5666=CARTESIAN_POINT('Ctrl Pts',(255.927952565294,7.85889597981668,6.8169435285049));
#5667=CARTESIAN_POINT('Ctrl Pts',(256.104732973208,7.12474673189518,7.));
#5668=CARTESIAN_POINT('Ctrl Pts',(256.06731937222,7.15756353172689,7.00438997468438));
#5669=CARTESIAN_POINT('Ctrl Pts',(255.989208390434,7.23281415102704,7.00717695382739));
#5670=CARTESIAN_POINT('Ctrl Pts',(255.91923182116,7.30680025860639,7.00329248270846));
#5671=CARTESIAN_POINT('Ctrl Pts',(255.894619218154,7.33486046060188,7.));
#5672=CARTESIAN_POINT('Ctrl Pts',(255.880333497951,7.11046098534547,7.));
#5673=CARTESIAN_POINT('Ctrl Pts',(255.880333497951,7.11046098534547,7.));
#5674=CARTESIAN_POINT('Ctrl Pts',(255.880333497951,7.11046098534547,7.));
#5675=CARTESIAN_POINT('Ctrl Pts',(255.880333497951,7.11046098534547,7.));
#5676=CARTESIAN_POINT('Ctrl Pts',(255.880333497951,7.11046098534547,7.));
#5677=CARTESIAN_POINT('Ctrl Pts',(256.880333497951,7.21046121119343,6.));
#5678=CARTESIAN_POINT('Ctrl Pts',(256.880333462313,7.49449330953109,6.));
#5679=CARTESIAN_POINT('Ctrl Pts',(256.65007984199,7.93777085855459,6.));
#5680=CARTESIAN_POINT('Ctrl Pts',(256.193357611348,8.11046098093382,6.));
#5681=CARTESIAN_POINT('Ctrl Pts',(255.98033353937,8.11046098534547,6.));
#5682=CARTESIAN_POINT('Ctrl Pts',(247.9803334694,8.11046098534547,6.));
#5683=CARTESIAN_POINT('Ctrl Pts',(247.6963013681,8.11046098084018,6.));
#5684=CARTESIAN_POINT('Ctrl Pts',(247.253023764472,7.88020749106276,6.));
#5685=CARTESIAN_POINT('Ctrl Pts',(247.080333524141,7.42348529666983,6.));
#5686=CARTESIAN_POINT('Ctrl Pts',(247.080333497951,7.21046123123277,6.));
#5687=CARTESIAN_POINT('Ctrl Pts',(247.999381093886,8.1104609856476,6.29919930034189));
#5688=CARTESIAN_POINT('Ctrl Pts',(247.733169165314,8.11596677684616,6.29252017464658));
#5689=CARTESIAN_POINT('Ctrl Pts',(247.227084808432,7.89604342355493,6.28830293706004));
#5690=CARTESIAN_POINT('Ctrl Pts',(247.076204142163,7.39107250710626,6.29418998017719));
#5691=CARTESIAN_POINT('Ctrl Pts',(247.080333495609,7.19141356534945,6.29919930034188));
#5692=CARTESIAN_POINT('Ctrl Pts',(248.032714436736,7.85889827407849,6.81694572077545));
#5693=CARTESIAN_POINT('Ctrl Pts',(247.880595783738,7.84450082473677,6.84672729733451));
#5694=CARTESIAN_POINT('Ctrl Pts',(247.502217267609,7.62701172214723,6.86890921795345));
#5695=CARTESIAN_POINT('Ctrl Pts',(247.34269432954,7.27216913476416,6.83928191642085));
#5696=CARTESIAN_POINT('Ctrl Pts',(247.331896209553,7.15808015005367,6.81694572077544));
#5697=CARTESIAN_POINT('Ctrl Pts',(248.066047779587,7.33486046060188,7.));
#5698=CARTESIAN_POINT('Ctrl Pts',(248.033230975239,7.29744685810384,7.0043899770082));
#5699=CARTESIAN_POINT('Ctrl Pts',(247.95797152045,7.21934283050571,7.00716183430422));
#5700=CARTESIAN_POINT('Ctrl Pts',(247.883994223831,7.1493593343276,7.00329248117478));
#5701=CARTESIAN_POINT('Ctrl Pts',(247.855934022695,7.12474673475793,7.));
#5702=CARTESIAN_POINT('Ctrl Pts',(248.080333497951,7.11046098534547,7.));
#5703=CARTESIAN_POINT('Ctrl Pts',(248.080333497951,7.11046098534547,7.));
#5704=CARTESIAN_POINT('Ctrl Pts',(248.080333497951,7.11046098534547,7.));
#5705=CARTESIAN_POINT('Ctrl Pts',(248.080333497951,7.11046098534547,7.));
#5706=CARTESIAN_POINT('Ctrl Pts',(248.080333497951,7.11046098534547,7.));
#5707=CARTESIAN_POINT('Ctrl Pts',(247.9803334694,8.11046098534547,6.));
#5708=CARTESIAN_POINT('Ctrl Pts',(247.6963013681,8.11046098084018,6.));
#5709=CARTESIAN_POINT('Ctrl Pts',(247.253023764472,7.88020749106276,6.));
#5710=CARTESIAN_POINT('Ctrl Pts',(247.080333524141,7.42348529666983,6.));
#5711=CARTESIAN_POINT('Ctrl Pts',(247.080333497951,7.21046123123277,6.));
#5712=CARTESIAN_POINT('Ctrl Pts',(256.880333497951,7.21046121119343,0.));
#5713=CARTESIAN_POINT('Ctrl Pts',(256.880333497951,7.21046121119343,7.));
#5714=CARTESIAN_POINT('Ctrl Pts',(256.880333373218,7.70751738328434,0.));
#5715=CARTESIAN_POINT('Ctrl Pts',(256.880333373218,7.70751738328434,7.));
#5716=CARTESIAN_POINT('Ctrl Pts',(256.477389707319,8.11046096475776,0.));
#5717=CARTESIAN_POINT('Ctrl Pts',(256.477389707319,8.11046096475776,7.));
#5718=CARTESIAN_POINT('Ctrl Pts',(255.98033353937,8.11046098534547,0.));
#5719=CARTESIAN_POINT('Ctrl Pts',(255.98033353937,8.11046098534547,7.));
#5720=CARTESIAN_POINT('',(256.880333497951,7.21046121119343,0.));
#5721=CARTESIAN_POINT('',(256.860580748667,7.39887233322861,0.));
#5722=CARTESIAN_POINT('',(256.860580748667,7.39887233322861,0.));
#5723=CARTESIAN_POINT('',(255.98033353937,8.11046098534547,0.));
#5724=CARTESIAN_POINT('Ctrl Pts',(255.98033353937,8.11046098534547,0.));
#5725=CARTESIAN_POINT('Ctrl Pts',(256.412769135181,8.1104609674343,0.));
#5726=CARTESIAN_POINT('Ctrl Pts',(256.773972055593,7.8054775811939,0.));
#5727=CARTESIAN_POINT('Ctrl Pts',(256.860580748667,7.39887233322545,0.));
#5728=CARTESIAN_POINT('',(255.98033353937,8.11046098534547,0.));
#5729=CARTESIAN_POINT('Origin',(256.880333497951,0.976401875092789,0.));
#5730=CARTESIAN_POINT('',(256.880333497951,0.976401875092789,1.1));
#5731=CARTESIAN_POINT('',(256.880333497951,0.976401875092789,0.));
#5732=CARTESIAN_POINT('',(256.880333497951,1.80688709449248,1.1));
#5733=CARTESIAN_POINT('',(256.880333497951,1.14164448479263,1.1));
#5734=CARTESIAN_POINT('',(256.880333497951,1.80688709449248,0.));
#5735=CARTESIAN_POINT('',(256.88033349795,5.30688709449247,1.1));
#5736=CARTESIAN_POINT('',(256.880333497951,5.30688709449247,0.));
#5737=CARTESIAN_POINT('',(256.88033349795,6.30688709449245,1.1));
#5738=CARTESIAN_POINT('',(256.880333497951,3.39164448479262,1.1));
#5739=CARTESIAN_POINT('',(256.880333497951,6.30688709449245,0.));
#5740=CARTESIAN_POINT('Ctrl Pts',(257.980332855587,-0.12359787901985,0.));
#5741=CARTESIAN_POINT('Ctrl Pts',(257.980332855587,-0.12359787901985,7.));
#5742=CARTESIAN_POINT('Ctrl Pts',(257.372819987259,-0.123597524252319,0.));
#5743=CARTESIAN_POINT('Ctrl Pts',(257.372819987259,-0.123597524252319,7.));
#5744=CARTESIAN_POINT('Ctrl Pts',(256.88033364733,0.368888982176228,0.));
#5745=CARTESIAN_POINT('Ctrl Pts',(256.88033364733,0.368888982176228,7.));
#5746=CARTESIAN_POINT('Ctrl Pts',(256.880333497951,0.976401875092789,0.));
#5747=CARTESIAN_POINT('Ctrl Pts',(256.880333497951,0.976401875092789,7.));
#5748=CARTESIAN_POINT('',(257.980332855587,-0.12359787901985,0.));
#5749=CARTESIAN_POINT('',(256.893314816638,0.806887094492468,1.1));
#5750=CARTESIAN_POINT('Ctrl Pts',(256.893314816638,0.806887094492467,0.8));
#5751=CARTESIAN_POINT('Ctrl Pts',(256.893314816638,0.806887094492467,0.9));
#5752=CARTESIAN_POINT('Ctrl Pts',(256.893314816638,0.806887094492468,1.));
#5753=CARTESIAN_POINT('Ctrl Pts',(256.893314816638,0.806887094492468,1.1));
#5754=CARTESIAN_POINT('Ctrl Pts',(256.893314816632,0.806887094528614,1.1));
#5755=CARTESIAN_POINT('Ctrl Pts',(256.884768126125,0.862141248834649,1.1));
#5756=CARTESIAN_POINT('Ctrl Pts',(256.880333512126,0.918753683490151,1.1));
#5757=CARTESIAN_POINT('Ctrl Pts',(256.880333497951,0.976401875092789,1.1));
#5758=CARTESIAN_POINT('Origin',(265.672236717956,-0.123597879019899,0.));
#5759=CARTESIAN_POINT('',(265.672236717956,-0.123597879019899,0.));
#5760=CARTESIAN_POINT('',(264.422236146538,-0.12359787901993,1.1));
#5761=CARTESIAN_POINT('',(264.422236146538,-0.123597879019891,0.));
#5762=CARTESIAN_POINT('',(263.422236146538,-0.12359787901993,1.1));
#5763=CARTESIAN_POINT('',(264.797236432247,-0.123597879019893,1.1));
#5764=CARTESIAN_POINT('',(263.422236146538,-0.123597879019885,0.));
#5765=CARTESIAN_POINT('',(259.922236149258,-0.123597879020267,1.1));
#5766=CARTESIAN_POINT('',(259.922236149258,-0.123597879019862,0.));
#5767=CARTESIAN_POINT('',(258.922236149258,-0.123597879020267,1.1));
#5768=CARTESIAN_POINT('',(262.547236433607,-0.123597879019879,1.1));
#5769=CARTESIAN_POINT('',(258.922236149258,-0.123597879019856,0.));
#5770=CARTESIAN_POINT('Ctrl Pts',(266.572236143387,-1.02359731209158,0.));
#5771=CARTESIAN_POINT('Ctrl Pts',(266.572236143387,-1.02359731209158,7.));
#5772=CARTESIAN_POINT('Ctrl Pts',(266.572235830282,-0.526541460587908,0.));
#5773=CARTESIAN_POINT('Ctrl Pts',(266.572235830282,-0.526541460587908,7.));
#5774=CARTESIAN_POINT('Ctrl Pts',(266.169292512003,-0.123598164612733,0.));
#5775=CARTESIAN_POINT('Ctrl Pts',(266.169292512003,-0.123598164612733,7.));
#5776=CARTESIAN_POINT('Ctrl Pts',(265.672236717956,-0.123597879019899,0.));
#5777=CARTESIAN_POINT('Ctrl Pts',(265.672236717956,-0.123597879019899,7.));
#5778=CARTESIAN_POINT('Origin',(245.194341958959,0.176402120980052,0.));
#5779=CARTESIAN_POINT('',(244.194341958959,0.176402120980052,0.));
#5780=CARTESIAN_POINT('',(244.194341958959,0.176402120980052,0.));
#5781=CARTESIAN_POINT('',(245.194341958959,0.176402120980052,0.));
#5782=CARTESIAN_POINT('',(248.587741909254,0.176402120980052,0.));
#5783=CARTESIAN_POINT('',(245.194341958959,0.176402120980052,0.));
#5784=CARTESIAN_POINT('Origin',(264.422236146538,0.176402120980115,0.));
#5785=CARTESIAN_POINT('',(263.422236146538,0.17640212098007,0.));
#5786=CARTESIAN_POINT('',(263.422236146538,0.17640212098007,0.));
#5787=CARTESIAN_POINT('',(264.422236146538,0.17640212098007,0.));
#5788=CARTESIAN_POINT('',(258.201689003043,0.176402120980115,0.));
#5789=CARTESIAN_POINT('',(264.422236146538,0.17640212098007,0.));
#5790=CARTESIAN_POINT('Origin',(259.922236149258,0.176402120979733,0.));
#5791=CARTESIAN_POINT('',(258.922236149258,0.176402120979733,0.));
#5792=CARTESIAN_POINT('',(258.922236149258,0.176402120979733,0.));
#5793=CARTESIAN_POINT('',(259.922236149258,0.176402120979733,0.));
#5794=CARTESIAN_POINT('',(255.951689004403,0.176402120979733,0.));
#5795=CARTESIAN_POINT('',(259.922236149258,0.176402120979733,0.));
#5796=CARTESIAN_POINT('Origin',(240.694341961679,0.176402120979715,0.));
#5797=CARTESIAN_POINT('',(239.694341961679,0.176402120979715,0.));
#5798=CARTESIAN_POINT('',(239.694341961679,0.176402120979715,0.));
#5799=CARTESIAN_POINT('',(240.694341961679,0.176402120979715,0.));
#5800=CARTESIAN_POINT('',(246.337741910613,0.176402120979715,0.));
#5801=CARTESIAN_POINT('',(240.694341961679,0.176402120979715,0.));
#5802=CARTESIAN_POINT('Origin',(246.780333497951,6.30688709449248,0.));
#5803=CARTESIAN_POINT('',(246.780333497947,5.30688709449248,0.));
#5804=CARTESIAN_POINT('',(246.780333497947,5.30688709449248,0.));
#5805=CARTESIAN_POINT('',(246.780333497947,6.30688709449248,0.));
#5806=CARTESIAN_POINT('',(246.780333497951,2.25757135284133,0.));
#5807=CARTESIAN_POINT('',(246.780333497947,6.30688709449248,0.));
#5808=CARTESIAN_POINT('Origin',(246.780333497952,1.80688709449248,0.));
#5809=CARTESIAN_POINT('',(246.780333497952,1.80688709449248,0.));
#5810=CARTESIAN_POINT('',(246.780333497952,0.806887094492468,0.));
#5811=CARTESIAN_POINT('',(246.780333497952,0.0075713528413246,0.));
#5812=CARTESIAN_POINT('',(246.780333497952,1.80688709449248,0.));
#5813=CARTESIAN_POINT('',(246.780333497952,0.806887094492468,0.));
#5814=CARTESIAN_POINT('Origin',(247.067193496202,0.806887094492468,0.));
#5815=CARTESIAN_POINT('',(247.067193496202,0.806887094492468,1.1));
#5816=CARTESIAN_POINT('',(247.067193496202,0.806887094492468,0.));
#5817=CARTESIAN_POINT('',(247.67186081248,0.806887094492468,1.1));
#5818=CARTESIAN_POINT('',(247.906813797385,0.806887094492468,1.1));
#5819=CARTESIAN_POINT('',(247.67186081248,0.806887094492468,0.));
#5820=CARTESIAN_POINT('',(247.67186081248,0.806887094492468,0.));
#5821=CARTESIAN_POINT('',(249.53073767875,0.806887094492468,0.));
#5822=CARTESIAN_POINT('Origin',(257.180333497951,0.976401875092789,0.));
#5823=CARTESIAN_POINT('',(257.180333497951,0.806887094492468,0.));
#5824=CARTESIAN_POINT('',(257.180333497951,0.806887094492468,0.));
#5825=CARTESIAN_POINT('',(257.180333497951,1.80688709449248,0.));
#5826=CARTESIAN_POINT('',(257.180333497951,1.80688709449248,0.));
#5827=CARTESIAN_POINT('',(257.180333497951,-0.407671256858522,0.));
#5828=CARTESIAN_POINT('Origin',(257.180333497951,5.30688709449247,0.));
#5829=CARTESIAN_POINT('',(257.18033349795,6.30688709449245,0.));
#5830=CARTESIAN_POINT('',(257.18033349795,6.30688709449245,0.));
#5831=CARTESIAN_POINT('',(257.18033349795,5.30688709449247,0.));
#5832=CARTESIAN_POINT('',(257.180333497951,1.75757135284132,0.));
#5833=CARTESIAN_POINT('',(257.18033349795,5.30688709449247,0.));
#5834=CARTESIAN_POINT('Origin',(251.981141859548,-1.79174438880983,0.));
#5835=CARTESIAN_POINT('',(236.481142049542,-8.48236113827325,0.));
#5836=CARTESIAN_POINT('Ctrl Pts',(238.981141680865,-10.9823611108479,0.));
#5837=CARTESIAN_POINT('Ctrl Pts',(237.600429960976,-10.9823609072332,0.));
#5838=CARTESIAN_POINT('Ctrl Pts',(236.481142064689,-9.86307285816257,0.));
#5839=CARTESIAN_POINT('Ctrl Pts',(236.481142049542,-8.48236113827325,0.));
#5840=CARTESIAN_POINT('',(236.481142049542,-1.55859797572858,0.));
#5841=CARTESIAN_POINT('',(236.481142049542,-8.48236113827325,0.));
#5842=CARTESIAN_POINT('',(238.981141281419,0.941402167995249,0.));
#5843=CARTESIAN_POINT('Ctrl Pts',(236.481142049542,-1.55859797572858,0.));
#5844=CARTESIAN_POINT('Ctrl Pts',(236.481141970165,-0.17788634499448,0.));
#5845=CARTESIAN_POINT('Ctrl Pts',(237.600429650685,0.941401743772832,0.));
#5846=CARTESIAN_POINT('Ctrl Pts',(238.981141281419,0.941402167995249,0.));
#5847=CARTESIAN_POINT('',(245.015334397225,0.941402284235608,0.));
#5848=CARTESIAN_POINT('',(238.981141281419,0.941402167995249,0.));
#5849=CARTESIAN_POINT('',(246.515333652801,2.44140205579306,0.));
#5850=CARTESIAN_POINT('Ctrl Pts',(245.015334397225,0.941402284235608,0.));
#5851=CARTESIAN_POINT('Ctrl Pts',(245.843761142043,0.941402695369526,0.));
#5852=CARTESIAN_POINT('Ctrl Pts',(246.515333526636,1.61297531097485,0.));
#5853=CARTESIAN_POINT('Ctrl Pts',(246.515333652801,2.44140205579306,0.));
#5854=CARTESIAN_POINT('',(246.515333585356,6.21046077580917,0.));
#5855=CARTESIAN_POINT('',(246.515333652801,2.44140205579306,0.));
#5856=CARTESIAN_POINT('',(247.100086208801,7.3988721689994,0.));
#5857=CARTESIAN_POINT('Origin',(248.015333585356,6.21046052326835,0.));
#5858=CARTESIAN_POINT('',(247.9803334694,8.11046098534547,0.));
#5859=CARTESIAN_POINT('Ctrl Pts',(247.100086208801,7.39887216899939,0.));
#5860=CARTESIAN_POINT('Ctrl Pts',(247.186694834116,7.80547749384514,0.));
#5861=CARTESIAN_POINT('Ctrl Pts',(247.547897802436,8.11046097162697,0.));
#5862=CARTESIAN_POINT('Ctrl Pts',(247.9803334694,8.11046098534547,0.));
#5863=CARTESIAN_POINT('',(247.9803334694,8.11046098534547,0.));
#5864=CARTESIAN_POINT('',(257.445333585356,6.2104607380265,0.));
#5865=CARTESIAN_POINT('Origin',(255.945333585356,6.2104605232691,0.));
#5866=CARTESIAN_POINT('',(257.445333652801,2.44140191101921,0.));
#5867=CARTESIAN_POINT('',(257.445333585356,6.2104607380265,0.));
#5868=CARTESIAN_POINT('',(258.945333530997,0.941402120650072,0.));
#5869=CARTESIAN_POINT('Ctrl Pts',(257.445333652801,2.44140191101921,0.));
#5870=CARTESIAN_POINT('Ctrl Pts',(257.445333768577,1.61297491570666,0.));
#5871=CARTESIAN_POINT('Ctrl Pts',(258.116906535684,0.941402187920963,0.));
#5872=CARTESIAN_POINT('Ctrl Pts',(258.945333530997,0.941402120650072,0.));
#5873=CARTESIAN_POINT('',(264.981142083707,0.941402119324102,0.));
#5874=CARTESIAN_POINT('',(258.945333530997,0.941402120650072,0.));
#5875=CARTESIAN_POINT('Ctrl Pts',(264.981142083707,0.941402119324102,0.));
#5876=CARTESIAN_POINT('Ctrl Pts',(266.361853846928,0.941401900619749,0.));
#5877=CARTESIAN_POINT('Ctrl Pts',(267.481141748931,-0.177886228309561,0.));
#5878=CARTESIAN_POINT('Ctrl Pts',(267.481141687708,-1.55859799153076,0.));
#5879=CARTESIAN_POINT('',(265.672234220897,-0.723597879019988,0.));
#5880=CARTESIAN_POINT('Ctrl Pts',(265.972236143387,-1.02359786659437,0.));
#5881=CARTESIAN_POINT('Ctrl Pts',(265.972236136525,-0.857913501207421,0.));
#5882=CARTESIAN_POINT('Ctrl Pts',(265.837923269418,-0.723599575102356,0.));
#5883=CARTESIAN_POINT('Ctrl Pts',(265.672234220897,-0.723597879019988,0.));
#5884=CARTESIAN_POINT('',(264.422236146538,-0.723597879020219,0.));
#5885=CARTESIAN_POINT('',(258.826688040223,-0.723597879020219,0.));
#5886=CARTESIAN_POINT('',(264.422236146538,-0.957671133914881,0.));
#5887=CARTESIAN_POINT('',(263.422236146538,-0.723597879020219,0.));
#5888=CARTESIAN_POINT('',(263.422236146538,-0.957671133914881,0.));
#5889=CARTESIAN_POINT('',(259.922236149258,-0.723597879020219,0.));
#5890=CARTESIAN_POINT('',(258.826688040223,-0.723597879020219,0.));
#5891=CARTESIAN_POINT('',(259.922236149258,-0.95767113391505,0.));
#5892=CARTESIAN_POINT('',(258.922236149258,-0.723597879020219,0.));
#5893=CARTESIAN_POINT('',(258.922236149258,-0.95767113391505,0.));
#5894=CARTESIAN_POINT('',(257.980332505207,-0.723597879019859,0.));
#5895=CARTESIAN_POINT('',(258.826688040223,-0.723597879020219,0.));
#5896=CARTESIAN_POINT('',(256.288679222906,0.806887094492468,0.));
#5897=CARTESIAN_POINT('Ctrl Pts',(257.980332505207,-0.723597879019859,0.));
#5898=CARTESIAN_POINT('Ctrl Pts',(257.098657910341,-0.723597364150976,0.));
#5899=CARTESIAN_POINT('Ctrl Pts',(256.373747723597,-0.0524099400753253,
0.));
#5900=CARTESIAN_POINT('Ctrl Pts',(256.288679222906,0.806887094492449,0.));
#5901=CARTESIAN_POINT('',(254.43073767875,0.806887094492468,0.));
#5902=CARTESIAN_POINT('',(256.280333497951,1.80688709449248,0.));
#5903=CARTESIAN_POINT('',(254.43073767875,1.80688709449248,0.));
#5904=CARTESIAN_POINT('',(256.280333497951,5.30688709449247,0.));
#5905=CARTESIAN_POINT('',(256.280333497951,-0.40767125685823,0.));
#5906=CARTESIAN_POINT('',(254.130737678749,5.30688709449247,0.));
#5907=CARTESIAN_POINT('',(256.280333497951,6.30688709449245,0.));
#5908=CARTESIAN_POINT('',(254.430737678749,6.30688709449245,0.));
#5909=CARTESIAN_POINT('',(256.28033349795,7.21046106062803,0.));
#5910=CARTESIAN_POINT('',(256.280333497951,-0.40767125685823,0.));
#5911=CARTESIAN_POINT('',(255.98033353937,7.51046098534532,0.));
#5912=CARTESIAN_POINT('Ctrl Pts',(256.28033349795,7.21046106062803,0.));
#5913=CARTESIAN_POINT('Ctrl Pts',(256.280333456373,7.37614645132501,0.));
#5914=CARTESIAN_POINT('Ctrl Pts',(256.146018901073,7.51046097848277,0.));
#5915=CARTESIAN_POINT('Ctrl Pts',(255.98033353937,7.51046098534532,0.));
#5916=CARTESIAN_POINT('',(247.980333488434,7.51046098534538,0.));
#5917=CARTESIAN_POINT('',(253.980737699459,7.51046098534534,0.));
#5918=CARTESIAN_POINT('',(247.680333497951,7.21045839694222,0.));
#5919=CARTESIAN_POINT('Ctrl Pts',(247.980333488434,7.51046098534538,0.));
#5920=CARTESIAN_POINT('Ctrl Pts',(247.814649083404,7.51046098008925,0.));
#5921=CARTESIAN_POINT('Ctrl Pts',(247.680335139576,7.37614805241542,0.));
#5922=CARTESIAN_POINT('Ctrl Pts',(247.680333497951,7.21045839694222,0.));
#5923=CARTESIAN_POINT('',(247.68033349795,6.30688709449248,0.));
#5924=CARTESIAN_POINT('',(247.680333497951,2.70935700406619,0.));
#5925=CARTESIAN_POINT('',(249.830737678749,6.30688709449248,0.));
#5926=CARTESIAN_POINT('',(247.68033349795,5.30688709449248,0.));
#5927=CARTESIAN_POINT('',(249.530737678747,5.30688709449248,0.));
#5928=CARTESIAN_POINT('',(247.680333497951,1.80688709449248,0.));
#5929=CARTESIAN_POINT('',(247.680333497951,2.70935700406619,0.));
#5930=CARTESIAN_POINT('',(249.53073767875,1.80688709449248,0.));
#5931=CARTESIAN_POINT('',(245.98033228216,-0.723597879020019,0.));
#5932=CARTESIAN_POINT('Origin',(245.980333497952,0.976402120979172,0.));
#5933=CARTESIAN_POINT('',(245.194341958959,-0.72359787902025,0.));
#5934=CARTESIAN_POINT('',(248.980737070854,-0.723597879019908,0.));
#5935=CARTESIAN_POINT('',(245.194341958959,-0.95767113391489,0.));
#5936=CARTESIAN_POINT('',(244.194341958959,-0.72359787902025,0.));
#5937=CARTESIAN_POINT('',(244.194341958959,-0.95767113391489,0.));
#5938=CARTESIAN_POINT('',(240.694341961679,-0.72359787902025,0.));
#5939=CARTESIAN_POINT('',(248.980737070854,-0.723597879019908,0.));
#5940=CARTESIAN_POINT('',(240.694341961679,-0.957671133915059,0.));
#5941=CARTESIAN_POINT('',(239.694341961679,-0.72359787902025,0.));
#5942=CARTESIAN_POINT('',(239.694341961679,-0.957671133915059,0.));
#5943=CARTESIAN_POINT('',(238.444342326189,-0.723597879020299,0.));
#5944=CARTESIAN_POINT('',(248.980737070854,-0.723597879019908,0.));
#5945=CARTESIAN_POINT('Origin',(238.444341963774,-1.02359787902048,0.));
#5946=CARTESIAN_POINT('Origin',(247.680333497951,1.80688709449248,0.));
#5947=CARTESIAN_POINT('',(247.680333497951,1.80688709449248,1.1));
#5948=CARTESIAN_POINT('',(247.680333497951,1.80688709449248,0.));
#5949=CARTESIAN_POINT('',(247.080333497952,1.80688709449248,1.1));
#5950=CARTESIAN_POINT('',(246.869813944347,1.80688709449248,1.1));
#5951=CARTESIAN_POINT('',(247.080333497952,1.80688709449248,0.));
#5952=CARTESIAN_POINT('Origin',(247.373763497076,1.30688709449247,1.1));
#5953=CARTESIAN_POINT('',(247.080333497952,0.97640184494368,1.1));
#5954=CARTESIAN_POINT('Origin',(245.980333497951,0.976402120980473,1.1));
#5955=CARTESIAN_POINT('',(247.080333497952,4.2586741628626,1.1));
#5956=CARTESIAN_POINT('',(247.680333497951,0.976401694378981,1.1));
#5957=CARTESIAN_POINT('',(247.680333497951,4.25867274571735,1.1));
#5958=CARTESIAN_POINT('Origin',(245.980333497952,0.976402120979172,1.1));
#5959=CARTESIAN_POINT('Origin',(259.922236149258,-0.723597879020219,0.));
#5960=CARTESIAN_POINT('',(259.922236149258,-0.723597879020219,1.1));
#5961=CARTESIAN_POINT('',(259.922236149258,-0.723597879020219,0.));
#5962=CARTESIAN_POINT('',(259.922236149258,-0.123597879020267,1.1));
#5963=CARTESIAN_POINT('Origin',(258.922236149258,-0.123597879020267,0.));
#5964=CARTESIAN_POINT('',(258.922236149258,-0.723597879020219,1.1));
#5965=CARTESIAN_POINT('',(258.922236149258,-0.723597879020219,1.1));
#5966=CARTESIAN_POINT('',(258.922236149258,-0.723597879020219,0.));
#5967=CARTESIAN_POINT('Origin',(259.422236149258,-0.423597879020243,1.1));
#5968=CARTESIAN_POINT('',(262.547235185078,-0.723597879020219,1.1));
#5969=CARTESIAN_POINT('Origin',(256.880333497951,1.80688709449248,0.));
#5970=CARTESIAN_POINT('',(256.280333497951,1.80688709449248,1.1));
#5971=CARTESIAN_POINT('',(256.029462955352,1.80688709449248,1.1));
#5972=CARTESIAN_POINT('',(256.280333497951,1.80688709449248,0.));
#5973=CARTESIAN_POINT('Origin',(256.288679222906,0.806887094492468,0.));
#5974=CARTESIAN_POINT('',(256.288679222906,0.806887094492468,1.1));
#5975=CARTESIAN_POINT('Ctrl Pts',(256.288679222906,0.806887094492468,1.1));
#5976=CARTESIAN_POINT('Ctrl Pts',(256.288679222906,0.806887094492468,0.733333333333334));
#5977=CARTESIAN_POINT('Ctrl Pts',(256.288679222906,0.806887094492468,0.366666666666667));
#5978=CARTESIAN_POINT('Ctrl Pts',(256.288679222906,0.806887094492468,0.));
#5979=CARTESIAN_POINT('',(257.114371883253,0.806887094492468,1.1));
#5980=CARTESIAN_POINT('Origin',(256.586824157294,1.30688709449247,1.1));
#5981=CARTESIAN_POINT('',(256.280333497951,0.97640187509259,1.1));
#5982=CARTESIAN_POINT('',(256.280333497951,1.1416444847925,1.1));
#5983=CARTESIAN_POINT('Ctrl Pts',(256.280333497951,0.97640187509259,1.1));
#5984=CARTESIAN_POINT('Ctrl Pts',(256.280333512018,0.919192935691055,1.1));
#5985=CARTESIAN_POINT('Ctrl Pts',(256.283159411133,0.862644018026501,1.1));
#5986=CARTESIAN_POINT('Ctrl Pts',(256.288679222906,0.806887094494102,1.1));
#5987=CARTESIAN_POINT('Origin',(245.194341958959,-0.72359787902025,0.));
#5988=CARTESIAN_POINT('',(245.194341958959,-0.72359787902025,1.1));
#5989=CARTESIAN_POINT('',(245.194341958959,-0.723597879020048,0.));
#5990=CARTESIAN_POINT('',(245.194341958959,-0.123597879019948,1.1));
#5991=CARTESIAN_POINT('',(245.194341958959,-0.123597879019948,1.1));
#5992=CARTESIAN_POINT('',(245.194341958959,-0.123597879019959,0.));
#5993=CARTESIAN_POINT('Origin',(244.194341958959,-0.123597879019948,0.));
#5994=CARTESIAN_POINT('',(244.194341958959,-0.123597879019948,1.1));
#5995=CARTESIAN_POINT('',(244.194341958959,-0.123597879020035,0.));
#5996=CARTESIAN_POINT('',(244.194341958959,-0.72359787902025,1.1));
#5997=CARTESIAN_POINT('',(244.194341958959,-0.72359787902025,1.1));
#5998=CARTESIAN_POINT('',(244.194341958959,-0.723597879020086,0.));
#5999=CARTESIAN_POINT('Origin',(244.694341958959,-0.423597879020099,1.1));
#6000=CARTESIAN_POINT('',(245.33733712056,-0.123597879019948,1.1));
#6001=CARTESIAN_POINT('',(245.33733712056,-0.723597879020043,1.1));
#6002=CARTESIAN_POINT('Origin',(247.68033349795,6.30688709449248,0.));
#6003=CARTESIAN_POINT('',(247.68033349795,6.30688709449248,1.1));
#6004=CARTESIAN_POINT('',(247.680333497951,6.30688709449248,0.));
#6005=CARTESIAN_POINT('',(247.080333497947,6.30688709449248,1.1));
#6006=CARTESIAN_POINT('',(247.080333497947,6.30688709449248,1.1));
#6007=CARTESIAN_POINT('',(247.080333497951,6.30688709449248,0.));
#6008=CARTESIAN_POINT('Origin',(247.080333497947,5.30688709449248,0.));
#6009=CARTESIAN_POINT('',(247.080333497947,5.30688709449248,1.1));
#6010=CARTESIAN_POINT('',(247.080333497951,5.30688709449248,0.));
#6011=CARTESIAN_POINT('',(247.68033349795,5.30688709449248,1.1));
#6012=CARTESIAN_POINT('',(247.68033349795,5.30688709449248,1.1));
#6013=CARTESIAN_POINT('',(247.680333497951,5.30688709449248,0.));
#6014=CARTESIAN_POINT('Origin',(247.380333497949,5.80688709449248,1.1));
#6015=CARTESIAN_POINT('',(247.080333497951,6.5086741628626,1.1));
#6016=CARTESIAN_POINT('',(247.680333497951,6.50867274571735,1.1));
#6017=CARTESIAN_POINT('Origin',(263.422236146538,-0.12359787901993,0.));
#6018=CARTESIAN_POINT('',(263.422236146538,-0.723597879020219,1.1));
#6019=CARTESIAN_POINT('',(263.422236146538,-0.723597879020219,1.1));
#6020=CARTESIAN_POINT('',(263.422236146538,-0.723597879020219,0.));
#6021=CARTESIAN_POINT('Origin',(264.422236146538,-0.723597879020219,0.));
#6022=CARTESIAN_POINT('',(264.422236146538,-0.723597879020219,1.1));
#6023=CARTESIAN_POINT('',(264.422236146538,-0.723597879020219,0.));
#6024=CARTESIAN_POINT('',(264.422236146538,-0.12359787901993,1.1));
#6025=CARTESIAN_POINT('Origin',(263.922236146538,-0.423597879020075,1.1));
#6026=CARTESIAN_POINT('',(264.797235183718,-0.723597879020219,1.1));
#6027=CARTESIAN_POINT('Origin',(256.280333497951,5.30688709449247,0.));
#6028=CARTESIAN_POINT('',(256.280333497951,5.30688709449247,1.1));
#6029=CARTESIAN_POINT('',(256.28033349795,5.30688709449247,0.));
#6030=CARTESIAN_POINT('',(256.88033349795,5.30688709449247,1.1));
#6031=CARTESIAN_POINT('Origin',(256.88033349795,6.30688709449245,0.));
#6032=CARTESIAN_POINT('',(256.280333497951,6.30688709449245,1.1));
#6033=CARTESIAN_POINT('',(256.280333497951,6.30688709449245,1.1));
#6034=CARTESIAN_POINT('',(256.28033349795,6.30688709449245,0.));
#6035=CARTESIAN_POINT('Origin',(256.580333497951,5.80688709449246,1.1));
#6036=CARTESIAN_POINT('',(256.280333497951,3.3916444847925,1.1));
#6037=CARTESIAN_POINT('Origin',(240.694341961679,-0.72359787902025,0.));
#6038=CARTESIAN_POINT('',(240.694341961679,-0.72359787902025,1.1));
#6039=CARTESIAN_POINT('',(240.694341961679,-0.723597879020216,0.));
#6040=CARTESIAN_POINT('',(240.694341961679,-0.123597879020285,1.1));
#6041=CARTESIAN_POINT('',(240.694341961679,-0.123597879020285,1.1));
#6042=CARTESIAN_POINT('',(240.694341961679,-0.123597879020301,0.));
#6043=CARTESIAN_POINT('Origin',(239.694341961679,-0.123597879020285,0.));
#6044=CARTESIAN_POINT('',(239.694341961679,-0.123597879020285,1.1));
#6045=CARTESIAN_POINT('',(239.694341961679,-0.123597879020377,0.));
#6046=CARTESIAN_POINT('',(239.694341961679,-0.72359787902025,1.1));
#6047=CARTESIAN_POINT('',(239.694341961679,-0.72359787902025,1.1));
#6048=CARTESIAN_POINT('',(239.694341961679,-0.723597879020253,0.));
#6049=CARTESIAN_POINT('Origin',(240.194341961679,-0.423597879020268,1.1));
#6050=CARTESIAN_POINT('',(243.08733712192,-0.123597879020119,1.1));
#6051=CARTESIAN_POINT('',(243.08733712192,-0.723597879020127,1.1));
#6052=CARTESIAN_POINT('Origin',(245.980333497952,0.976402120979172,0.));
#6053=CARTESIAN_POINT('',(247.680333497951,0.976401694378981,0.));
#6054=CARTESIAN_POINT('',(245.98033228216,-0.723597879020019,0.));
#6055=CARTESIAN_POINT('Origin',(247.080333497951,7.21046123123277,0.));
#6056=CARTESIAN_POINT('',(247.080333497951,7.21046123123277,0.));
#6057=CARTESIAN_POINT('',(247.080333497952,0.97640184494368,0.));
#6058=CARTESIAN_POINT('Origin',(265.672234220897,-0.723597879020219,0.));
#6059=CARTESIAN_POINT('',(265.672234220897,-0.723597879019988,0.));
#6060=CARTESIAN_POINT('',(257.980332505207,-0.723597879019859,0.));
#6061=CARTESIAN_POINT('Origin',(256.280333497951,0.97640187509259,0.));
#6062=CARTESIAN_POINT('',(256.280333497951,0.97640187509259,0.));
#6063=CARTESIAN_POINT('',(256.28033349795,7.21046106062803,0.));
#6064=CARTESIAN_POINT('Origin',(245.98033228216,-0.123597879019899,0.));
#6065=CARTESIAN_POINT('',(245.98033228216,-0.123597879019899,0.));
#6066=CARTESIAN_POINT('',(238.444343051019,-0.123597879020472,0.));
#6067=CARTESIAN_POINT('Origin',(245.98033228216,-0.723597879020019,0.));
#6068=CARTESIAN_POINT('',(238.444342326189,-0.723597879020299,0.));
#6069=CARTESIAN_POINT('Ctrl Pts',(265.972236143387,-1.02359786659437,0.));
#6070=CARTESIAN_POINT('Ctrl Pts',(265.972236143387,-1.02359786659437,6.));
#6071=CARTESIAN_POINT('Ctrl Pts',(265.972236136525,-0.857913501207421,0.));
#6072=CARTESIAN_POINT('Ctrl Pts',(265.972236136525,-0.857913501207421,6.));
#6073=CARTESIAN_POINT('Ctrl Pts',(265.837923269418,-0.723599575102356,0.));
#6074=CARTESIAN_POINT('Ctrl Pts',(265.837923269418,-0.723599575102356,6.));
#6075=CARTESIAN_POINT('Ctrl Pts',(265.672234220897,-0.723597879019988,0.));
#6076=CARTESIAN_POINT('Ctrl Pts',(265.672234220897,-0.723597879019988,6.));
#6077=CARTESIAN_POINT('Origin',(238.444341963774,-1.02359787902048,0.));
#6078=CARTESIAN_POINT('Origin',(247.680333497951,7.21045839694222,0.));
#6079=CARTESIAN_POINT('',(247.680333497951,7.21045839694222,0.));
#6080=CARTESIAN_POINT('Ctrl Pts',(247.980333488434,7.51046098534538,0.));
#6081=CARTESIAN_POINT('Ctrl Pts',(247.980333488434,7.51046098534538,6.));
#6082=CARTESIAN_POINT('Ctrl Pts',(247.814649083404,7.51046098008925,0.));
#6083=CARTESIAN_POINT('Ctrl Pts',(247.814649083404,7.51046098008925,6.));
#6084=CARTESIAN_POINT('Ctrl Pts',(247.680335139576,7.37614805241542,0.));
#6085=CARTESIAN_POINT('Ctrl Pts',(247.680335139576,7.37614805241542,6.));
#6086=CARTESIAN_POINT('Ctrl Pts',(247.680333497951,7.21045839694222,0.));
#6087=CARTESIAN_POINT('Ctrl Pts',(247.680333497951,7.21045839694222,6.));
#6088=CARTESIAN_POINT('',(247.980333488434,7.51046098534538,0.));
#6089=CARTESIAN_POINT('Origin',(255.98033353937,7.51046098534532,0.));
#6090=CARTESIAN_POINT('',(255.98033353937,7.51046098534532,0.));
#6091=CARTESIAN_POINT('Ctrl Pts',(256.28033349795,7.21046106062803,0.));
#6092=CARTESIAN_POINT('Ctrl Pts',(256.28033349795,7.21046106062803,6.));
#6093=CARTESIAN_POINT('Ctrl Pts',(256.280333456373,7.37614645132501,0.));
#6094=CARTESIAN_POINT('Ctrl Pts',(256.280333456373,7.37614645132501,6.));
#6095=CARTESIAN_POINT('Ctrl Pts',(256.146018901073,7.51046097848277,0.));
#6096=CARTESIAN_POINT('Ctrl Pts',(256.146018901073,7.51046097848277,6.));
#6097=CARTESIAN_POINT('Ctrl Pts',(255.98033353937,7.51046098534532,0.));
#6098=CARTESIAN_POINT('Ctrl Pts',(255.98033353937,7.51046098534532,6.));
#6099=CARTESIAN_POINT('Ctrl Pts',(257.980332505207,-0.723597879019859,0.));
#6100=CARTESIAN_POINT('Ctrl Pts',(257.980332505207,-0.723597879019859,6.));
#6101=CARTESIAN_POINT('Ctrl Pts',(257.041448981427,-0.723597330742849,0.));
#6102=CARTESIAN_POINT('Ctrl Pts',(257.041448981427,-0.723597330742849,6.));
#6103=CARTESIAN_POINT('Ctrl Pts',(256.28033372881,0.0375181791922198,0.));
#6104=CARTESIAN_POINT('Ctrl Pts',(256.28033372881,0.0375181791922198,6.));
#6105=CARTESIAN_POINT('Ctrl Pts',(256.280333497951,0.97640187509259,0.));
#6106=CARTESIAN_POINT('Ctrl Pts',(256.280333497951,0.97640187509259,6.));
#6107=CARTESIAN_POINT('Origin',(257.922236148199,-8.52359854721249,0.));
#6108=CARTESIAN_POINT('',(257.922236148199,-2.02359674161536,0.));
#6109=CARTESIAN_POINT('',(257.922236148199,-8.52359854721249,0.));
#6110=CARTESIAN_POINT('Ctrl Pts',(257.922236148199,-2.02359674161536,0.));
#6111=CARTESIAN_POINT('Ctrl Pts',(257.922236148199,-2.02359674161536,7.));
#6112=CARTESIAN_POINT('Ctrl Pts',(257.92223664635,-1.74745507221093,0.));
#6113=CARTESIAN_POINT('Ctrl Pts',(257.92223664635,-1.74745507221093,7.));
#6114=CARTESIAN_POINT('Ctrl Pts',(258.146093574204,-1.52359814318969,0.));
#6115=CARTESIAN_POINT('Ctrl Pts',(258.146093574204,-1.52359814318969,7.));
#6116=CARTESIAN_POINT('Ctrl Pts',(258.422235243609,-1.52359764359943,0.));
#6117=CARTESIAN_POINT('Ctrl Pts',(258.422235243609,-1.52359764359943,7.));
#6118=CARTESIAN_POINT('',(258.422235243609,-1.52359764359943,0.));
#6119=CARTESIAN_POINT('Origin',(258.422235243609,-1.52359764359943,0.));
#6120=CARTESIAN_POINT('',(264.922237050183,-1.52359764262183,0.));
#6121=CARTESIAN_POINT('Ctrl Pts',(264.922237050183,-1.52359764262183,0.));
#6122=CARTESIAN_POINT('Ctrl Pts',(264.922237050183,-1.52359764262183,7.));
#6123=CARTESIAN_POINT('Ctrl Pts',(265.198378720341,-1.52359814110487,0.));
#6124=CARTESIAN_POINT('Ctrl Pts',(265.198378720341,-1.52359814110487,7.));
#6125=CARTESIAN_POINT('Ctrl Pts',(265.422235649405,-1.74745507040456,0.));
#6126=CARTESIAN_POINT('Ctrl Pts',(265.422235649405,-1.74745507040456,7.));
#6127=CARTESIAN_POINT('Ctrl Pts',(265.422236147597,-2.02359674056258,0.));
#6128=CARTESIAN_POINT('Ctrl Pts',(265.422236147597,-2.02359674056258,7.));
#6129=CARTESIAN_POINT('',(265.422236147597,-2.02359674056258,0.));
#6130=CARTESIAN_POINT('Origin',(248.34606771069,-8.52359854721249,0.));
#6131=CARTESIAN_POINT('',(248.34606771069,-2.02359674161536,0.));
#6132=CARTESIAN_POINT('',(248.34606771069,-8.52359854721249,0.));
#6133=CARTESIAN_POINT('Ctrl Pts',(248.34606771069,-2.02359674161536,0.));
#6134=CARTESIAN_POINT('Ctrl Pts',(248.34606771069,-2.02359674161536,7.));
#6135=CARTESIAN_POINT('Ctrl Pts',(248.346068208841,-1.74745507221099,0.));
#6136=CARTESIAN_POINT('Ctrl Pts',(248.346068208841,-1.74745507221099,7.));
#6137=CARTESIAN_POINT('Ctrl Pts',(248.569925136695,-1.52359814318977,0.));
#6138=CARTESIAN_POINT('Ctrl Pts',(248.569925136695,-1.52359814318977,7.));
#6139=CARTESIAN_POINT('Ctrl Pts',(248.8460668061,-1.52359764359943,0.));
#6140=CARTESIAN_POINT('Ctrl Pts',(248.8460668061,-1.52359764359943,7.));
#6141=CARTESIAN_POINT('',(248.8460668061,-1.52359764359943,0.));
#6142=CARTESIAN_POINT('Origin',(248.8460668061,-1.52359764359943,0.));
#6143=CARTESIAN_POINT('',(255.346068612674,-1.52359764262183,0.));
#6144=CARTESIAN_POINT('Ctrl Pts',(255.346068612674,-1.52359764262183,0.));
#6145=CARTESIAN_POINT('Ctrl Pts',(255.346068612674,-1.52359764262183,7.));
#6146=CARTESIAN_POINT('Ctrl Pts',(255.622210282832,-1.52359814110487,0.));
#6147=CARTESIAN_POINT('Ctrl Pts',(255.622210282832,-1.52359814110487,7.));
#6148=CARTESIAN_POINT('Ctrl Pts',(255.846067211897,-1.74745507040456,0.));
#6149=CARTESIAN_POINT('Ctrl Pts',(255.846067211897,-1.74745507040456,7.));
#6150=CARTESIAN_POINT('Ctrl Pts',(255.846067710089,-2.02359674056258,0.));
#6151=CARTESIAN_POINT('Ctrl Pts',(255.846067710089,-2.02359674056258,7.));
#6152=CARTESIAN_POINT('',(255.846067710089,-2.02359674056258,0.));
#6153=CARTESIAN_POINT('Origin',(248.34606771069,0.306886189826634,0.));
#6154=CARTESIAN_POINT('',(248.34606771069,6.80688799542374,0.));
#6155=CARTESIAN_POINT('',(248.34606771069,0.306886189826634,0.));
#6156=CARTESIAN_POINT('Ctrl Pts',(248.34606771069,6.80688799542374,0.));
#6157=CARTESIAN_POINT('Ctrl Pts',(248.34606771069,6.80688799542374,7.));
#6158=CARTESIAN_POINT('Ctrl Pts',(248.346068208841,7.08302966482809,0.));
#6159=CARTESIAN_POINT('Ctrl Pts',(248.346068208841,7.08302966482809,7.));
#6160=CARTESIAN_POINT('Ctrl Pts',(248.569925136695,7.30688659384933,0.));
#6161=CARTESIAN_POINT('Ctrl Pts',(248.569925136695,7.30688659384933,7.));
#6162=CARTESIAN_POINT('Ctrl Pts',(248.8460668061,7.30688709343963,0.));
#6163=CARTESIAN_POINT('Ctrl Pts',(248.8460668061,7.30688709343963,7.));
#6164=CARTESIAN_POINT('',(248.8460668061,7.30688709343963,0.));
#6165=CARTESIAN_POINT('Origin',(248.8460668061,7.30688709343963,0.));
#6166=CARTESIAN_POINT('',(255.346068612674,7.30688709441725,0.));
#6167=CARTESIAN_POINT('Ctrl Pts',(255.346068612674,7.30688709441725,0.));
#6168=CARTESIAN_POINT('Ctrl Pts',(255.346068612674,7.30688709441725,7.));
#6169=CARTESIAN_POINT('Ctrl Pts',(255.622210282832,7.30688659593429,0.));
#6170=CARTESIAN_POINT('Ctrl Pts',(255.622210282832,7.30688659593429,7.));
#6171=CARTESIAN_POINT('Ctrl Pts',(255.846067211897,7.08302966663456,0.));
#6172=CARTESIAN_POINT('Ctrl Pts',(255.846067211897,7.08302966663456,7.));
#6173=CARTESIAN_POINT('Ctrl Pts',(255.846067710089,6.80688799647655,0.));
#6174=CARTESIAN_POINT('Ctrl Pts',(255.846067710089,6.80688799647655,7.));
#6175=CARTESIAN_POINT('',(255.846067710089,6.80688799647655,0.));
#6176=CARTESIAN_POINT('Origin',(238.694341967383,-8.52359854721249,0.));
#6177=CARTESIAN_POINT('',(238.694341959562,-2.02359674161536,0.));
#6178=CARTESIAN_POINT('',(238.694341967383,-8.52359854721249,0.));
#6179=CARTESIAN_POINT('Ctrl Pts',(238.694341959562,-2.02359674161536,0.));
#6180=CARTESIAN_POINT('Ctrl Pts',(238.694341959562,-2.02359674161536,7.));
#6181=CARTESIAN_POINT('Ctrl Pts',(238.694342457713,-1.74745507244596,0.));
#6182=CARTESIAN_POINT('Ctrl Pts',(238.694342457713,-1.74745507244596,7.));
#6183=CARTESIAN_POINT('Ctrl Pts',(238.9181993852,-1.52359814352205,0.));
#6184=CARTESIAN_POINT('Ctrl Pts',(238.9181993852,-1.52359814352205,7.));
#6185=CARTESIAN_POINT('Ctrl Pts',(239.19434105437,-1.52359764359943,0.));
#6186=CARTESIAN_POINT('Ctrl Pts',(239.19434105437,-1.52359764359943,7.));
#6187=CARTESIAN_POINT('',(239.19434105437,-1.52359764359943,0.));
#6188=CARTESIAN_POINT('Origin',(239.19434105437,-1.52359764359943,0.));
#6189=CARTESIAN_POINT('',(245.694342860944,-1.52359764262183,0.));
#6190=CARTESIAN_POINT('Ctrl Pts',(245.694342860944,-1.52359764262183,0.));
#6191=CARTESIAN_POINT('Ctrl Pts',(245.694342860944,-1.52359764262183,7.));
#6192=CARTESIAN_POINT('Ctrl Pts',(245.970484531337,-1.52359814077255,0.));
#6193=CARTESIAN_POINT('Ctrl Pts',(245.970484531337,-1.52359814077255,7.));
#6194=CARTESIAN_POINT('Ctrl Pts',(246.194341460768,-1.74745507016959,0.));
#6195=CARTESIAN_POINT('Ctrl Pts',(246.194341460768,-1.74745507016959,7.));
#6196=CARTESIAN_POINT('Ctrl Pts',(246.19434195896,-2.02359674056258,0.));
#6197=CARTESIAN_POINT('Ctrl Pts',(246.19434195896,-2.02359674056258,7.));
#6198=CARTESIAN_POINT('',(246.19434195896,-2.02359674056258,0.));
#6199=CARTESIAN_POINT('Ctrl Pts',(247.9803334694,8.11046098534547,0.));
#6200=CARTESIAN_POINT('Ctrl Pts',(247.9803334694,8.11046098534547,7.));
#6201=CARTESIAN_POINT('Ctrl Pts',(247.483277292125,8.11046096957696,0.));
#6202=CARTESIAN_POINT('Ctrl Pts',(247.483277292125,8.11046096957696,7.));
#6203=CARTESIAN_POINT('Ctrl Pts',(247.080333620171,7.70751738391925,0.));
#6204=CARTESIAN_POINT('Ctrl Pts',(247.080333620171,7.70751738391925,7.));
#6205=CARTESIAN_POINT('Ctrl Pts',(247.080333497951,7.21046123123277,0.));
#6206=CARTESIAN_POINT('Ctrl Pts',(247.080333497951,7.21046123123277,7.));
#6207=CARTESIAN_POINT('',(247.9803334694,8.11046098534547,0.));
#6208=CARTESIAN_POINT('',(247.100086208801,7.3988721689994,0.));
#6209=CARTESIAN_POINT('Origin',(245.980333497951,0.976402120980473,0.));
#6210=CARTESIAN_POINT('Origin',(238.444341963774,-1.0235978790204,0.));
#6211=CARTESIAN_POINT('',(237.544341963774,-1.02359724909959,0.));
#6212=CARTESIAN_POINT('Origin',(237.544341963774,-1.02359724909959,0.));
#6213=CARTESIAN_POINT('Ctrl Pts',(248.846066808105,-0.193112905507502,0.));
#6214=CARTESIAN_POINT('Ctrl Pts',(248.846066808105,-0.193112905507502,7.));
#6215=CARTESIAN_POINT('Ctrl Pts',(248.569925138965,-0.193112407024492,0.));
#6216=CARTESIAN_POINT('Ctrl Pts',(248.569925138965,-0.193112407024492,7.));
#6217=CARTESIAN_POINT('Ctrl Pts',(248.346068210322,0.0307445206866008,0.));
#6218=CARTESIAN_POINT('Ctrl Pts',(248.346068210322,0.0307445206866008,7.));
#6219=CARTESIAN_POINT('Ctrl Pts',(248.34606771069,0.306886189826634,0.));
#6220=CARTESIAN_POINT('Ctrl Pts',(248.34606771069,0.306886189826634,7.));
#6221=CARTESIAN_POINT('',(248.846066808105,-0.193112905507502,0.));
#6222=CARTESIAN_POINT('Origin',(255.346068606859,-0.193112905507502,0.));
#6223=CARTESIAN_POINT('',(255.346068606859,-0.193112905507502,0.));
#6224=CARTESIAN_POINT('Ctrl Pts',(255.846067702268,0.306886192508391,0.));
#6225=CARTESIAN_POINT('Ctrl Pts',(255.846067702268,0.306886192508391,7.));
#6226=CARTESIAN_POINT('Ctrl Pts',(255.846067204117,0.0307445231040804,0.));
#6227=CARTESIAN_POINT('Ctrl Pts',(255.846067204117,0.0307445231040804,7.));
#6228=CARTESIAN_POINT('Ctrl Pts',(255.622210276263,-0.193112405917133,0.));
#6229=CARTESIAN_POINT('Ctrl Pts',(255.622210276263,-0.193112405917133,7.));
#6230=CARTESIAN_POINT('Ctrl Pts',(255.346068606859,-0.193112905507502,0.));
#6231=CARTESIAN_POINT('Ctrl Pts',(255.346068606859,-0.193112905507502,7.));
#6232=CARTESIAN_POINT('',(255.846067702268,0.306886192508391,0.));
#6233=CARTESIAN_POINT('Origin',(255.846067710089,6.80688799647655,0.));
#6234=CARTESIAN_POINT('Ctrl Pts',(258.422235245614,-9.02359764254664,0.));
#6235=CARTESIAN_POINT('Ctrl Pts',(258.422235245614,-9.02359764254664,7.));
#6236=CARTESIAN_POINT('Ctrl Pts',(258.146093576473,-9.02359714406361,0.));
#6237=CARTESIAN_POINT('Ctrl Pts',(258.146093576473,-9.02359714406361,7.));
#6238=CARTESIAN_POINT('Ctrl Pts',(257.922236647831,-8.79974021635256,0.));
#6239=CARTESIAN_POINT('Ctrl Pts',(257.922236647831,-8.79974021635256,7.));
#6240=CARTESIAN_POINT('Ctrl Pts',(257.922236148199,-8.52359854721249,0.));
#6241=CARTESIAN_POINT('Ctrl Pts',(257.922236148199,-8.52359854721249,7.));
#6242=CARTESIAN_POINT('',(258.422235245614,-9.02359764254664,0.));
#6243=CARTESIAN_POINT('Origin',(264.922237044368,-9.02359764254666,0.));
#6244=CARTESIAN_POINT('',(264.922237044368,-9.02359764254666,0.));
#6245=CARTESIAN_POINT('Ctrl Pts',(265.422236139777,-8.5235985445307,0.));
#6246=CARTESIAN_POINT('Ctrl Pts',(265.422236139777,-8.5235985445307,7.));
#6247=CARTESIAN_POINT('Ctrl Pts',(265.422235641626,-8.79974021393502,0.));
#6248=CARTESIAN_POINT('Ctrl Pts',(265.422235641626,-8.79974021393502,7.));
#6249=CARTESIAN_POINT('Ctrl Pts',(265.198378713772,-9.02359714295626,0.));
#6250=CARTESIAN_POINT('Ctrl Pts',(265.198378713772,-9.02359714295626,7.));
#6251=CARTESIAN_POINT('Ctrl Pts',(264.922237044368,-9.02359764254666,0.));
#6252=CARTESIAN_POINT('Ctrl Pts',(264.922237044368,-9.02359764254666,7.));
#6253=CARTESIAN_POINT('',(265.422236139777,-8.5235985445307,0.));
#6254=CARTESIAN_POINT('Origin',(265.422236147597,-2.02359674056258,0.));
#6255=CARTESIAN_POINT('Ctrl Pts',(239.194341065399,-9.02359764254664,0.));
#6256=CARTESIAN_POINT('Ctrl Pts',(239.194341065399,-9.02359764254664,7.));
#6257=CARTESIAN_POINT('Ctrl Pts',(238.918199396024,-9.02359714439584,0.));
#6258=CARTESIAN_POINT('Ctrl Pts',(238.918199396024,-9.02359714439584,7.));
#6259=CARTESIAN_POINT('Ctrl Pts',(238.694342467015,-8.79974021658747,0.));
#6260=CARTESIAN_POINT('Ctrl Pts',(238.694342467015,-8.79974021658747,7.));
#6261=CARTESIAN_POINT('Ctrl Pts',(238.694341967383,-8.52359854721249,0.));
#6262=CARTESIAN_POINT('Ctrl Pts',(238.694341967383,-8.52359854721249,7.));
#6263=CARTESIAN_POINT('',(239.194341065399,-9.02359764254664,0.));
#6264=CARTESIAN_POINT('Origin',(245.694342864153,-9.02359764254651,0.));
#6265=CARTESIAN_POINT('',(245.694342864153,-9.02359764254651,0.));
#6266=CARTESIAN_POINT('Ctrl Pts',(246.19434195896,-8.5235985445307,0.));
#6267=CARTESIAN_POINT('Ctrl Pts',(246.19434195896,-8.5235985445307,7.));
#6268=CARTESIAN_POINT('Ctrl Pts',(246.194341460809,-8.79974021369999,0.));
#6269=CARTESIAN_POINT('Ctrl Pts',(246.194341460809,-8.79974021369999,7.));
#6270=CARTESIAN_POINT('Ctrl Pts',(245.970484533322,-9.02359714262384,0.));
#6271=CARTESIAN_POINT('Ctrl Pts',(245.970484533322,-9.02359714262384,7.));
#6272=CARTESIAN_POINT('Ctrl Pts',(245.694342864153,-9.02359764254651,0.));
#6273=CARTESIAN_POINT('Ctrl Pts',(245.694342864153,-9.02359764254651,7.));
#6274=CARTESIAN_POINT('',(246.19434195896,-8.5235985445307,0.));
#6275=CARTESIAN_POINT('Origin',(246.19434195896,-2.02359674056258,0.));
#6276=CARTESIAN_POINT('Ctrl Pts',(248.846066808105,-9.02359764254664,0.));
#6277=CARTESIAN_POINT('Ctrl Pts',(248.846066808105,-9.02359764254664,7.));
#6278=CARTESIAN_POINT('Ctrl Pts',(248.569925138965,-9.02359714406361,0.));
#6279=CARTESIAN_POINT('Ctrl Pts',(248.569925138965,-9.02359714406361,7.));
#6280=CARTESIAN_POINT('Ctrl Pts',(248.346068210322,-8.79974021635256,0.));
#6281=CARTESIAN_POINT('Ctrl Pts',(248.346068210322,-8.79974021635256,7.));
#6282=CARTESIAN_POINT('Ctrl Pts',(248.34606771069,-8.52359854721249,0.));
#6283=CARTESIAN_POINT('Ctrl Pts',(248.34606771069,-8.52359854721249,7.));
#6284=CARTESIAN_POINT('',(248.846066808105,-9.02359764254664,0.));
#6285=CARTESIAN_POINT('Origin',(255.346068606859,-9.02359764254666,0.));
#6286=CARTESIAN_POINT('',(255.346068606859,-9.02359764254666,0.));
#6287=CARTESIAN_POINT('Ctrl Pts',(255.846067702268,-8.5235985445307,0.));
#6288=CARTESIAN_POINT('Ctrl Pts',(255.846067702268,-8.5235985445307,7.));
#6289=CARTESIAN_POINT('Ctrl Pts',(255.846067204117,-8.79974021393502,0.));
#6290=CARTESIAN_POINT('Ctrl Pts',(255.846067204117,-8.79974021393502,7.));
#6291=CARTESIAN_POINT('Ctrl Pts',(255.622210276263,-9.02359714295626,0.));
#6292=CARTESIAN_POINT('Ctrl Pts',(255.622210276263,-9.02359714295626,7.));
#6293=CARTESIAN_POINT('Ctrl Pts',(255.346068606859,-9.02359764254666,0.));
#6294=CARTESIAN_POINT('Ctrl Pts',(255.346068606859,-9.02359764254666,7.));
#6295=CARTESIAN_POINT('',(255.846067702268,-8.5235985445307,0.));
#6296=CARTESIAN_POINT('Origin',(255.846067710089,-2.02359674056258,0.));
#6297=CARTESIAN_POINT('Origin',(255.98033353937,8.11046098534547,0.));
#6298=CARTESIAN_POINT('Origin',(255.945333585356,6.2104605232691,0.));
#6299=CARTESIAN_POINT('',(257.445333585356,6.2104607380265,0.));
#6300=CARTESIAN_POINT('Origin',(257.445333652801,2.44140191101921,0.));
#6301=CARTESIAN_POINT('',(257.445333652801,2.44140191101921,0.));
#6302=CARTESIAN_POINT('Ctrl Pts',(258.945333530997,0.941402120650072,0.));
#6303=CARTESIAN_POINT('Ctrl Pts',(258.945333530997,0.941402120650072,0.8));
#6304=CARTESIAN_POINT('Ctrl Pts',(258.116906535684,0.941402187920963,0.));
#6305=CARTESIAN_POINT('Ctrl Pts',(258.116906535684,0.941402187920963,0.8));
#6306=CARTESIAN_POINT('Ctrl Pts',(257.445333768577,1.61297491570666,0.));
#6307=CARTESIAN_POINT('Ctrl Pts',(257.445333768577,1.61297491570666,0.8));
#6308=CARTESIAN_POINT('Ctrl Pts',(257.445333652801,2.44140191101921,0.));
#6309=CARTESIAN_POINT('Ctrl Pts',(257.445333652801,2.44140191101921,0.8));
#6310=CARTESIAN_POINT('',(258.945333530997,0.941402120650072,0.));
#6311=CARTESIAN_POINT('Origin',(264.981142083707,0.941402119324102,0.));
#6312=CARTESIAN_POINT('',(264.981142083707,0.941402119324102,0.));
#6313=CARTESIAN_POINT('Ctrl Pts',(267.481141687708,-1.55859799153076,0.));
#6314=CARTESIAN_POINT('Ctrl Pts',(267.481141687708,-1.55859799153076,0.8));
#6315=CARTESIAN_POINT('Ctrl Pts',(267.481141748931,-0.17788622830956,0.));
#6316=CARTESIAN_POINT('Ctrl Pts',(267.481141748931,-0.17788622830956,0.8));
#6317=CARTESIAN_POINT('Ctrl Pts',(266.361853846928,0.941401900619749,0.));
#6318=CARTESIAN_POINT('Ctrl Pts',(266.361853846928,0.941401900619749,0.8));
#6319=CARTESIAN_POINT('Ctrl Pts',(264.981142083707,0.941402119324102,0.));
#6320=CARTESIAN_POINT('Ctrl Pts',(264.981142083707,0.941402119324102,0.8));
#6321=CARTESIAN_POINT('Ctrl Pts',(236.481142049542,-8.48236113827325,0.));
#6322=CARTESIAN_POINT('Ctrl Pts',(236.481142049542,-8.48236113827325,0.8));
#6323=CARTESIAN_POINT('Ctrl Pts',(236.481142064689,-9.86307285816257,0.));
#6324=CARTESIAN_POINT('Ctrl Pts',(236.481142064689,-9.86307285816257,0.8));
#6325=CARTESIAN_POINT('Ctrl Pts',(237.600429960976,-10.9823609072332,0.));
#6326=CARTESIAN_POINT('Ctrl Pts',(237.600429960976,-10.9823609072332,0.8));
#6327=CARTESIAN_POINT('Ctrl Pts',(238.981141680865,-10.9823611108479,0.));
#6328=CARTESIAN_POINT('Ctrl Pts',(238.981141680865,-10.9823611108479,0.8));
#6329=CARTESIAN_POINT('',(236.481142049542,-8.48236113827325,0.));
#6330=CARTESIAN_POINT('Origin',(236.481142049542,-1.55859797572858,0.));
#6331=CARTESIAN_POINT('',(236.481142049542,-1.55859797572858,0.));
#6332=CARTESIAN_POINT('Ctrl Pts',(238.981141281419,0.941402167995249,0.));
#6333=CARTESIAN_POINT('Ctrl Pts',(238.981141281419,0.941402167995249,0.8));
#6334=CARTESIAN_POINT('Ctrl Pts',(237.600429650685,0.941401743772832,0.));
#6335=CARTESIAN_POINT('Ctrl Pts',(237.600429650685,0.941401743772832,0.8));
#6336=CARTESIAN_POINT('Ctrl Pts',(236.481141970165,-0.17788634499448,0.));
#6337=CARTESIAN_POINT('Ctrl Pts',(236.481141970165,-0.17788634499448,0.8));
#6338=CARTESIAN_POINT('Ctrl Pts',(236.481142049542,-1.55859797572858,0.));
#6339=CARTESIAN_POINT('Ctrl Pts',(236.481142049542,-1.55859797572858,0.8));
#6340=CARTESIAN_POINT('',(238.981141281419,0.941402167995249,0.));
#6341=CARTESIAN_POINT('Origin',(245.015334397225,0.941402284235608,0.));
#6342=CARTESIAN_POINT('',(245.015334397225,0.941402284235608,0.));
#6343=CARTESIAN_POINT('Ctrl Pts',(246.515333652801,2.44140205579306,0.));
#6344=CARTESIAN_POINT('Ctrl Pts',(246.515333652801,2.44140205579306,0.8));
#6345=CARTESIAN_POINT('Ctrl Pts',(246.515333526636,1.61297531097485,0.));
#6346=CARTESIAN_POINT('Ctrl Pts',(246.515333526636,1.61297531097485,0.8));
#6347=CARTESIAN_POINT('Ctrl Pts',(245.843761142043,0.941402695369526,0.));
#6348=CARTESIAN_POINT('Ctrl Pts',(245.843761142043,0.941402695369526,0.8));
#6349=CARTESIAN_POINT('Ctrl Pts',(245.015334397225,0.941402284235608,0.));
#6350=CARTESIAN_POINT('Ctrl Pts',(245.015334397225,0.941402284235608,0.8));
#6351=CARTESIAN_POINT('',(246.515333652801,2.44140205579306,0.));
#6352=CARTESIAN_POINT('Origin',(246.515333585356,6.21046077580917,0.));
#6353=CARTESIAN_POINT('',(246.515333585356,6.21046077580917,0.));
#6354=CARTESIAN_POINT('Origin',(248.015333585356,6.21046052326835,0.));
#6355=UNCERTAINTY_MEASURE_WITH_UNIT(LENGTH_MEASURE(0.01),#6359,
'DISTANCE_ACCURACY_VALUE',
'Maximum model space distance between geometric entities at asserted c
onnectivities');
#6356=UNCERTAINTY_MEASURE_WITH_UNIT(LENGTH_MEASURE(0.01),#6359,
'DISTANCE_ACCURACY_VALUE',
'Maximum model space distance between geometric entities at asserted c
onnectivities');
#6357=(
GEOMETRIC_REPRESENTATION_CONTEXT(3)
GLOBAL_UNCERTAINTY_ASSIGNED_CONTEXT((#6355))
GLOBAL_UNIT_ASSIGNED_CONTEXT((#6359,#6361,#6362))
REPRESENTATION_CONTEXT('','3D')
);
#6358=(
GEOMETRIC_REPRESENTATION_CONTEXT(3)
GLOBAL_UNCERTAINTY_ASSIGNED_CONTEXT((#6356))
GLOBAL_UNIT_ASSIGNED_CONTEXT((#6359,#6361,#6362))
REPRESENTATION_CONTEXT('','3D')
);
#6359=(
LENGTH_UNIT()
NAMED_UNIT(*)
SI_UNIT(.MILLI.,.METRE.)
);
#6360=(
LENGTH_UNIT()
NAMED_UNIT(*)
SI_UNIT($,.METRE.)
);
#6361=(
NAMED_UNIT(*)
PLANE_ANGLE_UNIT()
SI_UNIT($,.RADIAN.)
);
#6362=(
NAMED_UNIT(*)
SI_UNIT($,.STERADIAN.)
SOLID_ANGLE_UNIT()
);
#6363=SHAPE_DEFINITION_REPRESENTATION(#6364,#6365);
#6364=PRODUCT_DEFINITION_SHAPE('',$,#6367);
#6365=SHAPE_REPRESENTATION('',(#3237),#6357);
#6366=PRODUCT_DEFINITION_CONTEXT('part definition',#6371,'design');
#6367=PRODUCT_DEFINITION('dya-dash-v2 arrow-button',
'dya-dash-v2 arrow-button v4',#6368,#6366);
#6368=PRODUCT_DEFINITION_FORMATION('',$,#6373);
#6369=PRODUCT_RELATED_PRODUCT_CATEGORY('dya-dash-v2 arrow-button v4',
'dya-dash-v2 arrow-button v4',(#6373));
#6370=APPLICATION_PROTOCOL_DEFINITION('international standard',
'automotive_design',2009,#6371);
#6371=APPLICATION_CONTEXT(
'Core Data for Automotive Mechanical Design Process');
#6372=PRODUCT_CONTEXT('part definition',#6371,'mechanical');
#6373=PRODUCT('dya-dash-v2 arrow-button','dya-dash-v2 arrow-button v4',
$,(#6372));
#6374=PRESENTATION_STYLE_ASSIGNMENT((#6375));
#6375=SURFACE_STYLE_USAGE(.BOTH.,#6376);
#6376=SURFACE_SIDE_STYLE('',(#6377));
#6377=SURFACE_STYLE_FILL_AREA(#6378);
#6378=FILL_AREA_STYLE('\X2\92FC\X0\ - \X2\30B530C630F3\X0\',(#6379));
#6379=FILL_AREA_STYLE_COLOUR('\X2\92FC\X0\ - \X2\30B530C630F3\X0\',#6380);
#6380=COLOUR_RGB('\X2\92FC\X0\ - \X2\30B530C630F3\X0\',0.627450980392157,
0.627450980392157,0.627450980392157);
ENDSEC;
END-ISO-10303-21;
