ISO-10303-21;
HEADER;
/* Generated by software containing ST-Developer
 * from STEP Tools, Inc. (www.steptools.com) 
 */

FILE_DESCRIPTION(
/* description */ (''),
/* implementation_level */ '2;1');

FILE_NAME(
/* name */ 'DyaDash v23 BottomCaseLeftTrackball.step',
/* time_stamp */ '2025-11-16T17:00:08+09:00',
/* author */ (''),
/* organization */ (''),
/* preprocessor_version */ 'ST-DEVELOPER v20.1',
/* originating_system */ 'Autodesk Translation Framework v14.10.0.0',
/* authorisation */ '');

FILE_SCHEMA (('AUTOMOTIVE_DESIGN { 1 0 10303 214 3 1 1 }'));
ENDSEC;

DATA;
#10=MECHANICAL_DESIGN_GEOMETRIC_PRESENTATION_REPRESENTATION('',(#13),#7324);
#11=SHAPE_REPRESENTATION_RELATIONSHIP('SRR','None',#7330,#12);
#12=ADVANCED_BREP_SHAPE_REPRESENTATION('',(#14),#7323);
#13=STYLED_ITEM('',(#7340),#14);
#14=MANIFOLD_SOLID_BREP('BottomCaseRight (2)',#4346);
#15=B_SPLINE_CURVE_WITH_KNOTS('',3,(#6389,#6390,#6391,#6392,#6393,#6394,
#6395,#6396),.UNSPECIFIED.,.F.,.F.,(4,2,2,4),(0.299807973997493,0.333428077781036,
0.367048181564579,0.434288389131666),.UNSPECIFIED.);
#16=TOROIDAL_SURFACE('',#4427,1.24999999999999,0.25);
#17=(
BOUNDED_SURFACE()
B_SPLINE_SURFACE(2,2,((#6304,#6305,#6306),(#6307,#6308,#6309),(#6310,#6311,
#6312)),.UNSPECIFIED.,.F.,.F.,.F.)
B_SPLINE_SURFACE_WITH_KNOTS((3,3),(3,3),(-1.57079632679492,0.),(-3.14159265358979,
-1.5707963267949),.UNSPECIFIED.)
GEOMETRIC_REPRESENTATION_ITEM()
RATIONAL_B_SPLINE_SURFACE(((1.,0.707106781186548,1.),(0.707106781186533,
0.49999999999999,0.707106781186533),(1.,0.707106781186548,1.)))
REPRESENTATION_ITEM('')
SURFACE()
);
#18=(
BOUNDED_SURFACE()
B_SPLINE_SURFACE(2,2,((#6327,#6328,#6329),(#6330,#6331,#6332),(#6333,#6334,
#6335)),.UNSPECIFIED.,.F.,.F.,.F.)
B_SPLINE_SURFACE_WITH_KNOTS((3,3),(3,3),(-1.57079632679492,0.),(-1.5707963267949,
0.),.UNSPECIFIED.)
GEOMETRIC_REPRESENTATION_ITEM()
RATIONAL_B_SPLINE_SURFACE(((1.,0.707106781186548,1.),(0.707106781186533,
0.49999999999999,0.707106781186533),(1.,0.707106781186548,1.)))
REPRESENTATION_ITEM('')
SURFACE()
);
#19=(
BOUNDED_SURFACE()
B_SPLINE_SURFACE(2,2,((#6347,#6348,#6349),(#6350,#6351,#6352),(#6353,#6354,
#6355)),.UNSPECIFIED.,.F.,.F.,.F.)
B_SPLINE_SURFACE_WITH_KNOTS((3,3),(3,3),(-1.57079632679495,0.),(0.,1.57079632679492),
 .UNSPECIFIED.)
GEOMETRIC_REPRESENTATION_ITEM()
RATIONAL_B_SPLINE_SURFACE(((1.,0.707106781186538,1.),(0.707106781186534,
0.499999999999984,0.707106781186534),(1.,0.707106781186538,1.)))
REPRESENTATION_ITEM('')
SURFACE()
);
#20=FACE_BOUND('',#437,.T.);
#21=FACE_BOUND('',#438,.T.);
#22=FACE_BOUND('',#439,.T.);
#23=FACE_BOUND('',#440,.T.);
#24=FACE_BOUND('',#441,.T.);
#25=FACE_BOUND('',#442,.T.);
#26=FACE_BOUND('',#443,.T.);
#27=FACE_BOUND('',#444,.T.);
#28=FACE_BOUND('',#445,.T.);
#29=FACE_BOUND('',#446,.T.);
#30=FACE_BOUND('',#447,.T.);
#31=FACE_BOUND('',#471,.T.);
#32=FACE_BOUND('',#472,.T.);
#33=FACE_BOUND('',#473,.T.);
#34=FACE_BOUND('',#474,.T.);
#35=FACE_BOUND('',#475,.T.);
#36=FACE_BOUND('',#476,.T.);
#37=FACE_BOUND('',#477,.T.);
#38=FACE_BOUND('',#482,.T.);
#39=FACE_BOUND('',#483,.T.);
#40=FACE_BOUND('',#484,.T.);
#41=FACE_BOUND('',#575,.T.);
#42=FACE_BOUND('',#579,.T.);
#43=FACE_BOUND('',#583,.T.);
#44=FACE_BOUND('',#587,.T.);
#45=FACE_BOUND('',#605,.T.);
#46=FACE_BOUND('',#619,.T.);
#47=FACE_BOUND('',#633,.T.);
#48=FACE_BOUND('',#647,.T.);
#49=FACE_BOUND('',#653,.T.);
#50=FACE_BOUND('',#656,.T.);
#51=FACE_BOUND('',#659,.T.);
#52=FACE_BOUND('',#662,.T.);
#53=FACE_BOUND('',#665,.T.);
#54=FACE_BOUND('',#668,.T.);
#55=FACE_BOUND('',#671,.T.);
#56=PLANE('',#4351);
#57=PLANE('',#4355);
#58=PLANE('',#4362);
#59=PLANE('',#4363);
#60=PLANE('',#4368);
#61=PLANE('',#4434);
#62=PLANE('',#4438);
#63=PLANE('',#4440);
#64=PLANE('',#4444);
#65=PLANE('',#4445);
#66=PLANE('',#4447);
#67=PLANE('',#4452);
#68=PLANE('',#4453);
#69=PLANE('',#4495);
#70=PLANE('',#4498);
#71=PLANE('',#4514);
#72=PLANE('',#4518);
#73=PLANE('',#4519);
#74=PLANE('',#4528);
#75=PLANE('',#4532);
#76=PLANE('',#4536);
#77=PLANE('',#4539);
#78=PLANE('',#4543);
#79=PLANE('',#4547);
#80=PLANE('',#4551);
#81=PLANE('',#4554);
#82=PLANE('',#4557);
#83=PLANE('',#4559);
#84=PLANE('',#4565);
#85=PLANE('',#4568);
#86=PLANE('',#4570);
#87=PLANE('',#4574);
#88=PLANE('',#4578);
#89=PLANE('',#4581);
#90=PLANE('',#4585);
#91=PLANE('',#4586);
#92=PLANE('',#4588);
#93=PLANE('',#4591);
#94=PLANE('',#4593);
#95=PLANE('',#4596);
#96=PLANE('',#4599);
#97=PLANE('',#4602);
#98=PLANE('',#4604);
#99=PLANE('',#4606);
#100=PLANE('',#4609);
#101=PLANE('',#4611);
#102=PLANE('',#4613);
#103=PLANE('',#4615);
#104=PLANE('',#4617);
#105=PLANE('',#4619);
#106=PLANE('',#4621);
#107=PLANE('',#4623);
#108=PLANE('',#4625);
#109=PLANE('',#4631);
#110=PLANE('',#4637);
#111=PLANE('',#4643);
#112=PLANE('',#4649);
#113=PLANE('',#4650);
#114=PLANE('',#4651);
#115=PLANE('',#4652);
#116=PLANE('',#4653);
#117=PLANE('',#4654);
#118=PLANE('',#4655);
#119=PLANE('',#4656);
#120=PLANE('',#4657);
#121=PLANE('',#4658);
#122=PLANE('',#4659);
#123=PLANE('',#4660);
#124=PLANE('',#4661);
#125=PLANE('',#4662);
#126=PLANE('',#4663);
#127=PLANE('',#4664);
#128=PLANE('',#4665);
#129=PLANE('',#4666);
#130=PLANE('',#4667);
#131=PLANE('',#4668);
#132=PLANE('',#4669);
#133=PLANE('',#4670);
#134=PLANE('',#4671);
#135=PLANE('',#4672);
#136=PLANE('',#4673);
#137=PLANE('',#4674);
#138=PLANE('',#4675);
#139=PLANE('',#4676);
#140=PLANE('',#4677);
#141=PLANE('',#4678);
#142=PLANE('',#4679);
#143=PLANE('',#4680);
#144=PLANE('',#4681);
#145=PLANE('',#4682);
#146=PLANE('',#4683);
#147=PLANE('',#4684);
#148=PLANE('',#4685);
#149=PLANE('',#4686);
#150=PLANE('',#4687);
#151=PLANE('',#4688);
#152=PLANE('',#4689);
#153=PLANE('',#4690);
#154=PLANE('',#4691);
#155=PLANE('',#4692);
#156=PLANE('',#4693);
#157=PLANE('',#4694);
#158=PLANE('',#4695);
#159=PLANE('',#4696);
#160=PLANE('',#4697);
#161=PLANE('',#4698);
#162=PLANE('',#4699);
#163=PLANE('',#4700);
#164=PLANE('',#4701);
#165=PLANE('',#4702);
#166=PLANE('',#4703);
#167=PLANE('',#4704);
#168=PLANE('',#4705);
#169=PLANE('',#4706);
#170=PLANE('',#4707);
#171=PLANE('',#4708);
#172=PLANE('',#4711);
#173=PLANE('',#4715);
#174=PLANE('',#4719);
#175=PLANE('',#4723);
#176=PLANE('',#4727);
#177=PLANE('',#4731);
#178=PLANE('',#4735);
#179=PLANE('',#4737);
#180=PLANE('',#4738);
#181=PLANE('',#4739);
#182=PLANE('',#4740);
#183=PLANE('',#4744);
#184=PLANE('',#4745);
#185=PLANE('',#4746);
#186=PLANE('',#4751);
#187=PLANE('',#4752);
#188=PLANE('',#4753);
#189=PLANE('',#4754);
#190=PLANE('',#4755);
#191=PLANE('',#4756);
#192=PLANE('',#4757);
#193=PLANE('',#4758);
#194=PLANE('',#4759);
#195=PLANE('',#4760);
#196=FACE_OUTER_BOUND('',#428,.T.);
#197=FACE_OUTER_BOUND('',#429,.T.);
#198=FACE_OUTER_BOUND('',#430,.T.);
#199=FACE_OUTER_BOUND('',#431,.T.);
#200=FACE_OUTER_BOUND('',#432,.T.);
#201=FACE_OUTER_BOUND('',#433,.T.);
#202=FACE_OUTER_BOUND('',#434,.T.);
#203=FACE_OUTER_BOUND('',#435,.T.);
#204=FACE_OUTER_BOUND('',#436,.T.);
#205=FACE_OUTER_BOUND('',#448,.T.);
#206=FACE_OUTER_BOUND('',#449,.T.);
#207=FACE_OUTER_BOUND('',#450,.T.);
#208=FACE_OUTER_BOUND('',#451,.T.);
#209=FACE_OUTER_BOUND('',#452,.T.);
#210=FACE_OUTER_BOUND('',#453,.T.);
#211=FACE_OUTER_BOUND('',#454,.T.);
#212=FACE_OUTER_BOUND('',#455,.T.);
#213=FACE_OUTER_BOUND('',#456,.T.);
#214=FACE_OUTER_BOUND('',#457,.T.);
#215=FACE_OUTER_BOUND('',#458,.T.);
#216=FACE_OUTER_BOUND('',#459,.T.);
#217=FACE_OUTER_BOUND('',#460,.T.);
#218=FACE_OUTER_BOUND('',#461,.T.);
#219=FACE_OUTER_BOUND('',#462,.T.);
#220=FACE_OUTER_BOUND('',#463,.T.);
#221=FACE_OUTER_BOUND('',#464,.T.);
#222=FACE_OUTER_BOUND('',#465,.T.);
#223=FACE_OUTER_BOUND('',#466,.T.);
#224=FACE_OUTER_BOUND('',#467,.T.);
#225=FACE_OUTER_BOUND('',#468,.T.);
#226=FACE_OUTER_BOUND('',#469,.T.);
#227=FACE_OUTER_BOUND('',#470,.T.);
#228=FACE_OUTER_BOUND('',#478,.T.);
#229=FACE_OUTER_BOUND('',#479,.T.);
#230=FACE_OUTER_BOUND('',#480,.T.);
#231=FACE_OUTER_BOUND('',#481,.T.);
#232=FACE_OUTER_BOUND('',#485,.T.);
#233=FACE_OUTER_BOUND('',#486,.T.);
#234=FACE_OUTER_BOUND('',#487,.T.);
#235=FACE_OUTER_BOUND('',#488,.T.);
#236=FACE_OUTER_BOUND('',#489,.T.);
#237=FACE_OUTER_BOUND('',#490,.T.);
#238=FACE_OUTER_BOUND('',#491,.T.);
#239=FACE_OUTER_BOUND('',#492,.T.);
#240=FACE_OUTER_BOUND('',#493,.T.);
#241=FACE_OUTER_BOUND('',#494,.T.);
#242=FACE_OUTER_BOUND('',#495,.T.);
#243=FACE_OUTER_BOUND('',#496,.T.);
#244=FACE_OUTER_BOUND('',#497,.T.);
#245=FACE_OUTER_BOUND('',#498,.T.);
#246=FACE_OUTER_BOUND('',#499,.T.);
#247=FACE_OUTER_BOUND('',#500,.T.);
#248=FACE_OUTER_BOUND('',#501,.T.);
#249=FACE_OUTER_BOUND('',#502,.T.);
#250=FACE_OUTER_BOUND('',#503,.T.);
#251=FACE_OUTER_BOUND('',#504,.T.);
#252=FACE_OUTER_BOUND('',#505,.T.);
#253=FACE_OUTER_BOUND('',#506,.T.);
#254=FACE_OUTER_BOUND('',#507,.T.);
#255=FACE_OUTER_BOUND('',#508,.T.);
#256=FACE_OUTER_BOUND('',#509,.T.);
#257=FACE_OUTER_BOUND('',#510,.T.);
#258=FACE_OUTER_BOUND('',#511,.T.);
#259=FACE_OUTER_BOUND('',#512,.T.);
#260=FACE_OUTER_BOUND('',#513,.T.);
#261=FACE_OUTER_BOUND('',#514,.T.);
#262=FACE_OUTER_BOUND('',#515,.T.);
#263=FACE_OUTER_BOUND('',#516,.T.);
#264=FACE_OUTER_BOUND('',#517,.T.);
#265=FACE_OUTER_BOUND('',#518,.T.);
#266=FACE_OUTER_BOUND('',#519,.T.);
#267=FACE_OUTER_BOUND('',#520,.T.);
#268=FACE_OUTER_BOUND('',#521,.T.);
#269=FACE_OUTER_BOUND('',#522,.T.);
#270=FACE_OUTER_BOUND('',#523,.T.);
#271=FACE_OUTER_BOUND('',#524,.T.);
#272=FACE_OUTER_BOUND('',#525,.T.);
#273=FACE_OUTER_BOUND('',#526,.T.);
#274=FACE_OUTER_BOUND('',#527,.T.);
#275=FACE_OUTER_BOUND('',#528,.T.);
#276=FACE_OUTER_BOUND('',#529,.T.);
#277=FACE_OUTER_BOUND('',#530,.T.);
#278=FACE_OUTER_BOUND('',#531,.T.);
#279=FACE_OUTER_BOUND('',#532,.T.);
#280=FACE_OUTER_BOUND('',#533,.T.);
#281=FACE_OUTER_BOUND('',#534,.T.);
#282=FACE_OUTER_BOUND('',#535,.T.);
#283=FACE_OUTER_BOUND('',#536,.T.);
#284=FACE_OUTER_BOUND('',#537,.T.);
#285=FACE_OUTER_BOUND('',#538,.T.);
#286=FACE_OUTER_BOUND('',#539,.T.);
#287=FACE_OUTER_BOUND('',#540,.T.);
#288=FACE_OUTER_BOUND('',#541,.T.);
#289=FACE_OUTER_BOUND('',#542,.T.);
#290=FACE_OUTER_BOUND('',#543,.T.);
#291=FACE_OUTER_BOUND('',#544,.T.);
#292=FACE_OUTER_BOUND('',#545,.T.);
#293=FACE_OUTER_BOUND('',#546,.T.);
#294=FACE_OUTER_BOUND('',#547,.T.);
#295=FACE_OUTER_BOUND('',#548,.T.);
#296=FACE_OUTER_BOUND('',#549,.T.);
#297=FACE_OUTER_BOUND('',#550,.T.);
#298=FACE_OUTER_BOUND('',#551,.T.);
#299=FACE_OUTER_BOUND('',#552,.T.);
#300=FACE_OUTER_BOUND('',#553,.T.);
#301=FACE_OUTER_BOUND('',#554,.T.);
#302=FACE_OUTER_BOUND('',#555,.T.);
#303=FACE_OUTER_BOUND('',#556,.T.);
#304=FACE_OUTER_BOUND('',#557,.T.);
#305=FACE_OUTER_BOUND('',#558,.T.);
#306=FACE_OUTER_BOUND('',#559,.T.);
#307=FACE_OUTER_BOUND('',#560,.T.);
#308=FACE_OUTER_BOUND('',#561,.T.);
#309=FACE_OUTER_BOUND('',#562,.T.);
#310=FACE_OUTER_BOUND('',#563,.T.);
#311=FACE_OUTER_BOUND('',#564,.T.);
#312=FACE_OUTER_BOUND('',#565,.T.);
#313=FACE_OUTER_BOUND('',#566,.T.);
#314=FACE_OUTER_BOUND('',#567,.T.);
#315=FACE_OUTER_BOUND('',#568,.T.);
#316=FACE_OUTER_BOUND('',#569,.T.);
#317=FACE_OUTER_BOUND('',#570,.T.);
#318=FACE_OUTER_BOUND('',#571,.T.);
#319=FACE_OUTER_BOUND('',#572,.T.);
#320=FACE_OUTER_BOUND('',#573,.T.);
#321=FACE_OUTER_BOUND('',#574,.T.);
#322=FACE_OUTER_BOUND('',#576,.T.);
#323=FACE_OUTER_BOUND('',#577,.T.);
#324=FACE_OUTER_BOUND('',#578,.T.);
#325=FACE_OUTER_BOUND('',#580,.T.);
#326=FACE_OUTER_BOUND('',#581,.T.);
#327=FACE_OUTER_BOUND('',#582,.T.);
#328=FACE_OUTER_BOUND('',#584,.T.);
#329=FACE_OUTER_BOUND('',#585,.T.);
#330=FACE_OUTER_BOUND('',#586,.T.);
#331=FACE_OUTER_BOUND('',#588,.T.);
#332=FACE_OUTER_BOUND('',#589,.T.);
#333=FACE_OUTER_BOUND('',#590,.T.);
#334=FACE_OUTER_BOUND('',#591,.T.);
#335=FACE_OUTER_BOUND('',#592,.T.);
#336=FACE_OUTER_BOUND('',#593,.T.);
#337=FACE_OUTER_BOUND('',#594,.T.);
#338=FACE_OUTER_BOUND('',#595,.T.);
#339=FACE_OUTER_BOUND('',#596,.T.);
#340=FACE_OUTER_BOUND('',#597,.T.);
#341=FACE_OUTER_BOUND('',#598,.T.);
#342=FACE_OUTER_BOUND('',#599,.T.);
#343=FACE_OUTER_BOUND('',#600,.T.);
#344=FACE_OUTER_BOUND('',#601,.T.);
#345=FACE_OUTER_BOUND('',#602,.T.);
#346=FACE_OUTER_BOUND('',#603,.T.);
#347=FACE_OUTER_BOUND('',#604,.T.);
#348=FACE_OUTER_BOUND('',#606,.T.);
#349=FACE_OUTER_BOUND('',#607,.T.);
#350=FACE_OUTER_BOUND('',#608,.T.);
#351=FACE_OUTER_BOUND('',#609,.T.);
#352=FACE_OUTER_BOUND('',#610,.T.);
#353=FACE_OUTER_BOUND('',#611,.T.);
#354=FACE_OUTER_BOUND('',#612,.T.);
#355=FACE_OUTER_BOUND('',#613,.T.);
#356=FACE_OUTER_BOUND('',#614,.T.);
#357=FACE_OUTER_BOUND('',#615,.T.);
#358=FACE_OUTER_BOUND('',#616,.T.);
#359=FACE_OUTER_BOUND('',#617,.T.);
#360=FACE_OUTER_BOUND('',#618,.T.);
#361=FACE_OUTER_BOUND('',#620,.T.);
#362=FACE_OUTER_BOUND('',#621,.T.);
#363=FACE_OUTER_BOUND('',#622,.T.);
#364=FACE_OUTER_BOUND('',#623,.T.);
#365=FACE_OUTER_BOUND('',#624,.T.);
#366=FACE_OUTER_BOUND('',#625,.T.);
#367=FACE_OUTER_BOUND('',#626,.T.);
#368=FACE_OUTER_BOUND('',#627,.T.);
#369=FACE_OUTER_BOUND('',#628,.T.);
#370=FACE_OUTER_BOUND('',#629,.T.);
#371=FACE_OUTER_BOUND('',#630,.T.);
#372=FACE_OUTER_BOUND('',#631,.T.);
#373=FACE_OUTER_BOUND('',#632,.T.);
#374=FACE_OUTER_BOUND('',#634,.T.);
#375=FACE_OUTER_BOUND('',#635,.T.);
#376=FACE_OUTER_BOUND('',#636,.T.);
#377=FACE_OUTER_BOUND('',#637,.T.);
#378=FACE_OUTER_BOUND('',#638,.T.);
#379=FACE_OUTER_BOUND('',#639,.T.);
#380=FACE_OUTER_BOUND('',#640,.T.);
#381=FACE_OUTER_BOUND('',#641,.T.);
#382=FACE_OUTER_BOUND('',#642,.T.);
#383=FACE_OUTER_BOUND('',#643,.T.);
#384=FACE_OUTER_BOUND('',#644,.T.);
#385=FACE_OUTER_BOUND('',#645,.T.);
#386=FACE_OUTER_BOUND('',#646,.T.);
#387=FACE_OUTER_BOUND('',#648,.T.);
#388=FACE_OUTER_BOUND('',#649,.T.);
#389=FACE_OUTER_BOUND('',#650,.T.);
#390=FACE_OUTER_BOUND('',#651,.T.);
#391=FACE_OUTER_BOUND('',#652,.T.);
#392=FACE_OUTER_BOUND('',#654,.T.);
#393=FACE_OUTER_BOUND('',#655,.T.);
#394=FACE_OUTER_BOUND('',#657,.T.);
#395=FACE_OUTER_BOUND('',#658,.T.);
#396=FACE_OUTER_BOUND('',#660,.T.);
#397=FACE_OUTER_BOUND('',#661,.T.);
#398=FACE_OUTER_BOUND('',#663,.T.);
#399=FACE_OUTER_BOUND('',#664,.T.);
#400=FACE_OUTER_BOUND('',#666,.T.);
#401=FACE_OUTER_BOUND('',#667,.T.);
#402=FACE_OUTER_BOUND('',#669,.T.);
#403=FACE_OUTER_BOUND('',#670,.T.);
#404=FACE_OUTER_BOUND('',#672,.T.);
#405=FACE_OUTER_BOUND('',#673,.T.);
#406=FACE_OUTER_BOUND('',#674,.T.);
#407=FACE_OUTER_BOUND('',#675,.T.);
#408=FACE_OUTER_BOUND('',#676,.T.);
#409=FACE_OUTER_BOUND('',#677,.T.);
#410=FACE_OUTER_BOUND('',#678,.T.);
#411=FACE_OUTER_BOUND('',#679,.T.);
#412=FACE_OUTER_BOUND('',#680,.T.);
#413=FACE_OUTER_BOUND('',#681,.T.);
#414=FACE_OUTER_BOUND('',#682,.T.);
#415=FACE_OUTER_BOUND('',#683,.T.);
#416=FACE_OUTER_BOUND('',#684,.T.);
#417=FACE_OUTER_BOUND('',#685,.T.);
#418=FACE_OUTER_BOUND('',#686,.T.);
#419=FACE_OUTER_BOUND('',#687,.T.);
#420=FACE_OUTER_BOUND('',#688,.T.);
#421=FACE_OUTER_BOUND('',#689,.T.);
#422=FACE_OUTER_BOUND('',#690,.T.);
#423=FACE_OUTER_BOUND('',#691,.T.);
#424=FACE_OUTER_BOUND('',#692,.T.);
#425=FACE_OUTER_BOUND('',#693,.T.);
#426=FACE_OUTER_BOUND('',#694,.T.);
#427=FACE_OUTER_BOUND('',#695,.T.);
#428=EDGE_LOOP('',(#2784,#2785,#2786,#2787));
#429=EDGE_LOOP('',(#2788,#2789,#2790,#2791,#2792,#2793,#2794,#2795));
#430=EDGE_LOOP('',(#2796,#2797,#2798,#2799));
#431=EDGE_LOOP('',(#2800,#2801,#2802,#2803,#2804,#2805,#2806,#2807,#2808,
#2809,#2810,#2811,#2812,#2813,#2814,#2815));
#432=EDGE_LOOP('',(#2816,#2817,#2818,#2819,#2820,#2821));
#433=EDGE_LOOP('',(#2822,#2823,#2824,#2825));
#434=EDGE_LOOP('',(#2826,#2827,#2828,#2829));
#435=EDGE_LOOP('',(#2830,#2831,#2832,#2833));
#436=EDGE_LOOP('',(#2834,#2835,#2836,#2837,#2838,#2839,#2840,#2841,#2842,
#2843,#2844,#2845,#2846,#2847,#2848,#2849,#2850,#2851,#2852,#2853,#2854,
#2855,#2856,#2857,#2858,#2859,#2860,#2861,#2862,#2863,#2864,#2865,#2866,
#2867,#2868,#2869,#2870,#2871,#2872,#2873,#2874,#2875,#2876,#2877,#2878,
#2879,#2880,#2881,#2882,#2883,#2884,#2885,#2886,#2887,#2888,#2889,#2890,
#2891,#2892,#2893,#2894,#2895,#2896,#2897,#2898,#2899,#2900,#2901,#2902,
#2903,#2904,#2905,#2906,#2907,#2908,#2909,#2910,#2911));
#437=EDGE_LOOP('',(#2912));
#438=EDGE_LOOP('',(#2913));
#439=EDGE_LOOP('',(#2914));
#440=EDGE_LOOP('',(#2915));
#441=EDGE_LOOP('',(#2916));
#442=EDGE_LOOP('',(#2917));
#443=EDGE_LOOP('',(#2918));
#444=EDGE_LOOP('',(#2919,#2920,#2921,#2922,#2923,#2924));
#445=EDGE_LOOP('',(#2925,#2926,#2927,#2928,#2929,#2930));
#446=EDGE_LOOP('',(#2931,#2932,#2933,#2934,#2935,#2936));
#447=EDGE_LOOP('',(#2937,#2938,#2939,#2940,#2941,#2942));
#448=EDGE_LOOP('',(#2943,#2944,#2945,#2946));
#449=EDGE_LOOP('',(#2947,#2948,#2949,#2950));
#450=EDGE_LOOP('',(#2951,#2952,#2953,#2954));
#451=EDGE_LOOP('',(#2955,#2956,#2957,#2958));
#452=EDGE_LOOP('',(#2959,#2960,#2961,#2962));
#453=EDGE_LOOP('',(#2963,#2964,#2965,#2966));
#454=EDGE_LOOP('',(#2967,#2968,#2969,#2970));
#455=EDGE_LOOP('',(#2971,#2972,#2973,#2974));
#456=EDGE_LOOP('',(#2975,#2976,#2977,#2978));
#457=EDGE_LOOP('',(#2979,#2980,#2981,#2982,#2983,#2984,#2985));
#458=EDGE_LOOP('',(#2986,#2987,#2988,#2989));
#459=EDGE_LOOP('',(#2990,#2991,#2992,#2993,#2994,#2995,#2996));
#460=EDGE_LOOP('',(#2997,#2998,#2999,#3000));
#461=EDGE_LOOP('',(#3001,#3002,#3003,#3004,#3005,#3006,#3007));
#462=EDGE_LOOP('',(#3008,#3009,#3010,#3011));
#463=EDGE_LOOP('',(#3012,#3013,#3014,#3015));
#464=EDGE_LOOP('',(#3016,#3017,#3018,#3019,#3020,#3021));
#465=EDGE_LOOP('',(#3022,#3023,#3024,#3025,#3026));
#466=EDGE_LOOP('',(#3027,#3028,#3029,#3030));
#467=EDGE_LOOP('',(#3031,#3032,#3033,#3034));
#468=EDGE_LOOP('',(#3035,#3036,#3037,#3038));
#469=EDGE_LOOP('',(#3039,#3040,#3041,#3042));
#470=EDGE_LOOP('',(#3043,#3044,#3045,#3046,#3047,#3048,#3049,#3050,#3051,
#3052,#3053,#3054,#3055,#3056,#3057,#3058,#3059,#3060,#3061,#3062,#3063,
#3064,#3065,#3066,#3067,#3068,#3069,#3070,#3071,#3072,#3073,#3074,#3075,
#3076,#3077,#3078,#3079,#3080,#3081,#3082,#3083,#3084,#3085,#3086,#3087,
#3088,#3089,#3090,#3091,#3092,#3093,#3094,#3095,#3096,#3097,#3098,#3099,
#3100,#3101,#3102,#3103,#3104,#3105,#3106,#3107,#3108,#3109,#3110,#3111,
#3112));
#471=EDGE_LOOP('',(#3113));
#472=EDGE_LOOP('',(#3114));
#473=EDGE_LOOP('',(#3115));
#474=EDGE_LOOP('',(#3116));
#475=EDGE_LOOP('',(#3117));
#476=EDGE_LOOP('',(#3118));
#477=EDGE_LOOP('',(#3119));
#478=EDGE_LOOP('',(#3120,#3121,#3122,#3123));
#479=EDGE_LOOP('',(#3124,#3125,#3126,#3127));
#480=EDGE_LOOP('',(#3128,#3129,#3130,#3131));
#481=EDGE_LOOP('',(#3132,#3133,#3134,#3135,#3136,#3137,#3138,#3139,#3140,
#3141,#3142,#3143,#3144,#3145,#3146,#3147,#3148,#3149,#3150,#3151,#3152,
#3153,#3154,#3155,#3156,#3157,#3158,#3159));
#482=EDGE_LOOP('',(#3160));
#483=EDGE_LOOP('',(#3161));
#484=EDGE_LOOP('',(#3162));
#485=EDGE_LOOP('',(#3163,#3164,#3165,#3166));
#486=EDGE_LOOP('',(#3167,#3168,#3169,#3170));
#487=EDGE_LOOP('',(#3171,#3172,#3173,#3174));
#488=EDGE_LOOP('',(#3175,#3176,#3177,#3178));
#489=EDGE_LOOP('',(#3179,#3180,#3181,#3182,#3183,#3184,#3185,#3186,#3187,
#3188,#3189,#3190,#3191,#3192));
#490=EDGE_LOOP('',(#3193,#3194,#3195,#3196));
#491=EDGE_LOOP('',(#3197,#3198,#3199,#3200));
#492=EDGE_LOOP('',(#3201,#3202,#3203,#3204));
#493=EDGE_LOOP('',(#3205,#3206,#3207,#3208));
#494=EDGE_LOOP('',(#3209,#3210,#3211,#3212));
#495=EDGE_LOOP('',(#3213,#3214,#3215,#3216));
#496=EDGE_LOOP('',(#3217,#3218,#3219,#3220));
#497=EDGE_LOOP('',(#3221,#3222,#3223,#3224));
#498=EDGE_LOOP('',(#3225,#3226,#3227,#3228));
#499=EDGE_LOOP('',(#3229,#3230,#3231,#3232));
#500=EDGE_LOOP('',(#3233,#3234,#3235,#3236));
#501=EDGE_LOOP('',(#3237,#3238,#3239,#3240,#3241,#3242,#3243,#3244,#3245,
#3246));
#502=EDGE_LOOP('',(#3247,#3248,#3249,#3250));
#503=EDGE_LOOP('',(#3251,#3252,#3253,#3254));
#504=EDGE_LOOP('',(#3255,#3256,#3257,#3258));
#505=EDGE_LOOP('',(#3259,#3260,#3261,#3262,#3263,#3264,#3265,#3266,#3267,
#3268));
#506=EDGE_LOOP('',(#3269,#3270,#3271,#3272));
#507=EDGE_LOOP('',(#3273,#3274,#3275,#3276));
#508=EDGE_LOOP('',(#3277,#3278,#3279,#3280));
#509=EDGE_LOOP('',(#3281,#3282,#3283,#3284));
#510=EDGE_LOOP('',(#3285,#3286,#3287,#3288));
#511=EDGE_LOOP('',(#3289,#3290,#3291,#3292));
#512=EDGE_LOOP('',(#3293,#3294,#3295,#3296,#3297,#3298));
#513=EDGE_LOOP('',(#3299,#3300,#3301,#3302));
#514=EDGE_LOOP('',(#3303,#3304,#3305,#3306));
#515=EDGE_LOOP('',(#3307,#3308,#3309,#3310));
#516=EDGE_LOOP('',(#3311,#3312,#3313,#3314));
#517=EDGE_LOOP('',(#3315,#3316,#3317,#3318));
#518=EDGE_LOOP('',(#3319,#3320,#3321,#3322));
#519=EDGE_LOOP('',(#3323,#3324,#3325,#3326,#3327,#3328,#3329,#3330));
#520=EDGE_LOOP('',(#3331,#3332,#3333,#3334,#3335,#3336));
#521=EDGE_LOOP('',(#3337,#3338,#3339,#3340));
#522=EDGE_LOOP('',(#3341,#3342,#3343,#3344,#3345,#3346,#3347,#3348));
#523=EDGE_LOOP('',(#3349,#3350,#3351,#3352));
#524=EDGE_LOOP('',(#3353,#3354,#3355,#3356));
#525=EDGE_LOOP('',(#3357,#3358,#3359,#3360));
#526=EDGE_LOOP('',(#3361,#3362,#3363,#3364));
#527=EDGE_LOOP('',(#3365,#3366,#3367,#3368));
#528=EDGE_LOOP('',(#3369,#3370,#3371,#3372,#3373,#3374));
#529=EDGE_LOOP('',(#3375,#3376,#3377,#3378));
#530=EDGE_LOOP('',(#3379,#3380,#3381,#3382,#3383,#3384));
#531=EDGE_LOOP('',(#3385,#3386,#3387,#3388));
#532=EDGE_LOOP('',(#3389,#3390,#3391,#3392,#3393,#3394));
#533=EDGE_LOOP('',(#3395,#3396,#3397,#3398));
#534=EDGE_LOOP('',(#3399,#3400,#3401,#3402));
#535=EDGE_LOOP('',(#3403,#3404,#3405,#3406));
#536=EDGE_LOOP('',(#3407,#3408,#3409,#3410,#3411,#3412,#3413,#3414));
#537=EDGE_LOOP('',(#3415,#3416,#3417,#3418));
#538=EDGE_LOOP('',(#3419,#3420,#3421,#3422,#3423,#3424,#3425,#3426));
#539=EDGE_LOOP('',(#3427,#3428,#3429,#3430,#3431,#3432,#3433,#3434,#3435,
#3436));
#540=EDGE_LOOP('',(#3437,#3438,#3439,#3440));
#541=EDGE_LOOP('',(#3441,#3442,#3443,#3444));
#542=EDGE_LOOP('',(#3445,#3446,#3447,#3448));
#543=EDGE_LOOP('',(#3449,#3450,#3451,#3452));
#544=EDGE_LOOP('',(#3453,#3454,#3455,#3456));
#545=EDGE_LOOP('',(#3457,#3458,#3459,#3460));
#546=EDGE_LOOP('',(#3461,#3462,#3463,#3464));
#547=EDGE_LOOP('',(#3465,#3466,#3467,#3468,#3469,#3470));
#548=EDGE_LOOP('',(#3471,#3472,#3473,#3474));
#549=EDGE_LOOP('',(#3475,#3476,#3477,#3478));
#550=EDGE_LOOP('',(#3479,#3480,#3481,#3482));
#551=EDGE_LOOP('',(#3483,#3484,#3485,#3486));
#552=EDGE_LOOP('',(#3487,#3488,#3489,#3490));
#553=EDGE_LOOP('',(#3491,#3492,#3493,#3494));
#554=EDGE_LOOP('',(#3495,#3496,#3497,#3498));
#555=EDGE_LOOP('',(#3499,#3500,#3501,#3502));
#556=EDGE_LOOP('',(#3503,#3504,#3505,#3506));
#557=EDGE_LOOP('',(#3507,#3508,#3509,#3510));
#558=EDGE_LOOP('',(#3511,#3512,#3513,#3514));
#559=EDGE_LOOP('',(#3515,#3516,#3517,#3518));
#560=EDGE_LOOP('',(#3519,#3520,#3521,#3522));
#561=EDGE_LOOP('',(#3523,#3524,#3525,#3526));
#562=EDGE_LOOP('',(#3527,#3528,#3529,#3530));
#563=EDGE_LOOP('',(#3531,#3532,#3533,#3534));
#564=EDGE_LOOP('',(#3535,#3536,#3537,#3538));
#565=EDGE_LOOP('',(#3539,#3540,#3541,#3542));
#566=EDGE_LOOP('',(#3543,#3544,#3545,#3546));
#567=EDGE_LOOP('',(#3547,#3548,#3549,#3550));
#568=EDGE_LOOP('',(#3551,#3552,#3553,#3554));
#569=EDGE_LOOP('',(#3555,#3556,#3557,#3558));
#570=EDGE_LOOP('',(#3559,#3560,#3561,#3562));
#571=EDGE_LOOP('',(#3563,#3564,#3565,#3566));
#572=EDGE_LOOP('',(#3567,#3568,#3569,#3570,#3571,#3572));
#573=EDGE_LOOP('',(#3573,#3574,#3575,#3576));
#574=EDGE_LOOP('',(#3577,#3578));
#575=EDGE_LOOP('',(#3579,#3580));
#576=EDGE_LOOP('',(#3581,#3582,#3583,#3584));
#577=EDGE_LOOP('',(#3585,#3586,#3587,#3588));
#578=EDGE_LOOP('',(#3589));
#579=EDGE_LOOP('',(#3590));
#580=EDGE_LOOP('',(#3591,#3592,#3593,#3594));
#581=EDGE_LOOP('',(#3595,#3596,#3597,#3598));
#582=EDGE_LOOP('',(#3599));
#583=EDGE_LOOP('',(#3600));
#584=EDGE_LOOP('',(#3601,#3602,#3603,#3604));
#585=EDGE_LOOP('',(#3605,#3606,#3607,#3608));
#586=EDGE_LOOP('',(#3609));
#587=EDGE_LOOP('',(#3610));
#588=EDGE_LOOP('',(#3611,#3612));
#589=EDGE_LOOP('',(#3613));
#590=EDGE_LOOP('',(#3614));
#591=EDGE_LOOP('',(#3615));
#592=EDGE_LOOP('',(#3616,#3617,#3618,#3619));
#593=EDGE_LOOP('',(#3620,#3621,#3622,#3623));
#594=EDGE_LOOP('',(#3624,#3625,#3626,#3627));
#595=EDGE_LOOP('',(#3628,#3629,#3630,#3631));
#596=EDGE_LOOP('',(#3632,#3633,#3634,#3635));
#597=EDGE_LOOP('',(#3636,#3637,#3638,#3639));
#598=EDGE_LOOP('',(#3640,#3641,#3642,#3643));
#599=EDGE_LOOP('',(#3644,#3645,#3646,#3647));
#600=EDGE_LOOP('',(#3648,#3649,#3650,#3651));
#601=EDGE_LOOP('',(#3652,#3653,#3654,#3655));
#602=EDGE_LOOP('',(#3656,#3657,#3658,#3659));
#603=EDGE_LOOP('',(#3660,#3661,#3662,#3663));
#604=EDGE_LOOP('',(#3664,#3665,#3666,#3667,#3668,#3669));
#605=EDGE_LOOP('',(#3670,#3671,#3672,#3673,#3674,#3675));
#606=EDGE_LOOP('',(#3676,#3677,#3678,#3679));
#607=EDGE_LOOP('',(#3680,#3681,#3682,#3683));
#608=EDGE_LOOP('',(#3684,#3685,#3686,#3687));
#609=EDGE_LOOP('',(#3688,#3689,#3690,#3691));
#610=EDGE_LOOP('',(#3692,#3693,#3694,#3695));
#611=EDGE_LOOP('',(#3696,#3697,#3698,#3699));
#612=EDGE_LOOP('',(#3700,#3701,#3702,#3703));
#613=EDGE_LOOP('',(#3704,#3705,#3706,#3707));
#614=EDGE_LOOP('',(#3708,#3709,#3710,#3711));
#615=EDGE_LOOP('',(#3712,#3713,#3714,#3715));
#616=EDGE_LOOP('',(#3716,#3717,#3718,#3719));
#617=EDGE_LOOP('',(#3720,#3721,#3722,#3723));
#618=EDGE_LOOP('',(#3724,#3725,#3726,#3727,#3728,#3729));
#619=EDGE_LOOP('',(#3730,#3731,#3732,#3733,#3734,#3735));
#620=EDGE_LOOP('',(#3736,#3737,#3738,#3739));
#621=EDGE_LOOP('',(#3740,#3741,#3742,#3743));
#622=EDGE_LOOP('',(#3744,#3745,#3746,#3747));
#623=EDGE_LOOP('',(#3748,#3749,#3750,#3751));
#624=EDGE_LOOP('',(#3752,#3753,#3754,#3755));
#625=EDGE_LOOP('',(#3756,#3757,#3758,#3759));
#626=EDGE_LOOP('',(#3760,#3761,#3762,#3763));
#627=EDGE_LOOP('',(#3764,#3765,#3766,#3767));
#628=EDGE_LOOP('',(#3768,#3769,#3770,#3771));
#629=EDGE_LOOP('',(#3772,#3773,#3774,#3775));
#630=EDGE_LOOP('',(#3776,#3777,#3778,#3779));
#631=EDGE_LOOP('',(#3780,#3781,#3782,#3783));
#632=EDGE_LOOP('',(#3784,#3785,#3786,#3787,#3788,#3789));
#633=EDGE_LOOP('',(#3790,#3791,#3792,#3793,#3794,#3795));
#634=EDGE_LOOP('',(#3796,#3797,#3798,#3799));
#635=EDGE_LOOP('',(#3800,#3801,#3802,#3803));
#636=EDGE_LOOP('',(#3804,#3805,#3806,#3807));
#637=EDGE_LOOP('',(#3808,#3809,#3810,#3811));
#638=EDGE_LOOP('',(#3812,#3813,#3814,#3815));
#639=EDGE_LOOP('',(#3816,#3817,#3818,#3819));
#640=EDGE_LOOP('',(#3820,#3821,#3822,#3823));
#641=EDGE_LOOP('',(#3824,#3825,#3826,#3827));
#642=EDGE_LOOP('',(#3828,#3829,#3830,#3831));
#643=EDGE_LOOP('',(#3832,#3833,#3834,#3835));
#644=EDGE_LOOP('',(#3836,#3837,#3838,#3839));
#645=EDGE_LOOP('',(#3840,#3841,#3842,#3843));
#646=EDGE_LOOP('',(#3844,#3845,#3846,#3847,#3848,#3849));
#647=EDGE_LOOP('',(#3850,#3851,#3852,#3853,#3854,#3855));
#648=EDGE_LOOP('',(#3856,#3857,#3858,#3859,#3860,#3861));
#649=EDGE_LOOP('',(#3862,#3863,#3864,#3865,#3866,#3867));
#650=EDGE_LOOP('',(#3868,#3869,#3870,#3871,#3872,#3873));
#651=EDGE_LOOP('',(#3874,#3875,#3876,#3877));
#652=EDGE_LOOP('',(#3878));
#653=EDGE_LOOP('',(#3879));
#654=EDGE_LOOP('',(#3880,#3881,#3882,#3883));
#655=EDGE_LOOP('',(#3884));
#656=EDGE_LOOP('',(#3885));
#657=EDGE_LOOP('',(#3886,#3887,#3888,#3889));
#658=EDGE_LOOP('',(#3890));
#659=EDGE_LOOP('',(#3891));
#660=EDGE_LOOP('',(#3892,#3893,#3894,#3895));
#661=EDGE_LOOP('',(#3896));
#662=EDGE_LOOP('',(#3897));
#663=EDGE_LOOP('',(#3898,#3899,#3900,#3901));
#664=EDGE_LOOP('',(#3902));
#665=EDGE_LOOP('',(#3903));
#666=EDGE_LOOP('',(#3904,#3905,#3906,#3907));
#667=EDGE_LOOP('',(#3908));
#668=EDGE_LOOP('',(#3909));
#669=EDGE_LOOP('',(#3910,#3911,#3912,#3913));
#670=EDGE_LOOP('',(#3914));
#671=EDGE_LOOP('',(#3915));
#672=EDGE_LOOP('',(#3916,#3917,#3918,#3919));
#673=EDGE_LOOP('',(#3920,#3921,#3922,#3923));
#674=EDGE_LOOP('',(#3924,#3925,#3926,#3927));
#675=EDGE_LOOP('',(#3928,#3929,#3930,#3931));
#676=EDGE_LOOP('',(#3932,#3933,#3934,#3935));
#677=EDGE_LOOP('',(#3936,#3937,#3938,#3939));
#678=EDGE_LOOP('',(#3940,#3941,#3942,#3943));
#679=EDGE_LOOP('',(#3944,#3945,#3946,#3947));
#680=EDGE_LOOP('',(#3948,#3949,#3950,#3951));
#681=EDGE_LOOP('',(#3952,#3953,#3954,#3955));
#682=EDGE_LOOP('',(#3956,#3957,#3958,#3959));
#683=EDGE_LOOP('',(#3960,#3961,#3962,#3963));
#684=EDGE_LOOP('',(#3964,#3965,#3966,#3967));
#685=EDGE_LOOP('',(#3968,#3969,#3970,#3971));
#686=EDGE_LOOP('',(#3972,#3973,#3974,#3975,#3976,#3977,#3978,#3979));
#687=EDGE_LOOP('',(#3980,#3981,#3982,#3983));
#688=EDGE_LOOP('',(#3984,#3985,#3986,#3987,#3988,#3989));
#689=EDGE_LOOP('',(#3990,#3991,#3992,#3993));
#690=EDGE_LOOP('',(#3994,#3995,#3996,#3997));
#691=EDGE_LOOP('',(#3998,#3999,#4000,#4001,#4002,#4003,#4004,#4005));
#692=EDGE_LOOP('',(#4006,#4007,#4008,#4009,#4010,#4011));
#693=EDGE_LOOP('',(#4012,#4013,#4014,#4015));
#694=EDGE_LOOP('',(#4016,#4017,#4018,#4019));
#695=EDGE_LOOP('',(#4020,#4021,#4022,#4023,#4024,#4025));
#696=LINE('',#6031,#1132);
#697=LINE('',#6034,#1133);
#698=LINE('',#6037,#1134);
#699=LINE('',#6039,#1135);
#700=LINE('',#6041,#1136);
#701=LINE('',#6043,#1137);
#702=LINE('',#6045,#1138);
#703=LINE('',#6047,#1139);
#704=LINE('',#6048,#1140);
#705=LINE('',#6054,#1141);
#706=LINE('',#6057,#1142);
#707=LINE('',#6060,#1143);
#708=LINE('',#6062,#1144);
#709=LINE('',#6066,#1145);
#710=LINE('',#6070,#1146);
#711=LINE('',#6074,#1147);
#712=LINE('',#6079,#1148);
#713=LINE('',#6082,#1149);
#714=LINE('',#6085,#1150);
#715=LINE('',#6087,#1151);
#716=LINE('',#6089,#1152);
#717=LINE('',#6090,#1153);
#718=LINE('',#6093,#1154);
#719=LINE('',#6094,#1155);
#720=LINE('',#6097,#1156);
#721=LINE('',#6100,#1157);
#722=LINE('',#6104,#1158);
#723=LINE('',#6110,#1159);
#724=LINE('',#6115,#1160);
#725=LINE('',#6116,#1161);
#726=LINE('',#6118,#1162);
#727=LINE('',#6122,#1163);
#728=LINE('',#6126,#1164);
#729=LINE('',#6130,#1165);
#730=LINE('',#6134,#1166);
#731=LINE('',#6138,#1167);
#732=LINE('',#6142,#1168);
#733=LINE('',#6146,#1169);
#734=LINE('',#6150,#1170);
#735=LINE('',#6154,#1171);
#736=LINE('',#6158,#1172);
#737=LINE('',#6162,#1173);
#738=LINE('',#6166,#1174);
#739=LINE('',#6170,#1175);
#740=LINE('',#6176,#1176);
#741=LINE('',#6182,#1177);
#742=LINE('',#6186,#1178);
#743=LINE('',#6188,#1179);
#744=LINE('',#6194,#1180);
#745=LINE('',#6198,#1181);
#746=LINE('',#6202,#1182);
#747=LINE('',#6208,#1183);
#748=LINE('',#6212,#1184);
#749=LINE('',#6216,#1185);
#750=LINE('',#6220,#1186);
#751=LINE('',#6224,#1187);
#752=LINE('',#6228,#1188);
#753=LINE('',#6232,#1189);
#754=LINE('',#6236,#1190);
#755=LINE('',#6240,#1191);
#756=LINE('',#6258,#1192);
#757=LINE('',#6260,#1193);
#758=LINE('',#6262,#1194);
#759=LINE('',#6264,#1195);
#760=LINE('',#6266,#1196);
#761=LINE('',#6267,#1197);
#762=LINE('',#6270,#1198);
#763=LINE('',#6272,#1199);
#764=LINE('',#6274,#1200);
#765=LINE('',#6276,#1201);
#766=LINE('',#6278,#1202);
#767=LINE('',#6279,#1203);
#768=LINE('',#6282,#1204);
#769=LINE('',#6284,#1205);
#770=LINE('',#6286,#1206);
#771=LINE('',#6288,#1207);
#772=LINE('',#6290,#1208);
#773=LINE('',#6291,#1209);
#774=LINE('',#6294,#1210);
#775=LINE('',#6296,#1211);
#776=LINE('',#6298,#1212);
#777=LINE('',#6300,#1213);
#778=LINE('',#6302,#1214);
#779=LINE('',#6303,#1215);
#780=LINE('',#6325,#1216);
#781=LINE('',#6326,#1217);
#782=LINE('',#6345,#1218);
#783=LINE('',#6346,#1219);
#784=LINE('',#6368,#1220);
#785=LINE('',#6369,#1221);
#786=LINE('',#6371,#1222);
#787=LINE('',#6372,#1223);
#788=LINE('',#6374,#1224);
#789=LINE('',#6377,#1225);
#790=LINE('',#6379,#1226);
#791=LINE('',#6383,#1227);
#792=LINE('',#6388,#1228);
#793=LINE('',#6399,#1229);
#794=LINE('',#6403,#1230);
#795=LINE('',#6406,#1231);
#796=LINE('',#6407,#1232);
#797=LINE('',#6410,#1233);
#798=LINE('',#6419,#1234);
#799=LINE('',#6422,#1235);
#800=LINE('',#6425,#1236);
#801=LINE('',#6427,#1237);
#802=LINE('',#6428,#1238);
#803=LINE('',#6435,#1239);
#804=LINE('',#6439,#1240);
#805=LINE('',#6443,#1241);
#806=LINE('',#6447,#1242);
#807=LINE('',#6451,#1243);
#808=LINE('',#6455,#1244);
#809=LINE('',#6459,#1245);
#810=LINE('',#6463,#1246);
#811=LINE('',#6467,#1247);
#812=LINE('',#6471,#1248);
#813=LINE('',#6475,#1249);
#814=LINE('',#6477,#1250);
#815=LINE('',#6481,#1251);
#816=LINE('',#6485,#1252);
#817=LINE('',#6487,#1253);
#818=LINE('',#6489,#1254);
#819=LINE('',#6493,#1255);
#820=LINE('',#6497,#1256);
#821=LINE('',#6499,#1257);
#822=LINE('',#6503,#1258);
#823=LINE('',#6507,#1259);
#824=LINE('',#6510,#1260);
#825=LINE('',#6514,#1261);
#826=LINE('',#6518,#1262);
#827=LINE('',#6522,#1263);
#828=LINE('',#6526,#1264);
#829=LINE('',#6530,#1265);
#830=LINE('',#6534,#1266);
#831=LINE('',#6538,#1267);
#832=LINE('',#6542,#1268);
#833=LINE('',#6546,#1269);
#834=LINE('',#6550,#1270);
#835=LINE('',#6554,#1271);
#836=LINE('',#6558,#1272);
#837=LINE('',#6561,#1273);
#838=LINE('',#6578,#1274);
#839=LINE('',#6581,#1275);
#840=LINE('',#6584,#1276);
#841=LINE('',#6585,#1277);
#842=LINE('',#6589,#1278);
#843=LINE('',#6592,#1279);
#844=LINE('',#6596,#1280);
#845=LINE('',#6600,#1281);
#846=LINE('',#6604,#1282);
#847=LINE('',#6610,#1283);
#848=LINE('',#6614,#1284);
#849=LINE('',#6618,#1285);
#850=LINE('',#6624,#1286);
#851=LINE('',#6626,#1287);
#852=LINE('',#6631,#1288);
#853=LINE('',#6634,#1289);
#854=LINE('',#6642,#1290);
#855=LINE('',#6644,#1291);
#856=LINE('',#6649,#1292);
#857=LINE('',#6650,#1293);
#858=LINE('',#6653,#1294);
#859=LINE('',#6654,#1295);
#860=LINE('',#6661,#1296);
#861=LINE('',#6667,#1297);
#862=LINE('',#6671,#1298);
#863=LINE('',#6675,#1299);
#864=LINE('',#6678,#1300);
#865=LINE('',#6680,#1301);
#866=LINE('',#6681,#1302);
#867=LINE('',#6683,#1303);
#868=LINE('',#6685,#1304);
#869=LINE('',#6686,#1305);
#870=LINE('',#6688,#1306);
#871=LINE('',#6690,#1307);
#872=LINE('',#6691,#1308);
#873=LINE('',#6693,#1309);
#874=LINE('',#6695,#1310);
#875=LINE('',#6696,#1311);
#876=LINE('',#6699,#1312);
#877=LINE('',#6700,#1313);
#878=LINE('',#6702,#1314);
#879=LINE('',#6707,#1315);
#880=LINE('',#6708,#1316);
#881=LINE('',#6711,#1317);
#882=LINE('',#6713,#1318);
#883=LINE('',#6717,#1319);
#884=LINE('',#6721,#1320);
#885=LINE('',#6723,#1321);
#886=LINE('',#6726,#1322);
#887=LINE('',#6728,#1323);
#888=LINE('',#6730,#1324);
#889=LINE('',#6735,#1325);
#890=LINE('',#6736,#1326);
#891=LINE('',#6739,#1327);
#892=LINE('',#6741,#1328);
#893=LINE('',#6745,#1329);
#894=LINE('',#6749,#1330);
#895=LINE('',#6751,#1331);
#896=LINE('',#6754,#1332);
#897=LINE('',#6756,#1333);
#898=LINE('',#6758,#1334);
#899=LINE('',#6760,#1335);
#900=LINE('',#6761,#1336);
#901=LINE('',#6763,#1337);
#902=LINE('',#6765,#1338);
#903=LINE('',#6767,#1339);
#904=LINE('',#6768,#1340);
#905=LINE('',#6770,#1341);
#906=LINE('',#6771,#1342);
#907=LINE('',#6773,#1343);
#908=LINE('',#6775,#1344);
#909=LINE('',#6777,#1345);
#910=LINE('',#6778,#1346);
#911=LINE('',#6783,#1347);
#912=LINE('',#6786,#1348);
#913=LINE('',#6789,#1349);
#914=LINE('',#6793,#1350);
#915=LINE('',#6795,#1351);
#916=LINE('',#6797,#1352);
#917=LINE('',#6800,#1353);
#918=LINE('',#6802,#1354);
#919=LINE('',#6803,#1355);
#920=LINE('',#6805,#1356);
#921=LINE('',#6808,#1357);
#922=LINE('',#6810,#1358);
#923=LINE('',#6811,#1359);
#924=LINE('',#6812,#1360);
#925=LINE('',#6814,#1361);
#926=LINE('',#6815,#1362);
#927=LINE('',#6817,#1363);
#928=LINE('',#6819,#1364);
#929=LINE('',#6821,#1365);
#930=LINE('',#6825,#1366);
#931=LINE('',#6828,#1367);
#932=LINE('',#6831,#1368);
#933=LINE('',#6832,#1369);
#934=LINE('',#6837,#1370);
#935=LINE('',#6838,#1371);
#936=LINE('',#6839,#1372);
#937=LINE('',#6845,#1373);
#938=LINE('',#6848,#1374);
#939=LINE('',#6850,#1375);
#940=LINE('',#6851,#1376);
#941=LINE('',#6854,#1377);
#942=LINE('',#6857,#1378);
#943=LINE('',#6858,#1379);
#944=LINE('',#6863,#1380);
#945=LINE('',#6864,#1381);
#946=LINE('',#6867,#1382);
#947=LINE('',#6869,#1383);
#948=LINE('',#6872,#1384);
#949=LINE('',#6874,#1385);
#950=LINE('',#6875,#1386);
#951=LINE('',#6877,#1387);
#952=LINE('',#6879,#1388);
#953=LINE('',#6880,#1389);
#954=LINE('',#6882,#1390);
#955=LINE('',#6884,#1391);
#956=LINE('',#6886,#1392);
#957=LINE('',#6887,#1393);
#958=LINE('',#6889,#1394);
#959=LINE('',#6891,#1395);
#960=LINE('',#6893,#1396);
#961=LINE('',#6894,#1397);
#962=LINE('',#6895,#1398);
#963=LINE('',#6898,#1399);
#964=LINE('',#6899,#1400);
#965=LINE('',#6901,#1401);
#966=LINE('',#6903,#1402);
#967=LINE('',#6905,#1403);
#968=LINE('',#6907,#1404);
#969=LINE('',#6909,#1405);
#970=LINE('',#6911,#1406);
#971=LINE('',#6913,#1407);
#972=LINE('',#6914,#1408);
#973=LINE('',#6916,#1409);
#974=LINE('',#6918,#1410);
#975=LINE('',#6920,#1411);
#976=LINE('',#6922,#1412);
#977=LINE('',#6923,#1413);
#978=LINE('',#6925,#1414);
#979=LINE('',#6927,#1415);
#980=LINE('',#6929,#1416);
#981=LINE('',#6931,#1417);
#982=LINE('',#6934,#1418);
#983=LINE('',#6937,#1419);
#984=LINE('',#6942,#1420);
#985=LINE('',#6944,#1421);
#986=LINE('',#6945,#1422);
#987=LINE('',#6956,#1423);
#988=LINE('',#6961,#1424);
#989=LINE('',#6967,#1425);
#990=LINE('',#6972,#1426);
#991=LINE('',#6978,#1427);
#992=LINE('',#6983,#1428);
#993=LINE('',#6992,#1429);
#994=LINE('',#6994,#1430);
#995=LINE('',#6996,#1431);
#996=LINE('',#6997,#1432);
#997=LINE('',#7000,#1433);
#998=LINE('',#7002,#1434);
#999=LINE('',#7003,#1435);
#1000=LINE('',#7006,#1436);
#1001=LINE('',#7008,#1437);
#1002=LINE('',#7009,#1438);
#1003=LINE('',#7012,#1439);
#1004=LINE('',#7014,#1440);
#1005=LINE('',#7015,#1441);
#1006=LINE('',#7018,#1442);
#1007=LINE('',#7020,#1443);
#1008=LINE('',#7021,#1444);
#1009=LINE('',#7023,#1445);
#1010=LINE('',#7024,#1446);
#1011=LINE('',#7027,#1447);
#1012=LINE('',#7029,#1448);
#1013=LINE('',#7030,#1449);
#1014=LINE('',#7033,#1450);
#1015=LINE('',#7034,#1451);
#1016=LINE('',#7037,#1452);
#1017=LINE('',#7038,#1453);
#1018=LINE('',#7041,#1454);
#1019=LINE('',#7042,#1455);
#1020=LINE('',#7045,#1456);
#1021=LINE('',#7046,#1457);
#1022=LINE('',#7048,#1458);
#1023=LINE('',#7053,#1459);
#1024=LINE('',#7055,#1460);
#1025=LINE('',#7057,#1461);
#1026=LINE('',#7058,#1462);
#1027=LINE('',#7061,#1463);
#1028=LINE('',#7063,#1464);
#1029=LINE('',#7064,#1465);
#1030=LINE('',#7067,#1466);
#1031=LINE('',#7069,#1467);
#1032=LINE('',#7070,#1468);
#1033=LINE('',#7073,#1469);
#1034=LINE('',#7075,#1470);
#1035=LINE('',#7076,#1471);
#1036=LINE('',#7079,#1472);
#1037=LINE('',#7081,#1473);
#1038=LINE('',#7082,#1474);
#1039=LINE('',#7084,#1475);
#1040=LINE('',#7085,#1476);
#1041=LINE('',#7088,#1477);
#1042=LINE('',#7090,#1478);
#1043=LINE('',#7091,#1479);
#1044=LINE('',#7094,#1480);
#1045=LINE('',#7095,#1481);
#1046=LINE('',#7098,#1482);
#1047=LINE('',#7099,#1483);
#1048=LINE('',#7102,#1484);
#1049=LINE('',#7103,#1485);
#1050=LINE('',#7106,#1486);
#1051=LINE('',#7107,#1487);
#1052=LINE('',#7109,#1488);
#1053=LINE('',#7114,#1489);
#1054=LINE('',#7116,#1490);
#1055=LINE('',#7118,#1491);
#1056=LINE('',#7119,#1492);
#1057=LINE('',#7122,#1493);
#1058=LINE('',#7124,#1494);
#1059=LINE('',#7125,#1495);
#1060=LINE('',#7128,#1496);
#1061=LINE('',#7130,#1497);
#1062=LINE('',#7131,#1498);
#1063=LINE('',#7134,#1499);
#1064=LINE('',#7136,#1500);
#1065=LINE('',#7137,#1501);
#1066=LINE('',#7140,#1502);
#1067=LINE('',#7142,#1503);
#1068=LINE('',#7143,#1504);
#1069=LINE('',#7145,#1505);
#1070=LINE('',#7146,#1506);
#1071=LINE('',#7149,#1507);
#1072=LINE('',#7151,#1508);
#1073=LINE('',#7152,#1509);
#1074=LINE('',#7155,#1510);
#1075=LINE('',#7156,#1511);
#1076=LINE('',#7159,#1512);
#1077=LINE('',#7160,#1513);
#1078=LINE('',#7163,#1514);
#1079=LINE('',#7164,#1515);
#1080=LINE('',#7167,#1516);
#1081=LINE('',#7168,#1517);
#1082=LINE('',#7170,#1518);
#1083=LINE('',#7175,#1519);
#1084=LINE('',#7177,#1520);
#1085=LINE('',#7179,#1521);
#1086=LINE('',#7180,#1522);
#1087=LINE('',#7183,#1523);
#1088=LINE('',#7185,#1524);
#1089=LINE('',#7186,#1525);
#1090=LINE('',#7189,#1526);
#1091=LINE('',#7191,#1527);
#1092=LINE('',#7192,#1528);
#1093=LINE('',#7195,#1529);
#1094=LINE('',#7197,#1530);
#1095=LINE('',#7198,#1531);
#1096=LINE('',#7201,#1532);
#1097=LINE('',#7203,#1533);
#1098=LINE('',#7204,#1534);
#1099=LINE('',#7206,#1535);
#1100=LINE('',#7207,#1536);
#1101=LINE('',#7210,#1537);
#1102=LINE('',#7212,#1538);
#1103=LINE('',#7213,#1539);
#1104=LINE('',#7216,#1540);
#1105=LINE('',#7217,#1541);
#1106=LINE('',#7220,#1542);
#1107=LINE('',#7221,#1543);
#1108=LINE('',#7224,#1544);
#1109=LINE('',#7225,#1545);
#1110=LINE('',#7228,#1546);
#1111=LINE('',#7229,#1547);
#1112=LINE('',#7231,#1548);
#1113=LINE('',#7238,#1549);
#1114=LINE('',#7245,#1550);
#1115=LINE('',#7252,#1551);
#1116=LINE('',#7259,#1552);
#1117=LINE('',#7266,#1553);
#1118=LINE('',#7273,#1554);
#1119=LINE('',#7280,#1555);
#1120=LINE('',#7288,#1556);
#1121=LINE('',#7290,#1557);
#1122=LINE('',#7292,#1558);
#1123=LINE('',#7294,#1559);
#1124=LINE('',#7296,#1560);
#1125=LINE('',#7300,#1561);
#1126=LINE('',#7302,#1562);
#1127=LINE('',#7304,#1563);
#1128=LINE('',#7306,#1564);
#1129=LINE('',#7308,#1565);
#1130=LINE('',#7312,#1566);
#1131=LINE('',#7315,#1567);
#1132=VECTOR('',#4767,10.);
#1133=VECTOR('',#4770,10.);
#1134=VECTOR('',#4773,10.);
#1135=VECTOR('',#4774,10.);
#1136=VECTOR('',#4775,10.);
#1137=VECTOR('',#4776,10.);
#1138=VECTOR('',#4777,10.);
#1139=VECTOR('',#4778,10.);
#1140=VECTOR('',#4779,10.);
#1141=VECTOR('',#4784,10.);
#1142=VECTOR('',#4787,10.);
#1143=VECTOR('',#4790,10.);
#1144=VECTOR('',#4791,10.);
#1145=VECTOR('',#4794,10.);
#1146=VECTOR('',#4797,10.);
#1147=VECTOR('',#4800,10.);
#1148=VECTOR('',#4805,10.);
#1149=VECTOR('',#4808,10.);
#1150=VECTOR('',#4811,10.);
#1151=VECTOR('',#4812,10.);
#1152=VECTOR('',#4813,10.);
#1153=VECTOR('',#4814,10.);
#1154=VECTOR('',#4817,10.);
#1155=VECTOR('',#4818,10.);
#1156=VECTOR('',#4821,10.);
#1157=VECTOR('',#4824,10.);
#1158=VECTOR('',#4829,10.);
#1159=VECTOR('',#4836,10.);
#1160=VECTOR('',#4841,10.);
#1161=VECTOR('',#4842,10.);
#1162=VECTOR('',#4843,10.);
#1163=VECTOR('',#4846,10.);
#1164=VECTOR('',#4849,10.);
#1165=VECTOR('',#4852,10.);
#1166=VECTOR('',#4855,10.);
#1167=VECTOR('',#4858,10.);
#1168=VECTOR('',#4861,10.);
#1169=VECTOR('',#4864,10.);
#1170=VECTOR('',#4867,10.);
#1171=VECTOR('',#4870,10.);
#1172=VECTOR('',#4873,10.);
#1173=VECTOR('',#4876,10.);
#1174=VECTOR('',#4879,10.);
#1175=VECTOR('',#4882,10.);
#1176=VECTOR('',#4887,10.);
#1177=VECTOR('',#4892,10.);
#1178=VECTOR('',#4895,10.);
#1179=VECTOR('',#4896,10.);
#1180=VECTOR('',#4901,10.);
#1181=VECTOR('',#4904,10.);
#1182=VECTOR('',#4907,10.);
#1183=VECTOR('',#4912,10.);
#1184=VECTOR('',#4915,10.);
#1185=VECTOR('',#4918,10.);
#1186=VECTOR('',#4921,10.);
#1187=VECTOR('',#4924,10.);
#1188=VECTOR('',#4927,10.);
#1189=VECTOR('',#4930,10.);
#1190=VECTOR('',#4933,10.);
#1191=VECTOR('',#4936,10.);
#1192=VECTOR('',#4953,10.);
#1193=VECTOR('',#4954,10.);
#1194=VECTOR('',#4955,10.);
#1195=VECTOR('',#4956,10.);
#1196=VECTOR('',#4957,10.);
#1197=VECTOR('',#4958,10.);
#1198=VECTOR('',#4959,10.);
#1199=VECTOR('',#4960,10.);
#1200=VECTOR('',#4961,10.);
#1201=VECTOR('',#4962,10.);
#1202=VECTOR('',#4963,10.);
#1203=VECTOR('',#4964,10.);
#1204=VECTOR('',#4965,10.);
#1205=VECTOR('',#4966,10.);
#1206=VECTOR('',#4967,10.);
#1207=VECTOR('',#4968,10.);
#1208=VECTOR('',#4969,10.);
#1209=VECTOR('',#4970,10.);
#1210=VECTOR('',#4971,10.);
#1211=VECTOR('',#4972,10.);
#1212=VECTOR('',#4973,10.);
#1213=VECTOR('',#4974,10.);
#1214=VECTOR('',#4975,10.);
#1215=VECTOR('',#4976,10.);
#1216=VECTOR('',#4989,10.);
#1217=VECTOR('',#4990,10.);
#1218=VECTOR('',#5001,10.);
#1219=VECTOR('',#5002,10.);
#1220=VECTOR('',#5019,10.);
#1221=VECTOR('',#5020,10.);
#1222=VECTOR('',#5023,10.);
#1223=VECTOR('',#5024,10.);
#1224=VECTOR('',#5027,10.);
#1225=VECTOR('',#5030,10.);
#1226=VECTOR('',#5031,10.);
#1227=VECTOR('',#5036,10.);
#1228=VECTOR('',#5043,10.);
#1229=VECTOR('',#5046,10.);
#1230=VECTOR('',#5049,10.);
#1231=VECTOR('',#5054,10.);
#1232=VECTOR('',#5055,10.);
#1233=VECTOR('',#5060,10.);
#1234=VECTOR('',#5071,10.);
#1235=VECTOR('',#5074,10.);
#1236=VECTOR('',#5077,10.);
#1237=VECTOR('',#5078,10.);
#1238=VECTOR('',#5079,10.);
#1239=VECTOR('',#5086,10.);
#1240=VECTOR('',#5089,10.);
#1241=VECTOR('',#5092,10.);
#1242=VECTOR('',#5095,10.);
#1243=VECTOR('',#5098,10.);
#1244=VECTOR('',#5101,10.);
#1245=VECTOR('',#5104,10.);
#1246=VECTOR('',#5107,10.);
#1247=VECTOR('',#5110,10.);
#1248=VECTOR('',#5113,10.);
#1249=VECTOR('',#5116,10.);
#1250=VECTOR('',#5117,10.);
#1251=VECTOR('',#5120,10.);
#1252=VECTOR('',#5123,10.);
#1253=VECTOR('',#5124,10.);
#1254=VECTOR('',#5125,10.);
#1255=VECTOR('',#5128,10.);
#1256=VECTOR('',#5131,10.);
#1257=VECTOR('',#5132,10.);
#1258=VECTOR('',#5135,10.);
#1259=VECTOR('',#5138,10.);
#1260=VECTOR('',#5141,10.);
#1261=VECTOR('',#5144,10.);
#1262=VECTOR('',#5147,10.);
#1263=VECTOR('',#5150,10.);
#1264=VECTOR('',#5153,10.);
#1265=VECTOR('',#5156,10.);
#1266=VECTOR('',#5159,10.);
#1267=VECTOR('',#5162,10.);
#1268=VECTOR('',#5165,10.);
#1269=VECTOR('',#5168,10.);
#1270=VECTOR('',#5171,10.);
#1271=VECTOR('',#5174,10.);
#1272=VECTOR('',#5177,10.);
#1273=VECTOR('',#5180,10.);
#1274=VECTOR('',#5197,10.);
#1275=VECTOR('',#5200,10.);
#1276=VECTOR('',#5203,10.);
#1277=VECTOR('',#5204,10.);
#1278=VECTOR('',#5209,10.);
#1279=VECTOR('',#5212,10.);
#1280=VECTOR('',#5215,10.);
#1281=VECTOR('',#5218,10.);
#1282=VECTOR('',#5221,10.);
#1283=VECTOR('',#5226,10.);
#1284=VECTOR('',#5229,10.);
#1285=VECTOR('',#5232,10.);
#1286=VECTOR('',#5237,10.);
#1287=VECTOR('',#5238,10.);
#1288=VECTOR('',#5243,10.);
#1289=VECTOR('',#5246,10.);
#1290=VECTOR('',#5255,10.);
#1291=VECTOR('',#5258,10.);
#1292=VECTOR('',#5263,10.);
#1293=VECTOR('',#5264,10.);
#1294=VECTOR('',#5267,10.);
#1295=VECTOR('',#5268,10.);
#1296=VECTOR('',#5275,10.);
#1297=VECTOR('',#5280,10.);
#1298=VECTOR('',#5283,10.);
#1299=VECTOR('',#5286,10.);
#1300=VECTOR('',#5289,10.);
#1301=VECTOR('',#5292,10.);
#1302=VECTOR('',#5293,10.);
#1303=VECTOR('',#5296,10.);
#1304=VECTOR('',#5299,10.);
#1305=VECTOR('',#5300,10.);
#1306=VECTOR('',#5303,10.);
#1307=VECTOR('',#5306,10.);
#1308=VECTOR('',#5307,10.);
#1309=VECTOR('',#5310,10.);
#1310=VECTOR('',#5313,10.);
#1311=VECTOR('',#5314,10.);
#1312=VECTOR('',#5319,10.);
#1313=VECTOR('',#5320,10.);
#1314=VECTOR('',#5323,10.);
#1315=VECTOR('',#5328,10.);
#1316=VECTOR('',#5329,10.);
#1317=VECTOR('',#5332,10.);
#1318=VECTOR('',#5333,10.);
#1319=VECTOR('',#5336,10.);
#1320=VECTOR('',#5339,10.);
#1321=VECTOR('',#5340,10.);
#1322=VECTOR('',#5343,10.);
#1323=VECTOR('',#5346,10.);
#1324=VECTOR('',#5349,10.);
#1325=VECTOR('',#5354,10.);
#1326=VECTOR('',#5355,10.);
#1327=VECTOR('',#5358,10.);
#1328=VECTOR('',#5359,10.);
#1329=VECTOR('',#5362,10.);
#1330=VECTOR('',#5365,10.);
#1331=VECTOR('',#5366,10.);
#1332=VECTOR('',#5369,10.);
#1333=VECTOR('',#5372,10.);
#1334=VECTOR('',#5375,10.);
#1335=VECTOR('',#5378,10.);
#1336=VECTOR('',#5379,10.);
#1337=VECTOR('',#5382,10.);
#1338=VECTOR('',#5385,10.);
#1339=VECTOR('',#5388,10.);
#1340=VECTOR('',#5389,10.);
#1341=VECTOR('',#5392,10.);
#1342=VECTOR('',#5393,10.);
#1343=VECTOR('',#5396,10.);
#1344=VECTOR('',#5399,10.);
#1345=VECTOR('',#5402,10.);
#1346=VECTOR('',#5403,10.);
#1347=VECTOR('',#5410,10.);
#1348=VECTOR('',#5413,10.);
#1349=VECTOR('',#5416,10.);
#1350=VECTOR('',#5419,10.);
#1351=VECTOR('',#5420,10.);
#1352=VECTOR('',#5421,10.);
#1353=VECTOR('',#5424,10.);
#1354=VECTOR('',#5427,10.);
#1355=VECTOR('',#5428,10.);
#1356=VECTOR('',#5431,10.);
#1357=VECTOR('',#5434,10.);
#1358=VECTOR('',#5435,10.);
#1359=VECTOR('',#5436,10.);
#1360=VECTOR('',#5437,10.);
#1361=VECTOR('',#5440,10.);
#1362=VECTOR('',#5441,10.);
#1363=VECTOR('',#5444,10.);
#1364=VECTOR('',#5447,10.);
#1365=VECTOR('',#5450,10.);
#1366=VECTOR('',#5455,10.);
#1367=VECTOR('',#5458,10.);
#1368=VECTOR('',#5461,10.);
#1369=VECTOR('',#5462,10.);
#1370=VECTOR('',#5467,10.);
#1371=VECTOR('',#5468,10.);
#1372=VECTOR('',#5469,10.);
#1373=VECTOR('',#5476,10.);
#1374=VECTOR('',#5479,10.);
#1375=VECTOR('',#5482,10.);
#1376=VECTOR('',#5483,10.);
#1377=VECTOR('',#5488,10.);
#1378=VECTOR('',#5491,10.);
#1379=VECTOR('',#5492,10.);
#1380=VECTOR('',#5497,10.);
#1381=VECTOR('',#5498,10.);
#1382=VECTOR('',#5501,10.);
#1383=VECTOR('',#5504,10.);
#1384=VECTOR('',#5507,10.);
#1385=VECTOR('',#5508,10.);
#1386=VECTOR('',#5509,10.);
#1387=VECTOR('',#5512,10.);
#1388=VECTOR('',#5515,10.);
#1389=VECTOR('',#5516,1.5);
#1390=VECTOR('',#5519,1.5);
#1391=VECTOR('',#5522,10.);
#1392=VECTOR('',#5525,10.);
#1393=VECTOR('',#5526,1.5);
#1394=VECTOR('',#5529,1.5);
#1395=VECTOR('',#5532,10.);
#1396=VECTOR('',#5535,10.);
#1397=VECTOR('',#5536,10.);
#1398=VECTOR('',#5537,10.);
#1399=VECTOR('',#5542,10.);
#1400=VECTOR('',#5543,10.);
#1401=VECTOR('',#5546,10.);
#1402=VECTOR('',#5549,10.);
#1403=VECTOR('',#5552,10.);
#1404=VECTOR('',#5555,10.);
#1405=VECTOR('',#5558,10.);
#1406=VECTOR('',#5561,10.);
#1407=VECTOR('',#5564,10.);
#1408=VECTOR('',#5565,10.);
#1409=VECTOR('',#5568,10.);
#1410=VECTOR('',#5571,10.);
#1411=VECTOR('',#5574,10.);
#1412=VECTOR('',#5577,10.);
#1413=VECTOR('',#5578,10.);
#1414=VECTOR('',#5581,10.);
#1415=VECTOR('',#5584,10.);
#1416=VECTOR('',#5587,10.);
#1417=VECTOR('',#5590,10.);
#1418=VECTOR('',#5595,10.);
#1419=VECTOR('',#5600,10.);
#1420=VECTOR('',#5607,10.);
#1421=VECTOR('',#5608,10.);
#1422=VECTOR('',#5609,10.);
#1423=VECTOR('',#5626,3.1);
#1424=VECTOR('',#5633,3.99999999999999);
#1425=VECTOR('',#5640,3.1);
#1426=VECTOR('',#5647,3.99999999999999);
#1427=VECTOR('',#5654,3.1);
#1428=VECTOR('',#5661,4.);
#1429=VECTOR('',#5674,10.);
#1430=VECTOR('',#5675,10.);
#1431=VECTOR('',#5676,10.);
#1432=VECTOR('',#5677,10.);
#1433=VECTOR('',#5680,10.);
#1434=VECTOR('',#5681,10.);
#1435=VECTOR('',#5682,10.);
#1436=VECTOR('',#5685,10.);
#1437=VECTOR('',#5686,10.);
#1438=VECTOR('',#5687,10.);
#1439=VECTOR('',#5690,10.);
#1440=VECTOR('',#5691,10.);
#1441=VECTOR('',#5692,10.);
#1442=VECTOR('',#5695,10.);
#1443=VECTOR('',#5696,10.);
#1444=VECTOR('',#5697,10.);
#1445=VECTOR('',#5700,10.);
#1446=VECTOR('',#5701,10.);
#1447=VECTOR('',#5704,10.);
#1448=VECTOR('',#5705,10.);
#1449=VECTOR('',#5706,10.);
#1450=VECTOR('',#5709,10.);
#1451=VECTOR('',#5710,10.);
#1452=VECTOR('',#5713,10.);
#1453=VECTOR('',#5714,10.);
#1454=VECTOR('',#5717,10.);
#1455=VECTOR('',#5718,10.);
#1456=VECTOR('',#5721,10.);
#1457=VECTOR('',#5722,10.);
#1458=VECTOR('',#5725,10.);
#1459=VECTOR('',#5730,10.);
#1460=VECTOR('',#5731,10.);
#1461=VECTOR('',#5732,10.);
#1462=VECTOR('',#5733,10.);
#1463=VECTOR('',#5736,10.);
#1464=VECTOR('',#5737,10.);
#1465=VECTOR('',#5738,10.);
#1466=VECTOR('',#5741,10.);
#1467=VECTOR('',#5742,10.);
#1468=VECTOR('',#5743,10.);
#1469=VECTOR('',#5746,10.);
#1470=VECTOR('',#5747,10.);
#1471=VECTOR('',#5748,10.);
#1472=VECTOR('',#5751,10.);
#1473=VECTOR('',#5752,10.);
#1474=VECTOR('',#5753,10.);
#1475=VECTOR('',#5756,10.);
#1476=VECTOR('',#5757,10.);
#1477=VECTOR('',#5760,10.);
#1478=VECTOR('',#5761,10.);
#1479=VECTOR('',#5762,10.);
#1480=VECTOR('',#5765,10.);
#1481=VECTOR('',#5766,10.);
#1482=VECTOR('',#5769,10.);
#1483=VECTOR('',#5770,10.);
#1484=VECTOR('',#5773,10.);
#1485=VECTOR('',#5774,10.);
#1486=VECTOR('',#5777,10.);
#1487=VECTOR('',#5778,10.);
#1488=VECTOR('',#5781,10.);
#1489=VECTOR('',#5786,10.);
#1490=VECTOR('',#5787,10.);
#1491=VECTOR('',#5788,10.);
#1492=VECTOR('',#5789,10.);
#1493=VECTOR('',#5792,10.);
#1494=VECTOR('',#5793,10.);
#1495=VECTOR('',#5794,10.);
#1496=VECTOR('',#5797,10.);
#1497=VECTOR('',#5798,10.);
#1498=VECTOR('',#5799,10.);
#1499=VECTOR('',#5802,10.);
#1500=VECTOR('',#5803,10.);
#1501=VECTOR('',#5804,10.);
#1502=VECTOR('',#5807,10.);
#1503=VECTOR('',#5808,10.);
#1504=VECTOR('',#5809,10.);
#1505=VECTOR('',#5812,10.);
#1506=VECTOR('',#5813,10.);
#1507=VECTOR('',#5816,10.);
#1508=VECTOR('',#5817,10.);
#1509=VECTOR('',#5818,10.);
#1510=VECTOR('',#5821,10.);
#1511=VECTOR('',#5822,10.);
#1512=VECTOR('',#5825,10.);
#1513=VECTOR('',#5826,10.);
#1514=VECTOR('',#5829,10.);
#1515=VECTOR('',#5830,10.);
#1516=VECTOR('',#5833,10.);
#1517=VECTOR('',#5834,10.);
#1518=VECTOR('',#5837,10.);
#1519=VECTOR('',#5842,10.);
#1520=VECTOR('',#5843,10.);
#1521=VECTOR('',#5844,10.);
#1522=VECTOR('',#5845,10.);
#1523=VECTOR('',#5848,10.);
#1524=VECTOR('',#5849,10.);
#1525=VECTOR('',#5850,10.);
#1526=VECTOR('',#5853,10.);
#1527=VECTOR('',#5854,10.);
#1528=VECTOR('',#5855,10.);
#1529=VECTOR('',#5858,10.);
#1530=VECTOR('',#5859,10.);
#1531=VECTOR('',#5860,10.);
#1532=VECTOR('',#5863,10.);
#1533=VECTOR('',#5864,10.);
#1534=VECTOR('',#5865,10.);
#1535=VECTOR('',#5868,10.);
#1536=VECTOR('',#5869,10.);
#1537=VECTOR('',#5872,10.);
#1538=VECTOR('',#5873,10.);
#1539=VECTOR('',#5874,10.);
#1540=VECTOR('',#5877,10.);
#1541=VECTOR('',#5878,10.);
#1542=VECTOR('',#5881,10.);
#1543=VECTOR('',#5882,10.);
#1544=VECTOR('',#5885,10.);
#1545=VECTOR('',#5886,10.);
#1546=VECTOR('',#5889,10.);
#1547=VECTOR('',#5890,10.);
#1548=VECTOR('',#5893,10.);
#1549=VECTOR('',#5904,1.99999999999999);
#1550=VECTOR('',#5913,1.99999999999999);
#1551=VECTOR('',#5922,1.99999999999999);
#1552=VECTOR('',#5931,1.99999999999999);
#1553=VECTOR('',#5940,2.);
#1554=VECTOR('',#5949,1.99999999999999);
#1555=VECTOR('',#5958,2.);
#1556=VECTOR('',#5971,10.);
#1557=VECTOR('',#5974,10.);
#1558=VECTOR('',#5977,0.999999999999996);
#1559=VECTOR('',#5980,0.999999999999996);
#1560=VECTOR('',#5983,0.999999999999996);
#1561=VECTOR('',#5990,10.);
#1562=VECTOR('',#5993,0.999999999999996);
#1563=VECTOR('',#5996,0.999999999999996);
#1564=VECTOR('',#5999,1.);
#1565=VECTOR('',#6002,0.999999999999996);
#1566=VECTOR('',#6009,10.);
#1567=VECTOR('',#6014,10.);
#1568=CIRCLE('',#4349,0.25);
#1569=CIRCLE('',#4350,0.25);
#1570=CIRCLE('',#4353,0.25);
#1571=CIRCLE('',#4354,0.25);
#1572=CIRCLE('',#4356,1.5);
#1573=CIRCLE('',#4357,1.5);
#1574=CIRCLE('',#4358,2.3);
#1575=CIRCLE('',#4359,0.17);
#1576=CIRCLE('',#4360,2.00000000000001);
#1577=CIRCLE('',#4361,1.5);
#1578=CIRCLE('',#4365,0.17);
#1579=CIRCLE('',#4367,2.00000000000001);
#1580=CIRCLE('',#4369,1.5);
#1581=CIRCLE('',#4370,1.5);
#1582=CIRCLE('',#4371,0.5);
#1583=CIRCLE('',#4372,1.49999999999999);
#1584=CIRCLE('',#4373,2.3);
#1585=CIRCLE('',#4374,1.5);
#1586=CIRCLE('',#4375,1.5);
#1587=CIRCLE('',#4376,1.5);
#1588=CIRCLE('',#4377,1.5);
#1589=CIRCLE('',#4378,2.3);
#1590=CIRCLE('',#4379,2.3);
#1591=CIRCLE('',#4380,1.2);
#1592=CIRCLE('',#4381,2.3);
#1593=CIRCLE('',#4382,0.5);
#1594=CIRCLE('',#4383,1.5);
#1595=CIRCLE('',#4384,1.5);
#1596=CIRCLE('',#4385,1.5);
#1597=CIRCLE('',#4386,0.5);
#1598=CIRCLE('',#4387,0.5);
#1599=CIRCLE('',#4388,0.5);
#1600=CIRCLE('',#4389,0.5);
#1601=CIRCLE('',#4390,0.25);
#1602=CIRCLE('',#4391,0.5);
#1603=CIRCLE('',#4392,6.99999999999999);
#1604=CIRCLE('',#4393,0.5);
#1605=CIRCLE('',#4394,1.5);
#1606=CIRCLE('',#4395,0.5);
#1607=CIRCLE('',#4396,0.5);
#1608=CIRCLE('',#4397,1.);
#1609=CIRCLE('',#4398,2.3);
#1610=CIRCLE('',#4399,1.2);
#1611=CIRCLE('',#4400,2.3);
#1612=CIRCLE('',#4401,2.3);
#1613=CIRCLE('',#4402,1.2);
#1614=CIRCLE('',#4403,2.3);
#1615=CIRCLE('',#4404,1.2);
#1616=CIRCLE('',#4405,2.3);
#1617=CIRCLE('',#4406,2.);
#1618=CIRCLE('',#4407,1.99999999999999);
#1619=CIRCLE('',#4408,2.);
#1620=CIRCLE('',#4409,1.99999999999999);
#1621=CIRCLE('',#4410,1.99999999999999);
#1622=CIRCLE('',#4411,1.99999999999999);
#1623=CIRCLE('',#4412,1.99999999999999);
#1624=CIRCLE('',#4413,0.250000000000001);
#1625=CIRCLE('',#4414,0.25);
#1626=CIRCLE('',#4415,0.25);
#1627=CIRCLE('',#4416,0.5);
#1628=CIRCLE('',#4418,0.25);
#1629=CIRCLE('',#4419,0.25);
#1630=CIRCLE('',#4420,0.5);
#1631=CIRCLE('',#4421,0.25);
#1632=CIRCLE('',#4423,0.25);
#1633=CIRCLE('',#4424,0.25);
#1634=CIRCLE('',#4425,0.5);
#1635=CIRCLE('',#4426,0.25);
#1636=CIRCLE('',#4428,0.25);
#1637=CIRCLE('',#4429,1.49999999999999);
#1638=CIRCLE('',#4430,1.24999999999999);
#1639=CIRCLE('',#4435,0.5);
#1640=CIRCLE('',#4437,0.5);
#1641=CIRCLE('',#4441,0.5);
#1642=CIRCLE('',#4442,1.5);
#1643=CIRCLE('',#4450,1.);
#1644=CIRCLE('',#4451,1.);
#1645=CIRCLE('',#4454,0.5);
#1646=CIRCLE('',#4455,0.5);
#1647=CIRCLE('',#4456,0.5);
#1648=CIRCLE('',#4457,1.5);
#1649=CIRCLE('',#4458,1.5);
#1650=CIRCLE('',#4459,1.5);
#1651=CIRCLE('',#4460,4.);
#1652=CIRCLE('',#4461,0.5);
#1653=CIRCLE('',#4462,2.3);
#1654=CIRCLE('',#4463,1.2);
#1655=CIRCLE('',#4464,2.3);
#1656=CIRCLE('',#4465,2.3);
#1657=CIRCLE('',#4466,1.5);
#1658=CIRCLE('',#4467,1.5);
#1659=CIRCLE('',#4468,1.5);
#1660=CIRCLE('',#4469,1.5);
#1661=CIRCLE('',#4470,2.3);
#1662=CIRCLE('',#4471,1.5);
#1663=CIRCLE('',#4472,1.5);
#1664=CIRCLE('',#4473,2.3);
#1665=CIRCLE('',#4474,1.2);
#1666=CIRCLE('',#4475,2.3);
#1667=CIRCLE('',#4476,1.2);
#1668=CIRCLE('',#4477,2.3);
#1669=CIRCLE('',#4478,2.3);
#1670=CIRCLE('',#4479,1.2);
#1671=CIRCLE('',#4480,2.3);
#1672=CIRCLE('',#4481,2.6);
#1673=CIRCLE('',#4482,1.2);
#1674=CIRCLE('',#4483,1.);
#1675=CIRCLE('',#4484,1.5);
#1676=CIRCLE('',#4485,1.5);
#1677=CIRCLE('',#4486,0.999999999999996);
#1678=CIRCLE('',#4487,0.999999999999996);
#1679=CIRCLE('',#4488,1.);
#1680=CIRCLE('',#4489,3.99999999999999);
#1681=CIRCLE('',#4490,0.999999999999996);
#1682=CIRCLE('',#4491,4.);
#1683=CIRCLE('',#4492,3.99999999999999);
#1684=CIRCLE('',#4494,1.);
#1685=CIRCLE('',#4497,1.5);
#1686=CIRCLE('',#4499,1.2);
#1687=CIRCLE('',#4500,2.6);
#1688=CIRCLE('',#4501,1.);
#1689=CIRCLE('',#4502,0.5);
#1690=CIRCLE('',#4503,0.5);
#1691=CIRCLE('',#4504,1.5);
#1692=CIRCLE('',#4505,0.5);
#1693=CIRCLE('',#4506,6.99999999999999);
#1694=CIRCLE('',#4507,0.5);
#1695=CIRCLE('',#4508,0.5);
#1696=CIRCLE('',#4509,0.5);
#1697=CIRCLE('',#4510,1.5);
#1698=CIRCLE('',#4511,0.999999999999996);
#1699=CIRCLE('',#4512,0.999999999999996);
#1700=CIRCLE('',#4513,0.999999999999996);
#1701=CIRCLE('',#4517,0.25);
#1702=CIRCLE('',#4520,0.5);
#1703=CIRCLE('',#4521,0.5);
#1704=CIRCLE('',#4522,0.5);
#1705=CIRCLE('',#4523,0.5);
#1706=CIRCLE('',#4524,1.5);
#1707=CIRCLE('',#4525,1.5);
#1708=CIRCLE('',#4526,0.5);
#1709=CIRCLE('',#4538,1.5);
#1710=CIRCLE('',#4540,1.5);
#1711=CIRCLE('',#4541,1.5);
#1712=CIRCLE('',#4542,1.5);
#1713=CIRCLE('',#4546,1.5);
#1714=CIRCLE('',#4548,1.5);
#1715=CIRCLE('',#4549,1.5);
#1716=CIRCLE('',#4550,1.5);
#1717=CIRCLE('',#4564,0.5);
#1718=CIRCLE('',#4566,1.5);
#1719=CIRCLE('',#4567,0.5);
#1720=CIRCLE('',#4577,1.5);
#1721=CIRCLE('',#4580,1.5);
#1722=CIRCLE('',#4583,1.5);
#1723=CIRCLE('',#4584,1.5);
#1724=CIRCLE('',#4590,1.5);
#1725=CIRCLE('',#4592,1.5);
#1726=CIRCLE('',#4627,3.1);
#1727=CIRCLE('',#4628,3.1);
#1728=CIRCLE('',#4630,4.);
#1729=CIRCLE('',#4633,3.1);
#1730=CIRCLE('',#4634,3.1);
#1731=CIRCLE('',#4636,3.99999999999999);
#1732=CIRCLE('',#4639,3.1);
#1733=CIRCLE('',#4640,3.1);
#1734=CIRCLE('',#4642,3.99999999999999);
#1735=CIRCLE('',#4645,3.1);
#1736=CIRCLE('',#4646,3.1);
#1737=CIRCLE('',#4648,4.);
#1738=CIRCLE('',#4710,1.99999999999999);
#1739=CIRCLE('',#4712,0.999999999999996);
#1740=CIRCLE('',#4714,1.99999999999999);
#1741=CIRCLE('',#4716,0.999999999999996);
#1742=CIRCLE('',#4718,1.99999999999999);
#1743=CIRCLE('',#4720,0.999999999999996);
#1744=CIRCLE('',#4722,1.99999999999999);
#1745=CIRCLE('',#4724,0.999999999999996);
#1746=CIRCLE('',#4726,2.);
#1747=CIRCLE('',#4728,0.999999999999996);
#1748=CIRCLE('',#4730,1.99999999999999);
#1749=CIRCLE('',#4732,0.999999999999996);
#1750=CIRCLE('',#4734,2.);
#1751=CIRCLE('',#4736,1.);
#1752=VERTEX_POINT('',#6027);
#1753=VERTEX_POINT('',#6028);
#1754=VERTEX_POINT('',#6030);
#1755=VERTEX_POINT('',#6032);
#1756=VERTEX_POINT('',#6036);
#1757=VERTEX_POINT('',#6038);
#1758=VERTEX_POINT('',#6040);
#1759=VERTEX_POINT('',#6042);
#1760=VERTEX_POINT('',#6044);
#1761=VERTEX_POINT('',#6046);
#1762=VERTEX_POINT('',#6050);
#1763=VERTEX_POINT('',#6051);
#1764=VERTEX_POINT('',#6053);
#1765=VERTEX_POINT('',#6055);
#1766=VERTEX_POINT('',#6059);
#1767=VERTEX_POINT('',#6061);
#1768=VERTEX_POINT('',#6063);
#1769=VERTEX_POINT('',#6065);
#1770=VERTEX_POINT('',#6067);
#1771=VERTEX_POINT('',#6069);
#1772=VERTEX_POINT('',#6071);
#1773=VERTEX_POINT('',#6073);
#1774=VERTEX_POINT('',#6075);
#1775=VERTEX_POINT('',#6077);
#1776=VERTEX_POINT('',#6080);
#1777=VERTEX_POINT('',#6084);
#1778=VERTEX_POINT('',#6086);
#1779=VERTEX_POINT('',#6088);
#1780=VERTEX_POINT('',#6092);
#1781=VERTEX_POINT('',#6096);
#1782=VERTEX_POINT('',#6098);
#1783=VERTEX_POINT('',#6102);
#1784=VERTEX_POINT('',#6107);
#1785=VERTEX_POINT('',#6109);
#1786=VERTEX_POINT('',#6111);
#1787=VERTEX_POINT('',#6113);
#1788=VERTEX_POINT('',#6117);
#1789=VERTEX_POINT('',#6119);
#1790=VERTEX_POINT('',#6121);
#1791=VERTEX_POINT('',#6123);
#1792=VERTEX_POINT('',#6125);
#1793=VERTEX_POINT('',#6127);
#1794=VERTEX_POINT('',#6129);
#1795=VERTEX_POINT('',#6131);
#1796=VERTEX_POINT('',#6133);
#1797=VERTEX_POINT('',#6135);
#1798=VERTEX_POINT('',#6137);
#1799=VERTEX_POINT('',#6139);
#1800=VERTEX_POINT('',#6141);
#1801=VERTEX_POINT('',#6143);
#1802=VERTEX_POINT('',#6145);
#1803=VERTEX_POINT('',#6147);
#1804=VERTEX_POINT('',#6149);
#1805=VERTEX_POINT('',#6151);
#1806=VERTEX_POINT('',#6153);
#1807=VERTEX_POINT('',#6155);
#1808=VERTEX_POINT('',#6157);
#1809=VERTEX_POINT('',#6159);
#1810=VERTEX_POINT('',#6161);
#1811=VERTEX_POINT('',#6163);
#1812=VERTEX_POINT('',#6165);
#1813=VERTEX_POINT('',#6167);
#1814=VERTEX_POINT('',#6169);
#1815=VERTEX_POINT('',#6171);
#1816=VERTEX_POINT('',#6173);
#1817=VERTEX_POINT('',#6175);
#1818=VERTEX_POINT('',#6177);
#1819=VERTEX_POINT('',#6179);
#1820=VERTEX_POINT('',#6181);
#1821=VERTEX_POINT('',#6183);
#1822=VERTEX_POINT('',#6185);
#1823=VERTEX_POINT('',#6187);
#1824=VERTEX_POINT('',#6189);
#1825=VERTEX_POINT('',#6191);
#1826=VERTEX_POINT('',#6193);
#1827=VERTEX_POINT('',#6195);
#1828=VERTEX_POINT('',#6197);
#1829=VERTEX_POINT('',#6199);
#1830=VERTEX_POINT('',#6201);
#1831=VERTEX_POINT('',#6203);
#1832=VERTEX_POINT('',#6205);
#1833=VERTEX_POINT('',#6207);
#1834=VERTEX_POINT('',#6209);
#1835=VERTEX_POINT('',#6211);
#1836=VERTEX_POINT('',#6213);
#1837=VERTEX_POINT('',#6215);
#1838=VERTEX_POINT('',#6217);
#1839=VERTEX_POINT('',#6219);
#1840=VERTEX_POINT('',#6221);
#1841=VERTEX_POINT('',#6223);
#1842=VERTEX_POINT('',#6225);
#1843=VERTEX_POINT('',#6227);
#1844=VERTEX_POINT('',#6229);
#1845=VERTEX_POINT('',#6231);
#1846=VERTEX_POINT('',#6233);
#1847=VERTEX_POINT('',#6235);
#1848=VERTEX_POINT('',#6237);
#1849=VERTEX_POINT('',#6239);
#1850=VERTEX_POINT('',#6242);
#1851=VERTEX_POINT('',#6244);
#1852=VERTEX_POINT('',#6246);
#1853=VERTEX_POINT('',#6248);
#1854=VERTEX_POINT('',#6250);
#1855=VERTEX_POINT('',#6252);
#1856=VERTEX_POINT('',#6254);
#1857=VERTEX_POINT('',#6256);
#1858=VERTEX_POINT('',#6257);
#1859=VERTEX_POINT('',#6259);
#1860=VERTEX_POINT('',#6261);
#1861=VERTEX_POINT('',#6263);
#1862=VERTEX_POINT('',#6265);
#1863=VERTEX_POINT('',#6268);
#1864=VERTEX_POINT('',#6269);
#1865=VERTEX_POINT('',#6271);
#1866=VERTEX_POINT('',#6273);
#1867=VERTEX_POINT('',#6275);
#1868=VERTEX_POINT('',#6277);
#1869=VERTEX_POINT('',#6280);
#1870=VERTEX_POINT('',#6281);
#1871=VERTEX_POINT('',#6283);
#1872=VERTEX_POINT('',#6285);
#1873=VERTEX_POINT('',#6287);
#1874=VERTEX_POINT('',#6289);
#1875=VERTEX_POINT('',#6292);
#1876=VERTEX_POINT('',#6293);
#1877=VERTEX_POINT('',#6295);
#1878=VERTEX_POINT('',#6297);
#1879=VERTEX_POINT('',#6299);
#1880=VERTEX_POINT('',#6301);
#1881=VERTEX_POINT('',#6313);
#1882=VERTEX_POINT('',#6314);
#1883=VERTEX_POINT('',#6316);
#1884=VERTEX_POINT('',#6318);
#1885=VERTEX_POINT('',#6322);
#1886=VERTEX_POINT('',#6323);
#1887=VERTEX_POINT('',#6336);
#1888=VERTEX_POINT('',#6337);
#1889=VERTEX_POINT('',#6342);
#1890=VERTEX_POINT('',#6343);
#1891=VERTEX_POINT('',#6356);
#1892=VERTEX_POINT('',#6357);
#1893=VERTEX_POINT('',#6362);
#1894=VERTEX_POINT('',#6363);
#1895=VERTEX_POINT('',#6376);
#1896=VERTEX_POINT('',#6378);
#1897=VERTEX_POINT('',#6382);
#1898=VERTEX_POINT('',#6387);
#1899=VERTEX_POINT('',#6398);
#1900=VERTEX_POINT('',#6400);
#1901=VERTEX_POINT('',#6402);
#1902=VERTEX_POINT('',#6415);
#1903=VERTEX_POINT('',#6416);
#1904=VERTEX_POINT('',#6418);
#1905=VERTEX_POINT('',#6420);
#1906=VERTEX_POINT('',#6424);
#1907=VERTEX_POINT('',#6426);
#1908=VERTEX_POINT('',#6430);
#1909=VERTEX_POINT('',#6432);
#1910=VERTEX_POINT('',#6434);
#1911=VERTEX_POINT('',#6436);
#1912=VERTEX_POINT('',#6438);
#1913=VERTEX_POINT('',#6440);
#1914=VERTEX_POINT('',#6442);
#1915=VERTEX_POINT('',#6444);
#1916=VERTEX_POINT('',#6446);
#1917=VERTEX_POINT('',#6448);
#1918=VERTEX_POINT('',#6450);
#1919=VERTEX_POINT('',#6452);
#1920=VERTEX_POINT('',#6454);
#1921=VERTEX_POINT('',#6456);
#1922=VERTEX_POINT('',#6458);
#1923=VERTEX_POINT('',#6460);
#1924=VERTEX_POINT('',#6462);
#1925=VERTEX_POINT('',#6464);
#1926=VERTEX_POINT('',#6466);
#1927=VERTEX_POINT('',#6468);
#1928=VERTEX_POINT('',#6470);
#1929=VERTEX_POINT('',#6472);
#1930=VERTEX_POINT('',#6474);
#1931=VERTEX_POINT('',#6476);
#1932=VERTEX_POINT('',#6478);
#1933=VERTEX_POINT('',#6480);
#1934=VERTEX_POINT('',#6482);
#1935=VERTEX_POINT('',#6484);
#1936=VERTEX_POINT('',#6486);
#1937=VERTEX_POINT('',#6488);
#1938=VERTEX_POINT('',#6490);
#1939=VERTEX_POINT('',#6492);
#1940=VERTEX_POINT('',#6494);
#1941=VERTEX_POINT('',#6496);
#1942=VERTEX_POINT('',#6498);
#1943=VERTEX_POINT('',#6500);
#1944=VERTEX_POINT('',#6502);
#1945=VERTEX_POINT('',#6504);
#1946=VERTEX_POINT('',#6506);
#1947=VERTEX_POINT('',#6508);
#1948=VERTEX_POINT('',#6511);
#1949=VERTEX_POINT('',#6513);
#1950=VERTEX_POINT('',#6515);
#1951=VERTEX_POINT('',#6517);
#1952=VERTEX_POINT('',#6519);
#1953=VERTEX_POINT('',#6521);
#1954=VERTEX_POINT('',#6523);
#1955=VERTEX_POINT('',#6525);
#1956=VERTEX_POINT('',#6527);
#1957=VERTEX_POINT('',#6529);
#1958=VERTEX_POINT('',#6531);
#1959=VERTEX_POINT('',#6533);
#1960=VERTEX_POINT('',#6535);
#1961=VERTEX_POINT('',#6537);
#1962=VERTEX_POINT('',#6539);
#1963=VERTEX_POINT('',#6541);
#1964=VERTEX_POINT('',#6543);
#1965=VERTEX_POINT('',#6545);
#1966=VERTEX_POINT('',#6547);
#1967=VERTEX_POINT('',#6549);
#1968=VERTEX_POINT('',#6551);
#1969=VERTEX_POINT('',#6553);
#1970=VERTEX_POINT('',#6555);
#1971=VERTEX_POINT('',#6557);
#1972=VERTEX_POINT('',#6559);
#1973=VERTEX_POINT('',#6562);
#1974=VERTEX_POINT('',#6564);
#1975=VERTEX_POINT('',#6566);
#1976=VERTEX_POINT('',#6568);
#1977=VERTEX_POINT('',#6570);
#1978=VERTEX_POINT('',#6572);
#1979=VERTEX_POINT('',#6574);
#1980=VERTEX_POINT('',#6577);
#1981=VERTEX_POINT('',#6579);
#1982=VERTEX_POINT('',#6583);
#1983=VERTEX_POINT('',#6587);
#1984=VERTEX_POINT('',#6591);
#1985=VERTEX_POINT('',#6593);
#1986=VERTEX_POINT('',#6595);
#1987=VERTEX_POINT('',#6597);
#1988=VERTEX_POINT('',#6599);
#1989=VERTEX_POINT('',#6601);
#1990=VERTEX_POINT('',#6603);
#1991=VERTEX_POINT('',#6605);
#1992=VERTEX_POINT('',#6607);
#1993=VERTEX_POINT('',#6609);
#1994=VERTEX_POINT('',#6611);
#1995=VERTEX_POINT('',#6613);
#1996=VERTEX_POINT('',#6615);
#1997=VERTEX_POINT('',#6617);
#1998=VERTEX_POINT('',#6619);
#1999=VERTEX_POINT('',#6621);
#2000=VERTEX_POINT('',#6623);
#2001=VERTEX_POINT('',#6625);
#2002=VERTEX_POINT('',#6627);
#2003=VERTEX_POINT('',#6630);
#2004=VERTEX_POINT('',#6632);
#2005=VERTEX_POINT('',#6635);
#2006=VERTEX_POINT('',#6637);
#2007=VERTEX_POINT('',#6639);
#2008=VERTEX_POINT('',#6646);
#2009=VERTEX_POINT('',#6647);
#2010=VERTEX_POINT('',#6652);
#2011=VERTEX_POINT('',#6656);
#2012=VERTEX_POINT('',#6658);
#2013=VERTEX_POINT('',#6660);
#2014=VERTEX_POINT('',#6662);
#2015=VERTEX_POINT('',#6664);
#2016=VERTEX_POINT('',#6666);
#2017=VERTEX_POINT('',#6668);
#2018=VERTEX_POINT('',#6670);
#2019=VERTEX_POINT('',#6672);
#2020=VERTEX_POINT('',#6674);
#2021=VERTEX_POINT('',#6676);
#2022=VERTEX_POINT('',#6704);
#2023=VERTEX_POINT('',#6705);
#2024=VERTEX_POINT('',#6710);
#2025=VERTEX_POINT('',#6712);
#2026=VERTEX_POINT('',#6714);
#2027=VERTEX_POINT('',#6716);
#2028=VERTEX_POINT('',#6718);
#2029=VERTEX_POINT('',#6720);
#2030=VERTEX_POINT('',#6722);
#2031=VERTEX_POINT('',#6724);
#2032=VERTEX_POINT('',#6732);
#2033=VERTEX_POINT('',#6733);
#2034=VERTEX_POINT('',#6738);
#2035=VERTEX_POINT('',#6740);
#2036=VERTEX_POINT('',#6742);
#2037=VERTEX_POINT('',#6744);
#2038=VERTEX_POINT('',#6746);
#2039=VERTEX_POINT('',#6748);
#2040=VERTEX_POINT('',#6750);
#2041=VERTEX_POINT('',#6752);
#2042=VERTEX_POINT('',#6782);
#2043=VERTEX_POINT('',#6784);
#2044=VERTEX_POINT('',#6788);
#2045=VERTEX_POINT('',#6790);
#2046=VERTEX_POINT('',#6792);
#2047=VERTEX_POINT('',#6794);
#2048=VERTEX_POINT('',#6796);
#2049=VERTEX_POINT('',#6798);
#2050=VERTEX_POINT('',#6807);
#2051=VERTEX_POINT('',#6809);
#2052=VERTEX_POINT('',#6824);
#2053=VERTEX_POINT('',#6826);
#2054=VERTEX_POINT('',#6830);
#2055=VERTEX_POINT('',#6834);
#2056=VERTEX_POINT('',#6835);
#2057=VERTEX_POINT('',#6842);
#2058=VERTEX_POINT('',#6844);
#2059=VERTEX_POINT('',#6846);
#2060=VERTEX_POINT('',#6856);
#2061=VERTEX_POINT('',#6860);
#2062=VERTEX_POINT('',#6861);
#2063=VERTEX_POINT('',#6866);
#2064=VERTEX_POINT('',#6871);
#2065=VERTEX_POINT('',#6873);
#2066=VERTEX_POINT('',#6941);
#2067=VERTEX_POINT('',#6943);
#2068=VERTEX_POINT('',#6953);
#2069=VERTEX_POINT('',#6955);
#2070=VERTEX_POINT('',#6959);
#2071=VERTEX_POINT('',#6964);
#2072=VERTEX_POINT('',#6966);
#2073=VERTEX_POINT('',#6970);
#2074=VERTEX_POINT('',#6975);
#2075=VERTEX_POINT('',#6977);
#2076=VERTEX_POINT('',#6981);
#2077=VERTEX_POINT('',#6990);
#2078=VERTEX_POINT('',#6991);
#2079=VERTEX_POINT('',#6993);
#2080=VERTEX_POINT('',#6995);
#2081=VERTEX_POINT('',#6999);
#2082=VERTEX_POINT('',#7001);
#2083=VERTEX_POINT('',#7005);
#2084=VERTEX_POINT('',#7007);
#2085=VERTEX_POINT('',#7011);
#2086=VERTEX_POINT('',#7013);
#2087=VERTEX_POINT('',#7017);
#2088=VERTEX_POINT('',#7019);
#2089=VERTEX_POINT('',#7026);
#2090=VERTEX_POINT('',#7028);
#2091=VERTEX_POINT('',#7032);
#2092=VERTEX_POINT('',#7036);
#2093=VERTEX_POINT('',#7040);
#2094=VERTEX_POINT('',#7044);
#2095=VERTEX_POINT('',#7051);
#2096=VERTEX_POINT('',#7052);
#2097=VERTEX_POINT('',#7054);
#2098=VERTEX_POINT('',#7056);
#2099=VERTEX_POINT('',#7060);
#2100=VERTEX_POINT('',#7062);
#2101=VERTEX_POINT('',#7066);
#2102=VERTEX_POINT('',#7068);
#2103=VERTEX_POINT('',#7072);
#2104=VERTEX_POINT('',#7074);
#2105=VERTEX_POINT('',#7078);
#2106=VERTEX_POINT('',#7080);
#2107=VERTEX_POINT('',#7087);
#2108=VERTEX_POINT('',#7089);
#2109=VERTEX_POINT('',#7093);
#2110=VERTEX_POINT('',#7097);
#2111=VERTEX_POINT('',#7101);
#2112=VERTEX_POINT('',#7105);
#2113=VERTEX_POINT('',#7112);
#2114=VERTEX_POINT('',#7113);
#2115=VERTEX_POINT('',#7115);
#2116=VERTEX_POINT('',#7117);
#2117=VERTEX_POINT('',#7121);
#2118=VERTEX_POINT('',#7123);
#2119=VERTEX_POINT('',#7127);
#2120=VERTEX_POINT('',#7129);
#2121=VERTEX_POINT('',#7133);
#2122=VERTEX_POINT('',#7135);
#2123=VERTEX_POINT('',#7139);
#2124=VERTEX_POINT('',#7141);
#2125=VERTEX_POINT('',#7148);
#2126=VERTEX_POINT('',#7150);
#2127=VERTEX_POINT('',#7154);
#2128=VERTEX_POINT('',#7158);
#2129=VERTEX_POINT('',#7162);
#2130=VERTEX_POINT('',#7166);
#2131=VERTEX_POINT('',#7173);
#2132=VERTEX_POINT('',#7174);
#2133=VERTEX_POINT('',#7176);
#2134=VERTEX_POINT('',#7178);
#2135=VERTEX_POINT('',#7182);
#2136=VERTEX_POINT('',#7184);
#2137=VERTEX_POINT('',#7188);
#2138=VERTEX_POINT('',#7190);
#2139=VERTEX_POINT('',#7194);
#2140=VERTEX_POINT('',#7196);
#2141=VERTEX_POINT('',#7200);
#2142=VERTEX_POINT('',#7202);
#2143=VERTEX_POINT('',#7209);
#2144=VERTEX_POINT('',#7211);
#2145=VERTEX_POINT('',#7215);
#2146=VERTEX_POINT('',#7219);
#2147=VERTEX_POINT('',#7223);
#2148=VERTEX_POINT('',#7227);
#2149=VERTEX_POINT('',#7237);
#2150=VERTEX_POINT('',#7241);
#2151=VERTEX_POINT('',#7244);
#2152=VERTEX_POINT('',#7248);
#2153=VERTEX_POINT('',#7251);
#2154=VERTEX_POINT('',#7255);
#2155=VERTEX_POINT('',#7258);
#2156=VERTEX_POINT('',#7262);
#2157=VERTEX_POINT('',#7265);
#2158=VERTEX_POINT('',#7269);
#2159=VERTEX_POINT('',#7272);
#2160=VERTEX_POINT('',#7276);
#2161=VERTEX_POINT('',#7279);
#2162=VERTEX_POINT('',#7283);
#2163=EDGE_CURVE('',#1752,#1753,#1568,.T.);
#2164=EDGE_CURVE('',#1753,#1754,#696,.T.);
#2165=EDGE_CURVE('',#1754,#1755,#1569,.T.);
#2166=EDGE_CURVE('',#1755,#1752,#697,.T.);
#2167=EDGE_CURVE('',#1756,#1753,#698,.T.);
#2168=EDGE_CURVE('',#1756,#1757,#699,.T.);
#2169=EDGE_CURVE('',#1758,#1757,#700,.T.);
#2170=EDGE_CURVE('',#1758,#1759,#701,.T.);
#2171=EDGE_CURVE('',#1760,#1759,#702,.T.);
#2172=EDGE_CURVE('',#1761,#1760,#703,.T.);
#2173=EDGE_CURVE('',#1754,#1761,#704,.T.);
#2174=EDGE_CURVE('',#1762,#1763,#1570,.T.);
#2175=EDGE_CURVE('',#1763,#1764,#705,.T.);
#2176=EDGE_CURVE('',#1764,#1765,#1571,.T.);
#2177=EDGE_CURVE('',#1765,#1762,#706,.T.);
#2178=EDGE_CURVE('',#1766,#1762,#707,.T.);
#2179=EDGE_CURVE('',#1766,#1767,#708,.T.);
#2180=EDGE_CURVE('',#1768,#1767,#1572,.F.);
#2181=EDGE_CURVE('',#1768,#1769,#709,.T.);
#2182=EDGE_CURVE('',#1770,#1769,#1573,.F.);
#2183=EDGE_CURVE('',#1770,#1771,#710,.T.);
#2184=EDGE_CURVE('',#1771,#1772,#1574,.F.);
#2185=EDGE_CURVE('',#1773,#1772,#711,.T.);
#2186=EDGE_CURVE('',#1774,#1773,#1575,.T.);
#2187=EDGE_CURVE('',#1774,#1775,#1576,.T.);
#2188=EDGE_CURVE('',#1775,#1755,#712,.T.);
#2189=EDGE_CURVE('',#1761,#1776,#1577,.T.);
#2190=EDGE_CURVE('',#1776,#1763,#713,.T.);
#2191=EDGE_CURVE('',#1777,#1765,#714,.T.);
#2192=EDGE_CURVE('',#1777,#1778,#715,.T.);
#2193=EDGE_CURVE('',#1778,#1779,#716,.T.);
#2194=EDGE_CURVE('',#1766,#1779,#717,.T.);
#2195=EDGE_CURVE('',#1780,#1776,#718,.T.);
#2196=EDGE_CURVE('',#1780,#1764,#719,.T.);
#2197=EDGE_CURVE('',#1773,#1781,#720,.T.);
#2198=EDGE_CURVE('',#1781,#1782,#1578,.T.);
#2199=EDGE_CURVE('',#1782,#1774,#721,.T.);
#2200=EDGE_CURVE('',#1783,#1782,#1579,.T.);
#2201=EDGE_CURVE('',#1783,#1775,#722,.T.);
#2202=EDGE_CURVE('',#1760,#1780,#1580,.T.);
#2203=EDGE_CURVE('',#1759,#1784,#1581,.T.);
#2204=EDGE_CURVE('',#1785,#1784,#723,.T.);
#2205=EDGE_CURVE('',#1786,#1785,#1582,.T.);
#2206=EDGE_CURVE('',#1787,#1786,#1583,.T.);
#2207=EDGE_CURVE('',#1787,#1756,#724,.T.);
#2208=EDGE_CURVE('',#1752,#1783,#725,.T.);
#2209=EDGE_CURVE('',#1788,#1781,#726,.T.);
#2210=EDGE_CURVE('',#1788,#1789,#1584,.T.);
#2211=EDGE_CURVE('',#1790,#1789,#727,.T.);
#2212=EDGE_CURVE('',#1790,#1791,#1585,.T.);
#2213=EDGE_CURVE('',#1791,#1792,#728,.T.);
#2214=EDGE_CURVE('',#1792,#1793,#1586,.T.);
#2215=EDGE_CURVE('',#1793,#1794,#729,.T.);
#2216=EDGE_CURVE('',#1794,#1795,#1587,.T.);
#2217=EDGE_CURVE('',#1796,#1795,#730,.T.);
#2218=EDGE_CURVE('',#1796,#1797,#1588,.T.);
#2219=EDGE_CURVE('',#1798,#1797,#731,.T.);
#2220=EDGE_CURVE('',#1798,#1799,#1589,.T.);
#2221=EDGE_CURVE('',#1800,#1799,#732,.T.);
#2222=EDGE_CURVE('',#1800,#1801,#1590,.T.);
#2223=EDGE_CURVE('',#1802,#1801,#733,.T.);
#2224=EDGE_CURVE('',#1802,#1803,#1591,.T.);
#2225=EDGE_CURVE('',#1804,#1803,#734,.T.);
#2226=EDGE_CURVE('',#1804,#1805,#1592,.T.);
#2227=EDGE_CURVE('',#1806,#1805,#735,.T.);
#2228=EDGE_CURVE('',#1806,#1807,#1593,.T.);
#2229=EDGE_CURVE('',#1808,#1807,#736,.T.);
#2230=EDGE_CURVE('',#1808,#1809,#1594,.T.);
#2231=EDGE_CURVE('',#1810,#1809,#737,.T.);
#2232=EDGE_CURVE('',#1810,#1811,#1595,.T.);
#2233=EDGE_CURVE('',#1812,#1811,#738,.T.);
#2234=EDGE_CURVE('',#1812,#1813,#1596,.T.);
#2235=EDGE_CURVE('',#1814,#1813,#739,.T.);
#2236=EDGE_CURVE('',#1814,#1815,#1597,.T.);
#2237=EDGE_CURVE('',#1815,#1816,#1598,.T.);
#2238=EDGE_CURVE('',#1817,#1816,#740,.T.);
#2239=EDGE_CURVE('',#1817,#1818,#1599,.T.);
#2240=EDGE_CURVE('',#1818,#1819,#1600,.T.);
#2241=EDGE_CURVE('',#1820,#1819,#741,.T.);
#2242=EDGE_CURVE('',#1820,#1821,#1601,.T.);
#2243=EDGE_CURVE('',#1821,#1822,#742,.T.);
#2244=EDGE_CURVE('',#1823,#1822,#743,.T.);
#2245=EDGE_CURVE('',#1823,#1824,#1602,.T.);
#2246=EDGE_CURVE('',#1825,#1824,#1603,.T.);
#2247=EDGE_CURVE('',#1825,#1826,#744,.T.);
#2248=EDGE_CURVE('',#1826,#1827,#1604,.T.);
#2249=EDGE_CURVE('',#1827,#1828,#745,.T.);
#2250=EDGE_CURVE('',#1828,#1829,#1605,.T.);
#2251=EDGE_CURVE('',#1829,#1830,#746,.T.);
#2252=EDGE_CURVE('',#1830,#1831,#1606,.T.);
#2253=EDGE_CURVE('',#1831,#1832,#1607,.T.);
#2254=EDGE_CURVE('',#1833,#1832,#747,.T.);
#2255=EDGE_CURVE('',#1833,#1834,#1608,.T.);
#2256=EDGE_CURVE('',#1835,#1834,#748,.T.);
#2257=EDGE_CURVE('',#1835,#1836,#1609,.T.);
#2258=EDGE_CURVE('',#1837,#1836,#749,.T.);
#2259=EDGE_CURVE('',#1837,#1838,#1610,.T.);
#2260=EDGE_CURVE('',#1839,#1838,#750,.T.);
#2261=EDGE_CURVE('',#1839,#1840,#1611,.T.);
#2262=EDGE_CURVE('',#1841,#1840,#751,.T.);
#2263=EDGE_CURVE('',#1841,#1842,#1612,.T.);
#2264=EDGE_CURVE('',#1843,#1842,#752,.T.);
#2265=EDGE_CURVE('',#1843,#1844,#1613,.T.);
#2266=EDGE_CURVE('',#1845,#1844,#753,.T.);
#2267=EDGE_CURVE('',#1845,#1846,#1614,.T.);
#2268=EDGE_CURVE('',#1847,#1846,#754,.T.);
#2269=EDGE_CURVE('',#1847,#1848,#1615,.T.);
#2270=EDGE_CURVE('',#1849,#1848,#755,.T.);
#2271=EDGE_CURVE('',#1849,#1777,#1616,.T.);
#2272=EDGE_CURVE('',#1850,#1850,#1617,.T.);
#2273=EDGE_CURVE('',#1851,#1851,#1618,.T.);
#2274=EDGE_CURVE('',#1852,#1852,#1619,.T.);
#2275=EDGE_CURVE('',#1853,#1853,#1620,.T.);
#2276=EDGE_CURVE('',#1854,#1854,#1621,.T.);
#2277=EDGE_CURVE('',#1855,#1855,#1622,.T.);
#2278=EDGE_CURVE('',#1856,#1856,#1623,.T.);
#2279=EDGE_CURVE('',#1857,#1858,#756,.T.);
#2280=EDGE_CURVE('',#1859,#1857,#757,.T.);
#2281=EDGE_CURVE('',#1860,#1859,#758,.T.);
#2282=EDGE_CURVE('',#1861,#1860,#759,.T.);
#2283=EDGE_CURVE('',#1862,#1861,#760,.T.);
#2284=EDGE_CURVE('',#1858,#1862,#761,.T.);
#2285=EDGE_CURVE('',#1863,#1864,#762,.T.);
#2286=EDGE_CURVE('',#1865,#1863,#763,.T.);
#2287=EDGE_CURVE('',#1866,#1865,#764,.T.);
#2288=EDGE_CURVE('',#1867,#1866,#765,.T.);
#2289=EDGE_CURVE('',#1868,#1867,#766,.T.);
#2290=EDGE_CURVE('',#1864,#1868,#767,.T.);
#2291=EDGE_CURVE('',#1869,#1870,#768,.T.);
#2292=EDGE_CURVE('',#1871,#1869,#769,.T.);
#2293=EDGE_CURVE('',#1872,#1871,#770,.T.);
#2294=EDGE_CURVE('',#1873,#1872,#771,.T.);
#2295=EDGE_CURVE('',#1874,#1873,#772,.T.);
#2296=EDGE_CURVE('',#1870,#1874,#773,.T.);
#2297=EDGE_CURVE('',#1875,#1876,#774,.T.);
#2298=EDGE_CURVE('',#1877,#1875,#775,.T.);
#2299=EDGE_CURVE('',#1878,#1877,#776,.T.);
#2300=EDGE_CURVE('',#1879,#1878,#777,.T.);
#2301=EDGE_CURVE('',#1880,#1879,#778,.T.);
#2302=EDGE_CURVE('',#1876,#1880,#779,.T.);
#2303=EDGE_CURVE('',#1881,#1882,#1624,.T.);
#2304=EDGE_CURVE('',#1882,#1883,#1625,.T.);
#2305=EDGE_CURVE('',#1883,#1884,#1626,.T.);
#2306=EDGE_CURVE('',#1884,#1881,#1627,.T.);
#2307=EDGE_CURVE('',#1885,#1886,#1628,.T.);
#2308=EDGE_CURVE('',#1886,#1884,#780,.T.);
#2309=EDGE_CURVE('',#1883,#1885,#781,.T.);
#2310=EDGE_CURVE('',#1887,#1888,#1629,.T.);
#2311=EDGE_CURVE('',#1888,#1886,#1630,.T.);
#2312=EDGE_CURVE('',#1885,#1887,#1631,.T.);
#2313=EDGE_CURVE('',#1889,#1890,#1632,.T.);
#2314=EDGE_CURVE('',#1890,#1888,#782,.T.);
#2315=EDGE_CURVE('',#1887,#1889,#783,.T.);
#2316=EDGE_CURVE('',#1891,#1892,#1633,.T.);
#2317=EDGE_CURVE('',#1892,#1890,#1634,.T.);
#2318=EDGE_CURVE('',#1889,#1891,#1635,.T.);
#2319=EDGE_CURVE('',#1893,#1894,#1636,.T.);
#2320=EDGE_CURVE('',#1894,#1892,#1637,.T.);
#2321=EDGE_CURVE('',#1891,#1893,#1638,.T.);
#2322=EDGE_CURVE('',#1893,#1882,#784,.T.);
#2323=EDGE_CURVE('',#1881,#1894,#785,.T.);
#2324=EDGE_CURVE('',#1786,#1892,#786,.T.);
#2325=EDGE_CURVE('',#1785,#1890,#787,.T.);
#2326=EDGE_CURVE('',#1787,#1894,#788,.T.);
#2327=EDGE_CURVE('',#1895,#1881,#789,.T.);
#2328=EDGE_CURVE('',#1896,#1895,#790,.T.);
#2329=EDGE_CURVE('',#1757,#1896,#1639,.T.);
#2330=EDGE_CURVE('',#1884,#1897,#791,.T.);
#2331=EDGE_CURVE('',#1897,#1895,#1640,.F.);
#2332=EDGE_CURVE('',#1896,#1898,#792,.T.);
#2333=EDGE_CURVE('',#1898,#1758,#15,.T.);
#2334=EDGE_CURVE('',#1897,#1899,#793,.T.);
#2335=EDGE_CURVE('',#1900,#1899,#1641,.F.);
#2336=EDGE_CURVE('',#1900,#1901,#794,.T.);
#2337=EDGE_CURVE('',#1901,#1898,#1642,.T.);
#2338=EDGE_CURVE('',#1888,#1900,#795,.T.);
#2339=EDGE_CURVE('',#1899,#1886,#796,.T.);
#2340=EDGE_CURVE('',#1784,#1901,#797,.T.);
#2341=EDGE_CURVE('',#1902,#1903,#1643,.T.);
#2342=EDGE_CURVE('',#1904,#1902,#798,.T.);
#2343=EDGE_CURVE('',#1905,#1904,#1644,.F.);
#2344=EDGE_CURVE('',#1903,#1905,#799,.T.);
#2345=EDGE_CURVE('',#1906,#1905,#800,.T.);
#2346=EDGE_CURVE('',#1906,#1907,#801,.T.);
#2347=EDGE_CURVE('',#1907,#1903,#802,.T.);
#2348=EDGE_CURVE('',#1907,#1908,#1645,.T.);
#2349=EDGE_CURVE('',#1908,#1909,#1646,.T.);
#2350=EDGE_CURVE('',#1910,#1909,#803,.T.);
#2351=EDGE_CURVE('',#1910,#1911,#1647,.T.);
#2352=EDGE_CURVE('',#1912,#1911,#804,.T.);
#2353=EDGE_CURVE('',#1912,#1913,#1648,.T.);
#2354=EDGE_CURVE('',#1914,#1913,#805,.T.);
#2355=EDGE_CURVE('',#1914,#1915,#1649,.T.);
#2356=EDGE_CURVE('',#1916,#1915,#806,.T.);
#2357=EDGE_CURVE('',#1916,#1917,#1650,.T.);
#2358=EDGE_CURVE('',#1918,#1917,#807,.T.);
#2359=EDGE_CURVE('',#1919,#1918,#1651,.T.);
#2360=EDGE_CURVE('',#1920,#1919,#808,.T.);
#2361=EDGE_CURVE('',#1920,#1921,#1652,.T.);
#2362=EDGE_CURVE('',#1922,#1921,#809,.T.);
#2363=EDGE_CURVE('',#1922,#1923,#1653,.T.);
#2364=EDGE_CURVE('',#1924,#1923,#810,.T.);
#2365=EDGE_CURVE('',#1924,#1925,#1654,.T.);
#2366=EDGE_CURVE('',#1926,#1925,#811,.T.);
#2367=EDGE_CURVE('',#1926,#1927,#1655,.T.);
#2368=EDGE_CURVE('',#1928,#1927,#812,.T.);
#2369=EDGE_CURVE('',#1928,#1929,#1656,.T.);
#2370=EDGE_CURVE('',#1930,#1929,#813,.T.);
#2371=EDGE_CURVE('',#1931,#1930,#814,.T.);
#2372=EDGE_CURVE('',#1931,#1932,#1657,.T.);
#2373=EDGE_CURVE('',#1933,#1932,#815,.T.);
#2374=EDGE_CURVE('',#1933,#1934,#1658,.T.);
#2375=EDGE_CURVE('',#1935,#1934,#816,.T.);
#2376=EDGE_CURVE('',#1936,#1935,#817,.T.);
#2377=EDGE_CURVE('',#1937,#1936,#818,.T.);
#2378=EDGE_CURVE('',#1937,#1938,#1659,.T.);
#2379=EDGE_CURVE('',#1939,#1938,#819,.T.);
#2380=EDGE_CURVE('',#1939,#1940,#1660,.T.);
#2381=EDGE_CURVE('',#1941,#1940,#820,.T.);
#2382=EDGE_CURVE('',#1942,#1941,#821,.T.);
#2383=EDGE_CURVE('',#1942,#1943,#1661,.T.);
#2384=EDGE_CURVE('',#1944,#1943,#822,.T.);
#2385=EDGE_CURVE('',#1944,#1945,#1662,.T.);
#2386=EDGE_CURVE('',#1946,#1945,#823,.T.);
#2387=EDGE_CURVE('',#1946,#1947,#1663,.T.);
#2388=EDGE_CURVE('',#1779,#1947,#824,.T.);
#2389=EDGE_CURVE('',#1778,#1948,#1664,.T.);
#2390=EDGE_CURVE('',#1949,#1948,#825,.T.);
#2391=EDGE_CURVE('',#1949,#1950,#1665,.T.);
#2392=EDGE_CURVE('',#1951,#1950,#826,.T.);
#2393=EDGE_CURVE('',#1951,#1952,#1666,.T.);
#2394=EDGE_CURVE('',#1953,#1952,#827,.T.);
#2395=EDGE_CURVE('',#1953,#1954,#1667,.T.);
#2396=EDGE_CURVE('',#1955,#1954,#828,.T.);
#2397=EDGE_CURVE('',#1955,#1956,#1668,.T.);
#2398=EDGE_CURVE('',#1957,#1956,#829,.T.);
#2399=EDGE_CURVE('',#1957,#1958,#1669,.T.);
#2400=EDGE_CURVE('',#1959,#1958,#830,.T.);
#2401=EDGE_CURVE('',#1959,#1960,#1670,.T.);
#2402=EDGE_CURVE('',#1961,#1960,#831,.T.);
#2403=EDGE_CURVE('',#1961,#1962,#1671,.T.);
#2404=EDGE_CURVE('',#1963,#1962,#832,.T.);
#2405=EDGE_CURVE('',#1963,#1964,#1672,.T.);
#2406=EDGE_CURVE('',#1965,#1964,#833,.T.);
#2407=EDGE_CURVE('',#1965,#1966,#1673,.T.);
#2408=EDGE_CURVE('',#1967,#1966,#834,.T.);
#2409=EDGE_CURVE('',#1967,#1968,#1674,.T.);
#2410=EDGE_CURVE('',#1969,#1968,#835,.T.);
#2411=EDGE_CURVE('',#1969,#1970,#1675,.T.);
#2412=EDGE_CURVE('',#1971,#1970,#836,.T.);
#2413=EDGE_CURVE('',#1971,#1972,#1676,.T.);
#2414=EDGE_CURVE('',#1902,#1972,#837,.T.);
#2415=EDGE_CURVE('',#1973,#1973,#1677,.T.);
#2416=EDGE_CURVE('',#1974,#1974,#1678,.T.);
#2417=EDGE_CURVE('',#1975,#1975,#1679,.T.);
#2418=EDGE_CURVE('',#1976,#1976,#1680,.T.);
#2419=EDGE_CURVE('',#1977,#1977,#1681,.T.);
#2420=EDGE_CURVE('',#1978,#1978,#1682,.T.);
#2421=EDGE_CURVE('',#1979,#1979,#1683,.T.);
#2422=EDGE_CURVE('',#1980,#1967,#838,.T.);
#2423=EDGE_CURVE('',#1981,#1980,#1684,.F.);
#2424=EDGE_CURVE('',#1968,#1981,#839,.T.);
#2425=EDGE_CURVE('',#1982,#1981,#840,.T.);
#2426=EDGE_CURVE('',#1982,#1969,#841,.T.);
#2427=EDGE_CURVE('',#1982,#1983,#1685,.T.);
#2428=EDGE_CURVE('',#1970,#1983,#842,.T.);
#2429=EDGE_CURVE('',#1980,#1984,#843,.T.);
#2430=EDGE_CURVE('',#1985,#1984,#1686,.T.);
#2431=EDGE_CURVE('',#1985,#1986,#844,.T.);
#2432=EDGE_CURVE('',#1986,#1987,#1687,.F.);
#2433=EDGE_CURVE('',#1988,#1987,#845,.T.);
#2434=EDGE_CURVE('',#1988,#1989,#1688,.T.);
#2435=EDGE_CURVE('',#1990,#1989,#846,.T.);
#2436=EDGE_CURVE('',#1990,#1991,#1689,.T.);
#2437=EDGE_CURVE('',#1991,#1992,#1690,.T.);
#2438=EDGE_CURVE('',#1993,#1992,#847,.T.);
#2439=EDGE_CURVE('',#1993,#1994,#1691,.T.);
#2440=EDGE_CURVE('',#1995,#1994,#848,.T.);
#2441=EDGE_CURVE('',#1995,#1996,#1692,.T.);
#2442=EDGE_CURVE('',#1997,#1996,#849,.T.);
#2443=EDGE_CURVE('',#1998,#1997,#1693,.T.);
#2444=EDGE_CURVE('',#1998,#1999,#1694,.T.);
#2445=EDGE_CURVE('',#2000,#1999,#850,.T.);
#2446=EDGE_CURVE('',#2001,#2000,#851,.T.);
#2447=EDGE_CURVE('',#2001,#2002,#1695,.F.);
#2448=EDGE_CURVE('',#1906,#2002,#1696,.T.);
#2449=EDGE_CURVE('',#1904,#2003,#852,.T.);
#2450=EDGE_CURVE('',#2004,#2003,#1697,.T.);
#2451=EDGE_CURVE('',#2004,#1983,#853,.T.);
#2452=EDGE_CURVE('',#2005,#2005,#1698,.T.);
#2453=EDGE_CURVE('',#2006,#2006,#1699,.T.);
#2454=EDGE_CURVE('',#2007,#2007,#1700,.T.);
#2455=EDGE_CURVE('',#2004,#1971,#854,.T.);
#2456=EDGE_CURVE('',#1972,#2003,#855,.T.);
#2457=EDGE_CURVE('',#2008,#2009,#1701,.T.);
#2458=EDGE_CURVE('',#1821,#2008,#856,.T.);
#2459=EDGE_CURVE('',#2009,#1820,#857,.T.);
#2460=EDGE_CURVE('',#1819,#2010,#858,.T.);
#2461=EDGE_CURVE('',#2010,#2009,#859,.T.);
#2462=EDGE_CURVE('',#2010,#2011,#1702,.T.);
#2463=EDGE_CURVE('',#2011,#2012,#1703,.T.);
#2464=EDGE_CURVE('',#2013,#2012,#860,.T.);
#2465=EDGE_CURVE('',#2013,#2014,#1704,.T.);
#2466=EDGE_CURVE('',#2014,#2015,#1705,.T.);
#2467=EDGE_CURVE('',#2016,#2015,#861,.T.);
#2468=EDGE_CURVE('',#2017,#2016,#1706,.F.);
#2469=EDGE_CURVE('',#2017,#2018,#862,.T.);
#2470=EDGE_CURVE('',#2019,#2018,#1707,.T.);
#2471=EDGE_CURVE('',#2019,#2020,#863,.T.);
#2472=EDGE_CURVE('',#2020,#2021,#1708,.F.);
#2473=EDGE_CURVE('',#2008,#2021,#864,.T.);
#2474=EDGE_CURVE('',#1827,#1995,#865,.T.);
#2475=EDGE_CURVE('',#1996,#1826,#866,.T.);
#2476=EDGE_CURVE('',#1994,#1828,#867,.T.);
#2477=EDGE_CURVE('',#1824,#1998,#868,.T.);
#2478=EDGE_CURVE('',#1999,#1823,#869,.T.);
#2479=EDGE_CURVE('',#1825,#1997,#870,.T.);
#2480=EDGE_CURVE('',#2021,#1910,#871,.T.);
#2481=EDGE_CURVE('',#1911,#2020,#872,.T.);
#2482=EDGE_CURVE('',#2019,#1912,#873,.T.);
#2483=EDGE_CURVE('',#1908,#2002,#874,.T.);
#2484=EDGE_CURVE('',#1909,#2001,#875,.T.);
#2485=EDGE_CURVE('',#1966,#1984,#876,.T.);
#2486=EDGE_CURVE('',#1985,#1965,#877,.T.);
#2487=EDGE_CURVE('',#1964,#1986,#878,.T.);
#2488=EDGE_CURVE('',#2022,#2023,#1709,.F.);
#2489=EDGE_CURVE('',#1932,#2023,#879,.T.);
#2490=EDGE_CURVE('',#2022,#1931,#880,.T.);
#2491=EDGE_CURVE('',#2022,#2024,#881,.T.);
#2492=EDGE_CURVE('',#2025,#2024,#882,.T.);
#2493=EDGE_CURVE('',#2025,#2026,#1710,.F.);
#2494=EDGE_CURVE('',#2027,#2026,#883,.T.);
#2495=EDGE_CURVE('',#2027,#2028,#1711,.F.);
#2496=EDGE_CURVE('',#2029,#2028,#884,.T.);
#2497=EDGE_CURVE('',#2029,#2030,#885,.T.);
#2498=EDGE_CURVE('',#2031,#2030,#1712,.F.);
#2499=EDGE_CURVE('',#2031,#2023,#886,.T.);
#2500=EDGE_CURVE('',#2031,#1933,#887,.T.);
#2501=EDGE_CURVE('',#1934,#2030,#888,.T.);
#2502=EDGE_CURVE('',#2032,#2033,#1713,.T.);
#2503=EDGE_CURVE('',#1938,#2033,#889,.T.);
#2504=EDGE_CURVE('',#2032,#1937,#890,.T.);
#2505=EDGE_CURVE('',#2032,#2034,#891,.T.);
#2506=EDGE_CURVE('',#2035,#2034,#892,.T.);
#2507=EDGE_CURVE('',#2035,#2036,#1714,.T.);
#2508=EDGE_CURVE('',#2037,#2036,#893,.T.);
#2509=EDGE_CURVE('',#2037,#2038,#1715,.T.);
#2510=EDGE_CURVE('',#2039,#2038,#894,.T.);
#2511=EDGE_CURVE('',#2039,#2040,#895,.T.);
#2512=EDGE_CURVE('',#2041,#2040,#1716,.T.);
#2513=EDGE_CURVE('',#2041,#2033,#896,.T.);
#2514=EDGE_CURVE('',#2041,#1939,#897,.T.);
#2515=EDGE_CURVE('',#1940,#2040,#898,.T.);
#2516=EDGE_CURVE('',#1945,#1769,#899,.T.);
#2517=EDGE_CURVE('',#1770,#1944,#900,.T.);
#2518=EDGE_CURVE('',#1768,#1946,#901,.T.);
#2519=EDGE_CURVE('',#1947,#1767,#902,.T.);
#2520=EDGE_CURVE('',#1989,#1833,#903,.T.);
#2521=EDGE_CURVE('',#1834,#1988,#904,.T.);
#2522=EDGE_CURVE('',#1987,#1963,#905,.T.);
#2523=EDGE_CURVE('',#1962,#1835,#906,.T.);
#2524=EDGE_CURVE('',#1829,#1993,#907,.T.);
#2525=EDGE_CURVE('',#1992,#1830,#908,.T.);
#2526=EDGE_CURVE('',#1832,#1990,#909,.T.);
#2527=EDGE_CURVE('',#1831,#1991,#910,.T.);
#2528=EDGE_CURVE('',#2042,#1920,#911,.T.);
#2529=EDGE_CURVE('',#2043,#2042,#1717,.T.);
#2530=EDGE_CURVE('',#1921,#2043,#912,.T.);
#2531=EDGE_CURVE('',#2042,#2044,#913,.T.);
#2532=EDGE_CURVE('',#2045,#2044,#1718,.T.);
#2533=EDGE_CURVE('',#2045,#2046,#914,.T.);
#2534=EDGE_CURVE('',#2046,#2047,#915,.T.);
#2535=EDGE_CURVE('',#2047,#2048,#916,.T.);
#2536=EDGE_CURVE('',#2048,#2049,#1719,.F.);
#2537=EDGE_CURVE('',#2049,#2043,#917,.T.);
#2538=EDGE_CURVE('',#2049,#1806,#918,.T.);
#2539=EDGE_CURVE('',#1805,#1922,#919,.T.);
#2540=EDGE_CURVE('',#1807,#2048,#920,.T.);
#2541=EDGE_CURVE('',#2050,#2047,#921,.T.);
#2542=EDGE_CURVE('',#2050,#2051,#922,.T.);
#2543=EDGE_CURVE('',#2051,#2046,#923,.T.);
#2544=EDGE_CURVE('',#2045,#1808,#924,.T.);
#2545=EDGE_CURVE('',#2014,#1815,#925,.T.);
#2546=EDGE_CURVE('',#2015,#1814,#926,.T.);
#2547=EDGE_CURVE('',#1818,#2011,#927,.T.);
#2548=EDGE_CURVE('',#1816,#2013,#928,.T.);
#2549=EDGE_CURVE('',#2012,#1817,#929,.T.);
#2550=EDGE_CURVE('',#2052,#2044,#930,.T.);
#2551=EDGE_CURVE('',#2052,#2053,#1720,.F.);
#2552=EDGE_CURVE('',#1809,#2053,#931,.T.);
#2553=EDGE_CURVE('',#2053,#2054,#932,.T.);
#2554=EDGE_CURVE('',#2054,#1810,#933,.T.);
#2555=EDGE_CURVE('',#2055,#2056,#1721,.T.);
#2556=EDGE_CURVE('',#2017,#2056,#934,.T.);
#2557=EDGE_CURVE('',#1813,#2016,#935,.T.);
#2558=EDGE_CURVE('',#2055,#1812,#936,.T.);
#2559=EDGE_CURVE('',#2057,#2054,#1722,.T.);
#2560=EDGE_CURVE('',#2057,#2058,#937,.F.);
#2561=EDGE_CURVE('',#2058,#2059,#1723,.T.);
#2562=EDGE_CURVE('',#1811,#2059,#938,.T.);
#2563=EDGE_CURVE('',#2055,#2059,#939,.T.);
#2564=EDGE_CURVE('',#2058,#2056,#940,.T.);
#2565=EDGE_CURVE('',#1913,#2018,#941,.T.);
#2566=EDGE_CURVE('',#2060,#2057,#942,.T.);
#2567=EDGE_CURVE('',#2060,#1914,#943,.T.);
#2568=EDGE_CURVE('',#2061,#2062,#1724,.T.);
#2569=EDGE_CURVE('',#1917,#2062,#944,.T.);
#2570=EDGE_CURVE('',#2061,#1916,#945,.T.);
#2571=EDGE_CURVE('',#2061,#2063,#946,.T.);
#2572=EDGE_CURVE('',#2060,#2063,#1725,.T.);
#2573=EDGE_CURVE('',#2052,#2062,#947,.T.);
#2574=EDGE_CURVE('',#1919,#2064,#948,.T.);
#2575=EDGE_CURVE('',#2064,#2065,#949,.T.);
#2576=EDGE_CURVE('',#1918,#2065,#950,.T.);
#2577=EDGE_CURVE('',#1915,#2063,#951,.T.);
#2578=EDGE_CURVE('',#1790,#2038,#952,.T.);
#2579=EDGE_CURVE('',#1791,#2037,#953,.T.);
#2580=EDGE_CURVE('',#2036,#1792,#954,.T.);
#2581=EDGE_CURVE('',#1793,#2035,#955,.T.);
#2582=EDGE_CURVE('',#1794,#2028,#956,.T.);
#2583=EDGE_CURVE('',#1795,#2027,#957,.T.);
#2584=EDGE_CURVE('',#2026,#1796,#958,.T.);
#2585=EDGE_CURVE('',#1797,#2025,#959,.T.);
#2586=EDGE_CURVE('',#1943,#1771,#960,.T.);
#2587=EDGE_CURVE('',#1789,#1942,#961,.T.);
#2588=EDGE_CURVE('',#1772,#1788,#962,.T.);
#2589=EDGE_CURVE('',#1799,#1928,#963,.T.);
#2590=EDGE_CURVE('',#1929,#1798,#964,.T.);
#2591=EDGE_CURVE('',#1927,#1800,#965,.T.);
#2592=EDGE_CURVE('',#1801,#1926,#966,.T.);
#2593=EDGE_CURVE('',#1925,#1802,#967,.T.);
#2594=EDGE_CURVE('',#1923,#1804,#968,.T.);
#2595=EDGE_CURVE('',#1836,#1961,#969,.T.);
#2596=EDGE_CURVE('',#1960,#1837,#970,.T.);
#2597=EDGE_CURVE('',#1840,#1957,#971,.T.);
#2598=EDGE_CURVE('',#1958,#1839,#972,.T.);
#2599=EDGE_CURVE('',#1956,#1841,#973,.T.);
#2600=EDGE_CURVE('',#1842,#1955,#974,.T.);
#2601=EDGE_CURVE('',#1954,#1843,#975,.T.);
#2602=EDGE_CURVE('',#1846,#1951,#976,.T.);
#2603=EDGE_CURVE('',#1952,#1845,#977,.T.);
#2604=EDGE_CURVE('',#1950,#1847,#978,.T.);
#2605=EDGE_CURVE('',#1948,#1849,#979,.T.);
#2606=EDGE_CURVE('',#1848,#1949,#980,.T.);
#2607=EDGE_CURVE('',#1803,#1924,#981,.T.);
#2608=EDGE_CURVE('',#1838,#1959,#982,.T.);
#2609=EDGE_CURVE('',#1844,#1953,#983,.T.);
#2610=EDGE_CURVE('',#2046,#2066,#984,.T.);
#2611=EDGE_CURVE('',#2066,#2067,#985,.T.);
#2612=EDGE_CURVE('',#2047,#2067,#986,.T.);
#2613=EDGE_CURVE('',#2051,#2050,#1726,.T.);
#2614=EDGE_CURVE('',#2067,#2066,#1727,.T.);
#2615=EDGE_CURVE('',#2065,#2064,#1728,.T.);
#2616=EDGE_CURVE('',#2068,#2068,#1729,.T.);
#2617=EDGE_CURVE('',#2068,#2069,#987,.T.);
#2618=EDGE_CURVE('',#2069,#2069,#1730,.T.);
#2619=EDGE_CURVE('',#2070,#2070,#1731,.T.);
#2620=EDGE_CURVE('',#2070,#1976,#988,.T.);
#2621=EDGE_CURVE('',#2071,#2071,#1732,.T.);
#2622=EDGE_CURVE('',#2071,#2072,#989,.T.);
#2623=EDGE_CURVE('',#2072,#2072,#1733,.T.);
#2624=EDGE_CURVE('',#2073,#2073,#1734,.T.);
#2625=EDGE_CURVE('',#2073,#1979,#990,.T.);
#2626=EDGE_CURVE('',#2074,#2074,#1735,.T.);
#2627=EDGE_CURVE('',#2074,#2075,#991,.T.);
#2628=EDGE_CURVE('',#2075,#2075,#1736,.T.);
#2629=EDGE_CURVE('',#2076,#2076,#1737,.T.);
#2630=EDGE_CURVE('',#2076,#1978,#992,.T.);
#2631=EDGE_CURVE('',#2077,#2078,#993,.T.);
#2632=EDGE_CURVE('',#2078,#2079,#994,.T.);
#2633=EDGE_CURVE('',#2080,#2079,#995,.T.);
#2634=EDGE_CURVE('',#2077,#2080,#996,.T.);
#2635=EDGE_CURVE('',#2081,#2077,#997,.T.);
#2636=EDGE_CURVE('',#2082,#2080,#998,.T.);
#2637=EDGE_CURVE('',#2081,#2082,#999,.T.);
#2638=EDGE_CURVE('',#2083,#2081,#1000,.T.);
#2639=EDGE_CURVE('',#2084,#2082,#1001,.T.);
#2640=EDGE_CURVE('',#2083,#2084,#1002,.T.);
#2641=EDGE_CURVE('',#2085,#2083,#1003,.T.);
#2642=EDGE_CURVE('',#2086,#2084,#1004,.T.);
#2643=EDGE_CURVE('',#2085,#2086,#1005,.T.);
#2644=EDGE_CURVE('',#2087,#2085,#1006,.T.);
#2645=EDGE_CURVE('',#2088,#2086,#1007,.T.);
#2646=EDGE_CURVE('',#2087,#2088,#1008,.T.);
#2647=EDGE_CURVE('',#2078,#2087,#1009,.T.);
#2648=EDGE_CURVE('',#2079,#2088,#1010,.T.);
#2649=EDGE_CURVE('',#1876,#2089,#1011,.T.);
#2650=EDGE_CURVE('',#2090,#2089,#1012,.T.);
#2651=EDGE_CURVE('',#1875,#2090,#1013,.T.);
#2652=EDGE_CURVE('',#2091,#2090,#1014,.T.);
#2653=EDGE_CURVE('',#1877,#2091,#1015,.T.);
#2654=EDGE_CURVE('',#2092,#2091,#1016,.T.);
#2655=EDGE_CURVE('',#1878,#2092,#1017,.T.);
#2656=EDGE_CURVE('',#2093,#2092,#1018,.T.);
#2657=EDGE_CURVE('',#1879,#2093,#1019,.T.);
#2658=EDGE_CURVE('',#2094,#2093,#1020,.T.);
#2659=EDGE_CURVE('',#1880,#2094,#1021,.T.);
#2660=EDGE_CURVE('',#2089,#2094,#1022,.T.);
#2661=EDGE_CURVE('',#2095,#2096,#1023,.T.);
#2662=EDGE_CURVE('',#2096,#2097,#1024,.T.);
#2663=EDGE_CURVE('',#2098,#2097,#1025,.T.);
#2664=EDGE_CURVE('',#2095,#2098,#1026,.T.);
#2665=EDGE_CURVE('',#2099,#2095,#1027,.T.);
#2666=EDGE_CURVE('',#2100,#2098,#1028,.T.);
#2667=EDGE_CURVE('',#2099,#2100,#1029,.T.);
#2668=EDGE_CURVE('',#2101,#2099,#1030,.T.);
#2669=EDGE_CURVE('',#2102,#2100,#1031,.T.);
#2670=EDGE_CURVE('',#2101,#2102,#1032,.T.);
#2671=EDGE_CURVE('',#2103,#2101,#1033,.T.);
#2672=EDGE_CURVE('',#2104,#2102,#1034,.T.);
#2673=EDGE_CURVE('',#2103,#2104,#1035,.T.);
#2674=EDGE_CURVE('',#2105,#2103,#1036,.T.);
#2675=EDGE_CURVE('',#2106,#2104,#1037,.T.);
#2676=EDGE_CURVE('',#2105,#2106,#1038,.T.);
#2677=EDGE_CURVE('',#2096,#2105,#1039,.T.);
#2678=EDGE_CURVE('',#2097,#2106,#1040,.T.);
#2679=EDGE_CURVE('',#1870,#2107,#1041,.T.);
#2680=EDGE_CURVE('',#2108,#2107,#1042,.T.);
#2681=EDGE_CURVE('',#1869,#2108,#1043,.T.);
#2682=EDGE_CURVE('',#2109,#2108,#1044,.T.);
#2683=EDGE_CURVE('',#1871,#2109,#1045,.T.);
#2684=EDGE_CURVE('',#2110,#2109,#1046,.T.);
#2685=EDGE_CURVE('',#1872,#2110,#1047,.T.);
#2686=EDGE_CURVE('',#2111,#2110,#1048,.T.);
#2687=EDGE_CURVE('',#1873,#2111,#1049,.T.);
#2688=EDGE_CURVE('',#2112,#2111,#1050,.T.);
#2689=EDGE_CURVE('',#1874,#2112,#1051,.T.);
#2690=EDGE_CURVE('',#2107,#2112,#1052,.T.);
#2691=EDGE_CURVE('',#2113,#2114,#1053,.T.);
#2692=EDGE_CURVE('',#2114,#2115,#1054,.T.);
#2693=EDGE_CURVE('',#2116,#2115,#1055,.T.);
#2694=EDGE_CURVE('',#2113,#2116,#1056,.T.);
#2695=EDGE_CURVE('',#2117,#2113,#1057,.T.);
#2696=EDGE_CURVE('',#2118,#2116,#1058,.T.);
#2697=EDGE_CURVE('',#2117,#2118,#1059,.T.);
#2698=EDGE_CURVE('',#2119,#2117,#1060,.T.);
#2699=EDGE_CURVE('',#2120,#2118,#1061,.T.);
#2700=EDGE_CURVE('',#2119,#2120,#1062,.T.);
#2701=EDGE_CURVE('',#2121,#2119,#1063,.T.);
#2702=EDGE_CURVE('',#2122,#2120,#1064,.T.);
#2703=EDGE_CURVE('',#2121,#2122,#1065,.T.);
#2704=EDGE_CURVE('',#2123,#2121,#1066,.T.);
#2705=EDGE_CURVE('',#2124,#2122,#1067,.T.);
#2706=EDGE_CURVE('',#2123,#2124,#1068,.T.);
#2707=EDGE_CURVE('',#2114,#2123,#1069,.T.);
#2708=EDGE_CURVE('',#2115,#2124,#1070,.T.);
#2709=EDGE_CURVE('',#1864,#2125,#1071,.T.);
#2710=EDGE_CURVE('',#2126,#2125,#1072,.T.);
#2711=EDGE_CURVE('',#1863,#2126,#1073,.T.);
#2712=EDGE_CURVE('',#2127,#2126,#1074,.T.);
#2713=EDGE_CURVE('',#1865,#2127,#1075,.T.);
#2714=EDGE_CURVE('',#2128,#2127,#1076,.T.);
#2715=EDGE_CURVE('',#1866,#2128,#1077,.T.);
#2716=EDGE_CURVE('',#2129,#2128,#1078,.T.);
#2717=EDGE_CURVE('',#1867,#2129,#1079,.T.);
#2718=EDGE_CURVE('',#2130,#2129,#1080,.T.);
#2719=EDGE_CURVE('',#1868,#2130,#1081,.T.);
#2720=EDGE_CURVE('',#2125,#2130,#1082,.T.);
#2721=EDGE_CURVE('',#2131,#2132,#1083,.T.);
#2722=EDGE_CURVE('',#2132,#2133,#1084,.T.);
#2723=EDGE_CURVE('',#2134,#2133,#1085,.T.);
#2724=EDGE_CURVE('',#2131,#2134,#1086,.T.);
#2725=EDGE_CURVE('',#2135,#2131,#1087,.T.);
#2726=EDGE_CURVE('',#2136,#2134,#1088,.T.);
#2727=EDGE_CURVE('',#2135,#2136,#1089,.T.);
#2728=EDGE_CURVE('',#2137,#2135,#1090,.T.);
#2729=EDGE_CURVE('',#2138,#2136,#1091,.T.);
#2730=EDGE_CURVE('',#2137,#2138,#1092,.T.);
#2731=EDGE_CURVE('',#2139,#2137,#1093,.T.);
#2732=EDGE_CURVE('',#2140,#2138,#1094,.T.);
#2733=EDGE_CURVE('',#2139,#2140,#1095,.T.);
#2734=EDGE_CURVE('',#2141,#2139,#1096,.T.);
#2735=EDGE_CURVE('',#2142,#2140,#1097,.T.);
#2736=EDGE_CURVE('',#2141,#2142,#1098,.T.);
#2737=EDGE_CURVE('',#2132,#2141,#1099,.T.);
#2738=EDGE_CURVE('',#2133,#2142,#1100,.T.);
#2739=EDGE_CURVE('',#1858,#2143,#1101,.T.);
#2740=EDGE_CURVE('',#2144,#2143,#1102,.T.);
#2741=EDGE_CURVE('',#1857,#2144,#1103,.T.);
#2742=EDGE_CURVE('',#2145,#2144,#1104,.T.);
#2743=EDGE_CURVE('',#1859,#2145,#1105,.T.);
#2744=EDGE_CURVE('',#2146,#2145,#1106,.T.);
#2745=EDGE_CURVE('',#1860,#2146,#1107,.T.);
#2746=EDGE_CURVE('',#2147,#2146,#1108,.T.);
#2747=EDGE_CURVE('',#1861,#2147,#1109,.T.);
#2748=EDGE_CURVE('',#2148,#2147,#1110,.T.);
#2749=EDGE_CURVE('',#1862,#2148,#1111,.T.);
#2750=EDGE_CURVE('',#2143,#2148,#1112,.T.);
#2751=EDGE_CURVE('',#1856,#2149,#1113,.T.);
#2752=EDGE_CURVE('',#2149,#2149,#1738,.T.);
#2753=EDGE_CURVE('',#2150,#2150,#1739,.T.);
#2754=EDGE_CURVE('',#1855,#2151,#1114,.T.);
#2755=EDGE_CURVE('',#2151,#2151,#1740,.T.);
#2756=EDGE_CURVE('',#2152,#2152,#1741,.T.);
#2757=EDGE_CURVE('',#1854,#2153,#1115,.T.);
#2758=EDGE_CURVE('',#2153,#2153,#1742,.T.);
#2759=EDGE_CURVE('',#2154,#2154,#1743,.T.);
#2760=EDGE_CURVE('',#1853,#2155,#1116,.T.);
#2761=EDGE_CURVE('',#2155,#2155,#1744,.T.);
#2762=EDGE_CURVE('',#2156,#2156,#1745,.T.);
#2763=EDGE_CURVE('',#1852,#2157,#1117,.T.);
#2764=EDGE_CURVE('',#2157,#2157,#1746,.T.);
#2765=EDGE_CURVE('',#2158,#2158,#1747,.T.);
#2766=EDGE_CURVE('',#1851,#2159,#1118,.T.);
#2767=EDGE_CURVE('',#2159,#2159,#1748,.T.);
#2768=EDGE_CURVE('',#2160,#2160,#1749,.T.);
#2769=EDGE_CURVE('',#1850,#2161,#1119,.T.);
#2770=EDGE_CURVE('',#2161,#2161,#1750,.T.);
#2771=EDGE_CURVE('',#2162,#2162,#1751,.T.);
#2772=EDGE_CURVE('',#2039,#1941,#1120,.T.);
#2773=EDGE_CURVE('',#2034,#1936,#1121,.T.);
#2774=EDGE_CURVE('',#2005,#2154,#1122,.T.);
#2775=EDGE_CURVE('',#2006,#2152,#1123,.T.);
#2776=EDGE_CURVE('',#2007,#2150,#1124,.T.);
#2777=EDGE_CURVE('',#1822,#2000,#1125,.T.);
#2778=EDGE_CURVE('',#1973,#2156,#1126,.T.);
#2779=EDGE_CURVE('',#1974,#2158,#1127,.T.);
#2780=EDGE_CURVE('',#1975,#2162,#1128,.T.);
#2781=EDGE_CURVE('',#1977,#2160,#1129,.T.);
#2782=EDGE_CURVE('',#2024,#1930,#1130,.T.);
#2783=EDGE_CURVE('',#2029,#1935,#1131,.T.);
#2784=ORIENTED_EDGE('',*,*,#2163,.T.);
#2785=ORIENTED_EDGE('',*,*,#2164,.T.);
#2786=ORIENTED_EDGE('',*,*,#2165,.T.);
#2787=ORIENTED_EDGE('',*,*,#2166,.T.);
#2788=ORIENTED_EDGE('',*,*,#2164,.F.);
#2789=ORIENTED_EDGE('',*,*,#2167,.F.);
#2790=ORIENTED_EDGE('',*,*,#2168,.T.);
#2791=ORIENTED_EDGE('',*,*,#2169,.F.);
#2792=ORIENTED_EDGE('',*,*,#2170,.T.);
#2793=ORIENTED_EDGE('',*,*,#2171,.F.);
#2794=ORIENTED_EDGE('',*,*,#2172,.F.);
#2795=ORIENTED_EDGE('',*,*,#2173,.F.);
#2796=ORIENTED_EDGE('',*,*,#2174,.T.);
#2797=ORIENTED_EDGE('',*,*,#2175,.T.);
#2798=ORIENTED_EDGE('',*,*,#2176,.T.);
#2799=ORIENTED_EDGE('',*,*,#2177,.T.);
#2800=ORIENTED_EDGE('',*,*,#2174,.F.);
#2801=ORIENTED_EDGE('',*,*,#2178,.F.);
#2802=ORIENTED_EDGE('',*,*,#2179,.T.);
#2803=ORIENTED_EDGE('',*,*,#2180,.F.);
#2804=ORIENTED_EDGE('',*,*,#2181,.T.);
#2805=ORIENTED_EDGE('',*,*,#2182,.F.);
#2806=ORIENTED_EDGE('',*,*,#2183,.T.);
#2807=ORIENTED_EDGE('',*,*,#2184,.T.);
#2808=ORIENTED_EDGE('',*,*,#2185,.F.);
#2809=ORIENTED_EDGE('',*,*,#2186,.F.);
#2810=ORIENTED_EDGE('',*,*,#2187,.T.);
#2811=ORIENTED_EDGE('',*,*,#2188,.T.);
#2812=ORIENTED_EDGE('',*,*,#2165,.F.);
#2813=ORIENTED_EDGE('',*,*,#2173,.T.);
#2814=ORIENTED_EDGE('',*,*,#2189,.T.);
#2815=ORIENTED_EDGE('',*,*,#2190,.T.);
#2816=ORIENTED_EDGE('',*,*,#2177,.F.);
#2817=ORIENTED_EDGE('',*,*,#2191,.F.);
#2818=ORIENTED_EDGE('',*,*,#2192,.T.);
#2819=ORIENTED_EDGE('',*,*,#2193,.T.);
#2820=ORIENTED_EDGE('',*,*,#2194,.F.);
#2821=ORIENTED_EDGE('',*,*,#2178,.T.);
#2822=ORIENTED_EDGE('',*,*,#2175,.F.);
#2823=ORIENTED_EDGE('',*,*,#2190,.F.);
#2824=ORIENTED_EDGE('',*,*,#2195,.F.);
#2825=ORIENTED_EDGE('',*,*,#2196,.T.);
#2826=ORIENTED_EDGE('',*,*,#2186,.T.);
#2827=ORIENTED_EDGE('',*,*,#2197,.T.);
#2828=ORIENTED_EDGE('',*,*,#2198,.T.);
#2829=ORIENTED_EDGE('',*,*,#2199,.T.);
#2830=ORIENTED_EDGE('',*,*,#2199,.F.);
#2831=ORIENTED_EDGE('',*,*,#2200,.F.);
#2832=ORIENTED_EDGE('',*,*,#2201,.T.);
#2833=ORIENTED_EDGE('',*,*,#2187,.F.);
#2834=ORIENTED_EDGE('',*,*,#2176,.F.);
#2835=ORIENTED_EDGE('',*,*,#2196,.F.);
#2836=ORIENTED_EDGE('',*,*,#2202,.F.);
#2837=ORIENTED_EDGE('',*,*,#2171,.T.);
#2838=ORIENTED_EDGE('',*,*,#2203,.T.);
#2839=ORIENTED_EDGE('',*,*,#2204,.F.);
#2840=ORIENTED_EDGE('',*,*,#2205,.F.);
#2841=ORIENTED_EDGE('',*,*,#2206,.F.);
#2842=ORIENTED_EDGE('',*,*,#2207,.T.);
#2843=ORIENTED_EDGE('',*,*,#2167,.T.);
#2844=ORIENTED_EDGE('',*,*,#2163,.F.);
#2845=ORIENTED_EDGE('',*,*,#2208,.T.);
#2846=ORIENTED_EDGE('',*,*,#2200,.T.);
#2847=ORIENTED_EDGE('',*,*,#2198,.F.);
#2848=ORIENTED_EDGE('',*,*,#2209,.F.);
#2849=ORIENTED_EDGE('',*,*,#2210,.T.);
#2850=ORIENTED_EDGE('',*,*,#2211,.F.);
#2851=ORIENTED_EDGE('',*,*,#2212,.T.);
#2852=ORIENTED_EDGE('',*,*,#2213,.T.);
#2853=ORIENTED_EDGE('',*,*,#2214,.T.);
#2854=ORIENTED_EDGE('',*,*,#2215,.T.);
#2855=ORIENTED_EDGE('',*,*,#2216,.T.);
#2856=ORIENTED_EDGE('',*,*,#2217,.F.);
#2857=ORIENTED_EDGE('',*,*,#2218,.T.);
#2858=ORIENTED_EDGE('',*,*,#2219,.F.);
#2859=ORIENTED_EDGE('',*,*,#2220,.T.);
#2860=ORIENTED_EDGE('',*,*,#2221,.F.);
#2861=ORIENTED_EDGE('',*,*,#2222,.T.);
#2862=ORIENTED_EDGE('',*,*,#2223,.F.);
#2863=ORIENTED_EDGE('',*,*,#2224,.T.);
#2864=ORIENTED_EDGE('',*,*,#2225,.F.);
#2865=ORIENTED_EDGE('',*,*,#2226,.T.);
#2866=ORIENTED_EDGE('',*,*,#2227,.F.);
#2867=ORIENTED_EDGE('',*,*,#2228,.T.);
#2868=ORIENTED_EDGE('',*,*,#2229,.F.);
#2869=ORIENTED_EDGE('',*,*,#2230,.T.);
#2870=ORIENTED_EDGE('',*,*,#2231,.F.);
#2871=ORIENTED_EDGE('',*,*,#2232,.T.);
#2872=ORIENTED_EDGE('',*,*,#2233,.F.);
#2873=ORIENTED_EDGE('',*,*,#2234,.T.);
#2874=ORIENTED_EDGE('',*,*,#2235,.F.);
#2875=ORIENTED_EDGE('',*,*,#2236,.T.);
#2876=ORIENTED_EDGE('',*,*,#2237,.T.);
#2877=ORIENTED_EDGE('',*,*,#2238,.F.);
#2878=ORIENTED_EDGE('',*,*,#2239,.T.);
#2879=ORIENTED_EDGE('',*,*,#2240,.T.);
#2880=ORIENTED_EDGE('',*,*,#2241,.F.);
#2881=ORIENTED_EDGE('',*,*,#2242,.T.);
#2882=ORIENTED_EDGE('',*,*,#2243,.T.);
#2883=ORIENTED_EDGE('',*,*,#2244,.F.);
#2884=ORIENTED_EDGE('',*,*,#2245,.T.);
#2885=ORIENTED_EDGE('',*,*,#2246,.F.);
#2886=ORIENTED_EDGE('',*,*,#2247,.T.);
#2887=ORIENTED_EDGE('',*,*,#2248,.T.);
#2888=ORIENTED_EDGE('',*,*,#2249,.T.);
#2889=ORIENTED_EDGE('',*,*,#2250,.T.);
#2890=ORIENTED_EDGE('',*,*,#2251,.T.);
#2891=ORIENTED_EDGE('',*,*,#2252,.T.);
#2892=ORIENTED_EDGE('',*,*,#2253,.T.);
#2893=ORIENTED_EDGE('',*,*,#2254,.F.);
#2894=ORIENTED_EDGE('',*,*,#2255,.T.);
#2895=ORIENTED_EDGE('',*,*,#2256,.F.);
#2896=ORIENTED_EDGE('',*,*,#2257,.T.);
#2897=ORIENTED_EDGE('',*,*,#2258,.F.);
#2898=ORIENTED_EDGE('',*,*,#2259,.T.);
#2899=ORIENTED_EDGE('',*,*,#2260,.F.);
#2900=ORIENTED_EDGE('',*,*,#2261,.T.);
#2901=ORIENTED_EDGE('',*,*,#2262,.F.);
#2902=ORIENTED_EDGE('',*,*,#2263,.T.);
#2903=ORIENTED_EDGE('',*,*,#2264,.F.);
#2904=ORIENTED_EDGE('',*,*,#2265,.T.);
#2905=ORIENTED_EDGE('',*,*,#2266,.F.);
#2906=ORIENTED_EDGE('',*,*,#2267,.T.);
#2907=ORIENTED_EDGE('',*,*,#2268,.F.);
#2908=ORIENTED_EDGE('',*,*,#2269,.T.);
#2909=ORIENTED_EDGE('',*,*,#2270,.F.);
#2910=ORIENTED_EDGE('',*,*,#2271,.T.);
#2911=ORIENTED_EDGE('',*,*,#2191,.T.);
#2912=ORIENTED_EDGE('',*,*,#2272,.F.);
#2913=ORIENTED_EDGE('',*,*,#2273,.F.);
#2914=ORIENTED_EDGE('',*,*,#2274,.F.);
#2915=ORIENTED_EDGE('',*,*,#2275,.F.);
#2916=ORIENTED_EDGE('',*,*,#2276,.F.);
#2917=ORIENTED_EDGE('',*,*,#2277,.F.);
#2918=ORIENTED_EDGE('',*,*,#2278,.F.);
#2919=ORIENTED_EDGE('',*,*,#2279,.F.);
#2920=ORIENTED_EDGE('',*,*,#2280,.F.);
#2921=ORIENTED_EDGE('',*,*,#2281,.F.);
#2922=ORIENTED_EDGE('',*,*,#2282,.F.);
#2923=ORIENTED_EDGE('',*,*,#2283,.F.);
#2924=ORIENTED_EDGE('',*,*,#2284,.F.);
#2925=ORIENTED_EDGE('',*,*,#2285,.F.);
#2926=ORIENTED_EDGE('',*,*,#2286,.F.);
#2927=ORIENTED_EDGE('',*,*,#2287,.F.);
#2928=ORIENTED_EDGE('',*,*,#2288,.F.);
#2929=ORIENTED_EDGE('',*,*,#2289,.F.);
#2930=ORIENTED_EDGE('',*,*,#2290,.F.);
#2931=ORIENTED_EDGE('',*,*,#2291,.F.);
#2932=ORIENTED_EDGE('',*,*,#2292,.F.);
#2933=ORIENTED_EDGE('',*,*,#2293,.F.);
#2934=ORIENTED_EDGE('',*,*,#2294,.F.);
#2935=ORIENTED_EDGE('',*,*,#2295,.F.);
#2936=ORIENTED_EDGE('',*,*,#2296,.F.);
#2937=ORIENTED_EDGE('',*,*,#2297,.F.);
#2938=ORIENTED_EDGE('',*,*,#2298,.F.);
#2939=ORIENTED_EDGE('',*,*,#2299,.F.);
#2940=ORIENTED_EDGE('',*,*,#2300,.F.);
#2941=ORIENTED_EDGE('',*,*,#2301,.F.);
#2942=ORIENTED_EDGE('',*,*,#2302,.F.);
#2943=ORIENTED_EDGE('',*,*,#2303,.T.);
#2944=ORIENTED_EDGE('',*,*,#2304,.T.);
#2945=ORIENTED_EDGE('',*,*,#2305,.T.);
#2946=ORIENTED_EDGE('',*,*,#2306,.T.);
#2947=ORIENTED_EDGE('',*,*,#2307,.T.);
#2948=ORIENTED_EDGE('',*,*,#2308,.T.);
#2949=ORIENTED_EDGE('',*,*,#2305,.F.);
#2950=ORIENTED_EDGE('',*,*,#2309,.T.);
#2951=ORIENTED_EDGE('',*,*,#2310,.T.);
#2952=ORIENTED_EDGE('',*,*,#2311,.T.);
#2953=ORIENTED_EDGE('',*,*,#2307,.F.);
#2954=ORIENTED_EDGE('',*,*,#2312,.T.);
#2955=ORIENTED_EDGE('',*,*,#2313,.T.);
#2956=ORIENTED_EDGE('',*,*,#2314,.T.);
#2957=ORIENTED_EDGE('',*,*,#2310,.F.);
#2958=ORIENTED_EDGE('',*,*,#2315,.T.);
#2959=ORIENTED_EDGE('',*,*,#2316,.T.);
#2960=ORIENTED_EDGE('',*,*,#2317,.T.);
#2961=ORIENTED_EDGE('',*,*,#2313,.F.);
#2962=ORIENTED_EDGE('',*,*,#2318,.T.);
#2963=ORIENTED_EDGE('',*,*,#2319,.T.);
#2964=ORIENTED_EDGE('',*,*,#2320,.T.);
#2965=ORIENTED_EDGE('',*,*,#2316,.F.);
#2966=ORIENTED_EDGE('',*,*,#2321,.T.);
#2967=ORIENTED_EDGE('',*,*,#2319,.F.);
#2968=ORIENTED_EDGE('',*,*,#2322,.T.);
#2969=ORIENTED_EDGE('',*,*,#2303,.F.);
#2970=ORIENTED_EDGE('',*,*,#2323,.T.);
#2971=ORIENTED_EDGE('',*,*,#2317,.F.);
#2972=ORIENTED_EDGE('',*,*,#2324,.F.);
#2973=ORIENTED_EDGE('',*,*,#2205,.T.);
#2974=ORIENTED_EDGE('',*,*,#2325,.T.);
#2975=ORIENTED_EDGE('',*,*,#2320,.F.);
#2976=ORIENTED_EDGE('',*,*,#2326,.F.);
#2977=ORIENTED_EDGE('',*,*,#2206,.T.);
#2978=ORIENTED_EDGE('',*,*,#2324,.T.);
#2979=ORIENTED_EDGE('',*,*,#2323,.F.);
#2980=ORIENTED_EDGE('',*,*,#2327,.F.);
#2981=ORIENTED_EDGE('',*,*,#2328,.F.);
#2982=ORIENTED_EDGE('',*,*,#2329,.F.);
#2983=ORIENTED_EDGE('',*,*,#2168,.F.);
#2984=ORIENTED_EDGE('',*,*,#2207,.F.);
#2985=ORIENTED_EDGE('',*,*,#2326,.T.);
#2986=ORIENTED_EDGE('',*,*,#2306,.F.);
#2987=ORIENTED_EDGE('',*,*,#2330,.T.);
#2988=ORIENTED_EDGE('',*,*,#2331,.T.);
#2989=ORIENTED_EDGE('',*,*,#2327,.T.);
#2990=ORIENTED_EDGE('',*,*,#2304,.F.);
#2991=ORIENTED_EDGE('',*,*,#2322,.F.);
#2992=ORIENTED_EDGE('',*,*,#2321,.F.);
#2993=ORIENTED_EDGE('',*,*,#2318,.F.);
#2994=ORIENTED_EDGE('',*,*,#2315,.F.);
#2995=ORIENTED_EDGE('',*,*,#2312,.F.);
#2996=ORIENTED_EDGE('',*,*,#2309,.F.);
#2997=ORIENTED_EDGE('',*,*,#2329,.T.);
#2998=ORIENTED_EDGE('',*,*,#2332,.T.);
#2999=ORIENTED_EDGE('',*,*,#2333,.T.);
#3000=ORIENTED_EDGE('',*,*,#2169,.T.);
#3001=ORIENTED_EDGE('',*,*,#2332,.F.);
#3002=ORIENTED_EDGE('',*,*,#2328,.T.);
#3003=ORIENTED_EDGE('',*,*,#2331,.F.);
#3004=ORIENTED_EDGE('',*,*,#2334,.T.);
#3005=ORIENTED_EDGE('',*,*,#2335,.F.);
#3006=ORIENTED_EDGE('',*,*,#2336,.T.);
#3007=ORIENTED_EDGE('',*,*,#2337,.T.);
#3008=ORIENTED_EDGE('',*,*,#2311,.F.);
#3009=ORIENTED_EDGE('',*,*,#2338,.T.);
#3010=ORIENTED_EDGE('',*,*,#2335,.T.);
#3011=ORIENTED_EDGE('',*,*,#2339,.T.);
#3012=ORIENTED_EDGE('',*,*,#2308,.F.);
#3013=ORIENTED_EDGE('',*,*,#2339,.F.);
#3014=ORIENTED_EDGE('',*,*,#2334,.F.);
#3015=ORIENTED_EDGE('',*,*,#2330,.F.);
#3016=ORIENTED_EDGE('',*,*,#2314,.F.);
#3017=ORIENTED_EDGE('',*,*,#2325,.F.);
#3018=ORIENTED_EDGE('',*,*,#2204,.T.);
#3019=ORIENTED_EDGE('',*,*,#2340,.T.);
#3020=ORIENTED_EDGE('',*,*,#2336,.F.);
#3021=ORIENTED_EDGE('',*,*,#2338,.F.);
#3022=ORIENTED_EDGE('',*,*,#2203,.F.);
#3023=ORIENTED_EDGE('',*,*,#2170,.F.);
#3024=ORIENTED_EDGE('',*,*,#2333,.F.);
#3025=ORIENTED_EDGE('',*,*,#2337,.F.);
#3026=ORIENTED_EDGE('',*,*,#2340,.F.);
#3027=ORIENTED_EDGE('',*,*,#2166,.F.);
#3028=ORIENTED_EDGE('',*,*,#2188,.F.);
#3029=ORIENTED_EDGE('',*,*,#2201,.F.);
#3030=ORIENTED_EDGE('',*,*,#2208,.F.);
#3031=ORIENTED_EDGE('',*,*,#2172,.T.);
#3032=ORIENTED_EDGE('',*,*,#2202,.T.);
#3033=ORIENTED_EDGE('',*,*,#2195,.T.);
#3034=ORIENTED_EDGE('',*,*,#2189,.F.);
#3035=ORIENTED_EDGE('',*,*,#2341,.F.);
#3036=ORIENTED_EDGE('',*,*,#2342,.F.);
#3037=ORIENTED_EDGE('',*,*,#2343,.F.);
#3038=ORIENTED_EDGE('',*,*,#2344,.F.);
#3039=ORIENTED_EDGE('',*,*,#2344,.T.);
#3040=ORIENTED_EDGE('',*,*,#2345,.F.);
#3041=ORIENTED_EDGE('',*,*,#2346,.T.);
#3042=ORIENTED_EDGE('',*,*,#2347,.T.);
#3043=ORIENTED_EDGE('',*,*,#2341,.T.);
#3044=ORIENTED_EDGE('',*,*,#2347,.F.);
#3045=ORIENTED_EDGE('',*,*,#2348,.T.);
#3046=ORIENTED_EDGE('',*,*,#2349,.T.);
#3047=ORIENTED_EDGE('',*,*,#2350,.F.);
#3048=ORIENTED_EDGE('',*,*,#2351,.T.);
#3049=ORIENTED_EDGE('',*,*,#2352,.F.);
#3050=ORIENTED_EDGE('',*,*,#2353,.T.);
#3051=ORIENTED_EDGE('',*,*,#2354,.F.);
#3052=ORIENTED_EDGE('',*,*,#2355,.T.);
#3053=ORIENTED_EDGE('',*,*,#2356,.F.);
#3054=ORIENTED_EDGE('',*,*,#2357,.T.);
#3055=ORIENTED_EDGE('',*,*,#2358,.F.);
#3056=ORIENTED_EDGE('',*,*,#2359,.F.);
#3057=ORIENTED_EDGE('',*,*,#2360,.F.);
#3058=ORIENTED_EDGE('',*,*,#2361,.T.);
#3059=ORIENTED_EDGE('',*,*,#2362,.F.);
#3060=ORIENTED_EDGE('',*,*,#2363,.T.);
#3061=ORIENTED_EDGE('',*,*,#2364,.F.);
#3062=ORIENTED_EDGE('',*,*,#2365,.T.);
#3063=ORIENTED_EDGE('',*,*,#2366,.F.);
#3064=ORIENTED_EDGE('',*,*,#2367,.T.);
#3065=ORIENTED_EDGE('',*,*,#2368,.F.);
#3066=ORIENTED_EDGE('',*,*,#2369,.T.);
#3067=ORIENTED_EDGE('',*,*,#2370,.F.);
#3068=ORIENTED_EDGE('',*,*,#2371,.F.);
#3069=ORIENTED_EDGE('',*,*,#2372,.T.);
#3070=ORIENTED_EDGE('',*,*,#2373,.F.);
#3071=ORIENTED_EDGE('',*,*,#2374,.T.);
#3072=ORIENTED_EDGE('',*,*,#2375,.F.);
#3073=ORIENTED_EDGE('',*,*,#2376,.F.);
#3074=ORIENTED_EDGE('',*,*,#2377,.F.);
#3075=ORIENTED_EDGE('',*,*,#2378,.T.);
#3076=ORIENTED_EDGE('',*,*,#2379,.F.);
#3077=ORIENTED_EDGE('',*,*,#2380,.T.);
#3078=ORIENTED_EDGE('',*,*,#2381,.F.);
#3079=ORIENTED_EDGE('',*,*,#2382,.F.);
#3080=ORIENTED_EDGE('',*,*,#2383,.T.);
#3081=ORIENTED_EDGE('',*,*,#2384,.F.);
#3082=ORIENTED_EDGE('',*,*,#2385,.T.);
#3083=ORIENTED_EDGE('',*,*,#2386,.F.);
#3084=ORIENTED_EDGE('',*,*,#2387,.T.);
#3085=ORIENTED_EDGE('',*,*,#2388,.F.);
#3086=ORIENTED_EDGE('',*,*,#2193,.F.);
#3087=ORIENTED_EDGE('',*,*,#2389,.T.);
#3088=ORIENTED_EDGE('',*,*,#2390,.F.);
#3089=ORIENTED_EDGE('',*,*,#2391,.T.);
#3090=ORIENTED_EDGE('',*,*,#2392,.F.);
#3091=ORIENTED_EDGE('',*,*,#2393,.T.);
#3092=ORIENTED_EDGE('',*,*,#2394,.F.);
#3093=ORIENTED_EDGE('',*,*,#2395,.T.);
#3094=ORIENTED_EDGE('',*,*,#2396,.F.);
#3095=ORIENTED_EDGE('',*,*,#2397,.T.);
#3096=ORIENTED_EDGE('',*,*,#2398,.F.);
#3097=ORIENTED_EDGE('',*,*,#2399,.T.);
#3098=ORIENTED_EDGE('',*,*,#2400,.F.);
#3099=ORIENTED_EDGE('',*,*,#2401,.T.);
#3100=ORIENTED_EDGE('',*,*,#2402,.F.);
#3101=ORIENTED_EDGE('',*,*,#2403,.T.);
#3102=ORIENTED_EDGE('',*,*,#2404,.F.);
#3103=ORIENTED_EDGE('',*,*,#2405,.T.);
#3104=ORIENTED_EDGE('',*,*,#2406,.F.);
#3105=ORIENTED_EDGE('',*,*,#2407,.T.);
#3106=ORIENTED_EDGE('',*,*,#2408,.F.);
#3107=ORIENTED_EDGE('',*,*,#2409,.T.);
#3108=ORIENTED_EDGE('',*,*,#2410,.F.);
#3109=ORIENTED_EDGE('',*,*,#2411,.T.);
#3110=ORIENTED_EDGE('',*,*,#2412,.F.);
#3111=ORIENTED_EDGE('',*,*,#2413,.T.);
#3112=ORIENTED_EDGE('',*,*,#2414,.F.);
#3113=ORIENTED_EDGE('',*,*,#2415,.F.);
#3114=ORIENTED_EDGE('',*,*,#2416,.F.);
#3115=ORIENTED_EDGE('',*,*,#2417,.F.);
#3116=ORIENTED_EDGE('',*,*,#2418,.F.);
#3117=ORIENTED_EDGE('',*,*,#2419,.F.);
#3118=ORIENTED_EDGE('',*,*,#2420,.F.);
#3119=ORIENTED_EDGE('',*,*,#2421,.F.);
#3120=ORIENTED_EDGE('',*,*,#2409,.F.);
#3121=ORIENTED_EDGE('',*,*,#2422,.F.);
#3122=ORIENTED_EDGE('',*,*,#2423,.F.);
#3123=ORIENTED_EDGE('',*,*,#2424,.F.);
#3124=ORIENTED_EDGE('',*,*,#2424,.T.);
#3125=ORIENTED_EDGE('',*,*,#2425,.F.);
#3126=ORIENTED_EDGE('',*,*,#2426,.T.);
#3127=ORIENTED_EDGE('',*,*,#2410,.T.);
#3128=ORIENTED_EDGE('',*,*,#2427,.T.);
#3129=ORIENTED_EDGE('',*,*,#2428,.F.);
#3130=ORIENTED_EDGE('',*,*,#2411,.F.);
#3131=ORIENTED_EDGE('',*,*,#2426,.F.);
#3132=ORIENTED_EDGE('',*,*,#2427,.F.);
#3133=ORIENTED_EDGE('',*,*,#2425,.T.);
#3134=ORIENTED_EDGE('',*,*,#2423,.T.);
#3135=ORIENTED_EDGE('',*,*,#2429,.T.);
#3136=ORIENTED_EDGE('',*,*,#2430,.F.);
#3137=ORIENTED_EDGE('',*,*,#2431,.T.);
#3138=ORIENTED_EDGE('',*,*,#2432,.T.);
#3139=ORIENTED_EDGE('',*,*,#2433,.F.);
#3140=ORIENTED_EDGE('',*,*,#2434,.T.);
#3141=ORIENTED_EDGE('',*,*,#2435,.F.);
#3142=ORIENTED_EDGE('',*,*,#2436,.T.);
#3143=ORIENTED_EDGE('',*,*,#2437,.T.);
#3144=ORIENTED_EDGE('',*,*,#2438,.F.);
#3145=ORIENTED_EDGE('',*,*,#2439,.T.);
#3146=ORIENTED_EDGE('',*,*,#2440,.F.);
#3147=ORIENTED_EDGE('',*,*,#2441,.T.);
#3148=ORIENTED_EDGE('',*,*,#2442,.F.);
#3149=ORIENTED_EDGE('',*,*,#2443,.F.);
#3150=ORIENTED_EDGE('',*,*,#2444,.T.);
#3151=ORIENTED_EDGE('',*,*,#2445,.F.);
#3152=ORIENTED_EDGE('',*,*,#2446,.F.);
#3153=ORIENTED_EDGE('',*,*,#2447,.T.);
#3154=ORIENTED_EDGE('',*,*,#2448,.F.);
#3155=ORIENTED_EDGE('',*,*,#2345,.T.);
#3156=ORIENTED_EDGE('',*,*,#2343,.T.);
#3157=ORIENTED_EDGE('',*,*,#2449,.T.);
#3158=ORIENTED_EDGE('',*,*,#2450,.F.);
#3159=ORIENTED_EDGE('',*,*,#2451,.T.);
#3160=ORIENTED_EDGE('',*,*,#2452,.F.);
#3161=ORIENTED_EDGE('',*,*,#2453,.F.);
#3162=ORIENTED_EDGE('',*,*,#2454,.F.);
#3163=ORIENTED_EDGE('',*,*,#2428,.T.);
#3164=ORIENTED_EDGE('',*,*,#2451,.F.);
#3165=ORIENTED_EDGE('',*,*,#2455,.T.);
#3166=ORIENTED_EDGE('',*,*,#2412,.T.);
#3167=ORIENTED_EDGE('',*,*,#2450,.T.);
#3168=ORIENTED_EDGE('',*,*,#2456,.F.);
#3169=ORIENTED_EDGE('',*,*,#2413,.F.);
#3170=ORIENTED_EDGE('',*,*,#2455,.F.);
#3171=ORIENTED_EDGE('',*,*,#2457,.F.);
#3172=ORIENTED_EDGE('',*,*,#2458,.F.);
#3173=ORIENTED_EDGE('',*,*,#2242,.F.);
#3174=ORIENTED_EDGE('',*,*,#2459,.F.);
#3175=ORIENTED_EDGE('',*,*,#2459,.T.);
#3176=ORIENTED_EDGE('',*,*,#2241,.T.);
#3177=ORIENTED_EDGE('',*,*,#2460,.T.);
#3178=ORIENTED_EDGE('',*,*,#2461,.T.);
#3179=ORIENTED_EDGE('',*,*,#2457,.T.);
#3180=ORIENTED_EDGE('',*,*,#2461,.F.);
#3181=ORIENTED_EDGE('',*,*,#2462,.T.);
#3182=ORIENTED_EDGE('',*,*,#2463,.T.);
#3183=ORIENTED_EDGE('',*,*,#2464,.F.);
#3184=ORIENTED_EDGE('',*,*,#2465,.T.);
#3185=ORIENTED_EDGE('',*,*,#2466,.T.);
#3186=ORIENTED_EDGE('',*,*,#2467,.F.);
#3187=ORIENTED_EDGE('',*,*,#2468,.F.);
#3188=ORIENTED_EDGE('',*,*,#2469,.T.);
#3189=ORIENTED_EDGE('',*,*,#2470,.F.);
#3190=ORIENTED_EDGE('',*,*,#2471,.T.);
#3191=ORIENTED_EDGE('',*,*,#2472,.T.);
#3192=ORIENTED_EDGE('',*,*,#2473,.F.);
#3193=ORIENTED_EDGE('',*,*,#2441,.F.);
#3194=ORIENTED_EDGE('',*,*,#2474,.F.);
#3195=ORIENTED_EDGE('',*,*,#2248,.F.);
#3196=ORIENTED_EDGE('',*,*,#2475,.F.);
#3197=ORIENTED_EDGE('',*,*,#2474,.T.);
#3198=ORIENTED_EDGE('',*,*,#2440,.T.);
#3199=ORIENTED_EDGE('',*,*,#2476,.T.);
#3200=ORIENTED_EDGE('',*,*,#2249,.F.);
#3201=ORIENTED_EDGE('',*,*,#2444,.F.);
#3202=ORIENTED_EDGE('',*,*,#2477,.F.);
#3203=ORIENTED_EDGE('',*,*,#2245,.F.);
#3204=ORIENTED_EDGE('',*,*,#2478,.F.);
#3205=ORIENTED_EDGE('',*,*,#2477,.T.);
#3206=ORIENTED_EDGE('',*,*,#2443,.T.);
#3207=ORIENTED_EDGE('',*,*,#2479,.F.);
#3208=ORIENTED_EDGE('',*,*,#2246,.T.);
#3209=ORIENTED_EDGE('',*,*,#2351,.F.);
#3210=ORIENTED_EDGE('',*,*,#2480,.F.);
#3211=ORIENTED_EDGE('',*,*,#2472,.F.);
#3212=ORIENTED_EDGE('',*,*,#2481,.F.);
#3213=ORIENTED_EDGE('',*,*,#2481,.T.);
#3214=ORIENTED_EDGE('',*,*,#2471,.F.);
#3215=ORIENTED_EDGE('',*,*,#2482,.T.);
#3216=ORIENTED_EDGE('',*,*,#2352,.T.);
#3217=ORIENTED_EDGE('',*,*,#2349,.F.);
#3218=ORIENTED_EDGE('',*,*,#2483,.T.);
#3219=ORIENTED_EDGE('',*,*,#2447,.F.);
#3220=ORIENTED_EDGE('',*,*,#2484,.F.);
#3221=ORIENTED_EDGE('',*,*,#2448,.T.);
#3222=ORIENTED_EDGE('',*,*,#2483,.F.);
#3223=ORIENTED_EDGE('',*,*,#2348,.F.);
#3224=ORIENTED_EDGE('',*,*,#2346,.F.);
#3225=ORIENTED_EDGE('',*,*,#2430,.T.);
#3226=ORIENTED_EDGE('',*,*,#2485,.F.);
#3227=ORIENTED_EDGE('',*,*,#2407,.F.);
#3228=ORIENTED_EDGE('',*,*,#2486,.F.);
#3229=ORIENTED_EDGE('',*,*,#2486,.T.);
#3230=ORIENTED_EDGE('',*,*,#2406,.T.);
#3231=ORIENTED_EDGE('',*,*,#2487,.T.);
#3232=ORIENTED_EDGE('',*,*,#2431,.F.);
#3233=ORIENTED_EDGE('',*,*,#2488,.T.);
#3234=ORIENTED_EDGE('',*,*,#2489,.F.);
#3235=ORIENTED_EDGE('',*,*,#2372,.F.);
#3236=ORIENTED_EDGE('',*,*,#2490,.F.);
#3237=ORIENTED_EDGE('',*,*,#2488,.F.);
#3238=ORIENTED_EDGE('',*,*,#2491,.T.);
#3239=ORIENTED_EDGE('',*,*,#2492,.F.);
#3240=ORIENTED_EDGE('',*,*,#2493,.T.);
#3241=ORIENTED_EDGE('',*,*,#2494,.F.);
#3242=ORIENTED_EDGE('',*,*,#2495,.T.);
#3243=ORIENTED_EDGE('',*,*,#2496,.F.);
#3244=ORIENTED_EDGE('',*,*,#2497,.T.);
#3245=ORIENTED_EDGE('',*,*,#2498,.F.);
#3246=ORIENTED_EDGE('',*,*,#2499,.T.);
#3247=ORIENTED_EDGE('',*,*,#2489,.T.);
#3248=ORIENTED_EDGE('',*,*,#2499,.F.);
#3249=ORIENTED_EDGE('',*,*,#2500,.T.);
#3250=ORIENTED_EDGE('',*,*,#2373,.T.);
#3251=ORIENTED_EDGE('',*,*,#2498,.T.);
#3252=ORIENTED_EDGE('',*,*,#2501,.F.);
#3253=ORIENTED_EDGE('',*,*,#2374,.F.);
#3254=ORIENTED_EDGE('',*,*,#2500,.F.);
#3255=ORIENTED_EDGE('',*,*,#2502,.T.);
#3256=ORIENTED_EDGE('',*,*,#2503,.F.);
#3257=ORIENTED_EDGE('',*,*,#2378,.F.);
#3258=ORIENTED_EDGE('',*,*,#2504,.F.);
#3259=ORIENTED_EDGE('',*,*,#2502,.F.);
#3260=ORIENTED_EDGE('',*,*,#2505,.T.);
#3261=ORIENTED_EDGE('',*,*,#2506,.F.);
#3262=ORIENTED_EDGE('',*,*,#2507,.T.);
#3263=ORIENTED_EDGE('',*,*,#2508,.F.);
#3264=ORIENTED_EDGE('',*,*,#2509,.T.);
#3265=ORIENTED_EDGE('',*,*,#2510,.F.);
#3266=ORIENTED_EDGE('',*,*,#2511,.T.);
#3267=ORIENTED_EDGE('',*,*,#2512,.F.);
#3268=ORIENTED_EDGE('',*,*,#2513,.T.);
#3269=ORIENTED_EDGE('',*,*,#2503,.T.);
#3270=ORIENTED_EDGE('',*,*,#2513,.F.);
#3271=ORIENTED_EDGE('',*,*,#2514,.T.);
#3272=ORIENTED_EDGE('',*,*,#2379,.T.);
#3273=ORIENTED_EDGE('',*,*,#2512,.T.);
#3274=ORIENTED_EDGE('',*,*,#2515,.F.);
#3275=ORIENTED_EDGE('',*,*,#2380,.F.);
#3276=ORIENTED_EDGE('',*,*,#2514,.F.);
#3277=ORIENTED_EDGE('',*,*,#2182,.T.);
#3278=ORIENTED_EDGE('',*,*,#2516,.F.);
#3279=ORIENTED_EDGE('',*,*,#2385,.F.);
#3280=ORIENTED_EDGE('',*,*,#2517,.F.);
#3281=ORIENTED_EDGE('',*,*,#2516,.T.);
#3282=ORIENTED_EDGE('',*,*,#2181,.F.);
#3283=ORIENTED_EDGE('',*,*,#2518,.T.);
#3284=ORIENTED_EDGE('',*,*,#2386,.T.);
#3285=ORIENTED_EDGE('',*,*,#2180,.T.);
#3286=ORIENTED_EDGE('',*,*,#2519,.F.);
#3287=ORIENTED_EDGE('',*,*,#2387,.F.);
#3288=ORIENTED_EDGE('',*,*,#2518,.F.);
#3289=ORIENTED_EDGE('',*,*,#2255,.F.);
#3290=ORIENTED_EDGE('',*,*,#2520,.F.);
#3291=ORIENTED_EDGE('',*,*,#2434,.F.);
#3292=ORIENTED_EDGE('',*,*,#2521,.F.);
#3293=ORIENTED_EDGE('',*,*,#2521,.T.);
#3294=ORIENTED_EDGE('',*,*,#2433,.T.);
#3295=ORIENTED_EDGE('',*,*,#2522,.T.);
#3296=ORIENTED_EDGE('',*,*,#2404,.T.);
#3297=ORIENTED_EDGE('',*,*,#2523,.T.);
#3298=ORIENTED_EDGE('',*,*,#2256,.T.);
#3299=ORIENTED_EDGE('',*,*,#2439,.F.);
#3300=ORIENTED_EDGE('',*,*,#2524,.F.);
#3301=ORIENTED_EDGE('',*,*,#2250,.F.);
#3302=ORIENTED_EDGE('',*,*,#2476,.F.);
#3303=ORIENTED_EDGE('',*,*,#2524,.T.);
#3304=ORIENTED_EDGE('',*,*,#2438,.T.);
#3305=ORIENTED_EDGE('',*,*,#2525,.T.);
#3306=ORIENTED_EDGE('',*,*,#2251,.F.);
#3307=ORIENTED_EDGE('',*,*,#2436,.F.);
#3308=ORIENTED_EDGE('',*,*,#2526,.F.);
#3309=ORIENTED_EDGE('',*,*,#2253,.F.);
#3310=ORIENTED_EDGE('',*,*,#2527,.T.);
#3311=ORIENTED_EDGE('',*,*,#2252,.F.);
#3312=ORIENTED_EDGE('',*,*,#2525,.F.);
#3313=ORIENTED_EDGE('',*,*,#2437,.F.);
#3314=ORIENTED_EDGE('',*,*,#2527,.F.);
#3315=ORIENTED_EDGE('',*,*,#2405,.F.);
#3316=ORIENTED_EDGE('',*,*,#2522,.F.);
#3317=ORIENTED_EDGE('',*,*,#2432,.F.);
#3318=ORIENTED_EDGE('',*,*,#2487,.F.);
#3319=ORIENTED_EDGE('',*,*,#2361,.F.);
#3320=ORIENTED_EDGE('',*,*,#2528,.F.);
#3321=ORIENTED_EDGE('',*,*,#2529,.F.);
#3322=ORIENTED_EDGE('',*,*,#2530,.F.);
#3323=ORIENTED_EDGE('',*,*,#2529,.T.);
#3324=ORIENTED_EDGE('',*,*,#2531,.T.);
#3325=ORIENTED_EDGE('',*,*,#2532,.F.);
#3326=ORIENTED_EDGE('',*,*,#2533,.T.);
#3327=ORIENTED_EDGE('',*,*,#2534,.T.);
#3328=ORIENTED_EDGE('',*,*,#2535,.T.);
#3329=ORIENTED_EDGE('',*,*,#2536,.T.);
#3330=ORIENTED_EDGE('',*,*,#2537,.T.);
#3331=ORIENTED_EDGE('',*,*,#2530,.T.);
#3332=ORIENTED_EDGE('',*,*,#2537,.F.);
#3333=ORIENTED_EDGE('',*,*,#2538,.T.);
#3334=ORIENTED_EDGE('',*,*,#2227,.T.);
#3335=ORIENTED_EDGE('',*,*,#2539,.T.);
#3336=ORIENTED_EDGE('',*,*,#2362,.T.);
#3337=ORIENTED_EDGE('',*,*,#2228,.F.);
#3338=ORIENTED_EDGE('',*,*,#2538,.F.);
#3339=ORIENTED_EDGE('',*,*,#2536,.F.);
#3340=ORIENTED_EDGE('',*,*,#2540,.F.);
#3341=ORIENTED_EDGE('',*,*,#2540,.T.);
#3342=ORIENTED_EDGE('',*,*,#2535,.F.);
#3343=ORIENTED_EDGE('',*,*,#2541,.F.);
#3344=ORIENTED_EDGE('',*,*,#2542,.T.);
#3345=ORIENTED_EDGE('',*,*,#2543,.T.);
#3346=ORIENTED_EDGE('',*,*,#2533,.F.);
#3347=ORIENTED_EDGE('',*,*,#2544,.T.);
#3348=ORIENTED_EDGE('',*,*,#2229,.T.);
#3349=ORIENTED_EDGE('',*,*,#2466,.F.);
#3350=ORIENTED_EDGE('',*,*,#2545,.T.);
#3351=ORIENTED_EDGE('',*,*,#2236,.F.);
#3352=ORIENTED_EDGE('',*,*,#2546,.F.);
#3353=ORIENTED_EDGE('',*,*,#2462,.F.);
#3354=ORIENTED_EDGE('',*,*,#2460,.F.);
#3355=ORIENTED_EDGE('',*,*,#2240,.F.);
#3356=ORIENTED_EDGE('',*,*,#2547,.T.);
#3357=ORIENTED_EDGE('',*,*,#2237,.F.);
#3358=ORIENTED_EDGE('',*,*,#2545,.F.);
#3359=ORIENTED_EDGE('',*,*,#2465,.F.);
#3360=ORIENTED_EDGE('',*,*,#2548,.F.);
#3361=ORIENTED_EDGE('',*,*,#2548,.T.);
#3362=ORIENTED_EDGE('',*,*,#2464,.T.);
#3363=ORIENTED_EDGE('',*,*,#2549,.T.);
#3364=ORIENTED_EDGE('',*,*,#2238,.T.);
#3365=ORIENTED_EDGE('',*,*,#2239,.F.);
#3366=ORIENTED_EDGE('',*,*,#2549,.F.);
#3367=ORIENTED_EDGE('',*,*,#2463,.F.);
#3368=ORIENTED_EDGE('',*,*,#2547,.F.);
#3369=ORIENTED_EDGE('',*,*,#2532,.T.);
#3370=ORIENTED_EDGE('',*,*,#2550,.F.);
#3371=ORIENTED_EDGE('',*,*,#2551,.T.);
#3372=ORIENTED_EDGE('',*,*,#2552,.F.);
#3373=ORIENTED_EDGE('',*,*,#2230,.F.);
#3374=ORIENTED_EDGE('',*,*,#2544,.F.);
#3375=ORIENTED_EDGE('',*,*,#2552,.T.);
#3376=ORIENTED_EDGE('',*,*,#2553,.T.);
#3377=ORIENTED_EDGE('',*,*,#2554,.T.);
#3378=ORIENTED_EDGE('',*,*,#2231,.T.);
#3379=ORIENTED_EDGE('',*,*,#2555,.T.);
#3380=ORIENTED_EDGE('',*,*,#2556,.F.);
#3381=ORIENTED_EDGE('',*,*,#2468,.T.);
#3382=ORIENTED_EDGE('',*,*,#2557,.F.);
#3383=ORIENTED_EDGE('',*,*,#2234,.F.);
#3384=ORIENTED_EDGE('',*,*,#2558,.F.);
#3385=ORIENTED_EDGE('',*,*,#2546,.T.);
#3386=ORIENTED_EDGE('',*,*,#2235,.T.);
#3387=ORIENTED_EDGE('',*,*,#2557,.T.);
#3388=ORIENTED_EDGE('',*,*,#2467,.T.);
#3389=ORIENTED_EDGE('',*,*,#2559,.F.);
#3390=ORIENTED_EDGE('',*,*,#2560,.T.);
#3391=ORIENTED_EDGE('',*,*,#2561,.T.);
#3392=ORIENTED_EDGE('',*,*,#2562,.F.);
#3393=ORIENTED_EDGE('',*,*,#2232,.F.);
#3394=ORIENTED_EDGE('',*,*,#2554,.F.);
#3395=ORIENTED_EDGE('',*,*,#2555,.F.);
#3396=ORIENTED_EDGE('',*,*,#2563,.T.);
#3397=ORIENTED_EDGE('',*,*,#2561,.F.);
#3398=ORIENTED_EDGE('',*,*,#2564,.T.);
#3399=ORIENTED_EDGE('',*,*,#2558,.T.);
#3400=ORIENTED_EDGE('',*,*,#2233,.T.);
#3401=ORIENTED_EDGE('',*,*,#2562,.T.);
#3402=ORIENTED_EDGE('',*,*,#2563,.F.);
#3403=ORIENTED_EDGE('',*,*,#2470,.T.);
#3404=ORIENTED_EDGE('',*,*,#2565,.F.);
#3405=ORIENTED_EDGE('',*,*,#2353,.F.);
#3406=ORIENTED_EDGE('',*,*,#2482,.F.);
#3407=ORIENTED_EDGE('',*,*,#2565,.T.);
#3408=ORIENTED_EDGE('',*,*,#2469,.F.);
#3409=ORIENTED_EDGE('',*,*,#2556,.T.);
#3410=ORIENTED_EDGE('',*,*,#2564,.F.);
#3411=ORIENTED_EDGE('',*,*,#2560,.F.);
#3412=ORIENTED_EDGE('',*,*,#2566,.F.);
#3413=ORIENTED_EDGE('',*,*,#2567,.T.);
#3414=ORIENTED_EDGE('',*,*,#2354,.T.);
#3415=ORIENTED_EDGE('',*,*,#2568,.T.);
#3416=ORIENTED_EDGE('',*,*,#2569,.F.);
#3417=ORIENTED_EDGE('',*,*,#2357,.F.);
#3418=ORIENTED_EDGE('',*,*,#2570,.F.);
#3419=ORIENTED_EDGE('',*,*,#2568,.F.);
#3420=ORIENTED_EDGE('',*,*,#2571,.T.);
#3421=ORIENTED_EDGE('',*,*,#2572,.F.);
#3422=ORIENTED_EDGE('',*,*,#2566,.T.);
#3423=ORIENTED_EDGE('',*,*,#2559,.T.);
#3424=ORIENTED_EDGE('',*,*,#2553,.F.);
#3425=ORIENTED_EDGE('',*,*,#2551,.F.);
#3426=ORIENTED_EDGE('',*,*,#2573,.T.);
#3427=ORIENTED_EDGE('',*,*,#2528,.T.);
#3428=ORIENTED_EDGE('',*,*,#2360,.T.);
#3429=ORIENTED_EDGE('',*,*,#2574,.T.);
#3430=ORIENTED_EDGE('',*,*,#2575,.T.);
#3431=ORIENTED_EDGE('',*,*,#2576,.F.);
#3432=ORIENTED_EDGE('',*,*,#2358,.T.);
#3433=ORIENTED_EDGE('',*,*,#2569,.T.);
#3434=ORIENTED_EDGE('',*,*,#2573,.F.);
#3435=ORIENTED_EDGE('',*,*,#2550,.T.);
#3436=ORIENTED_EDGE('',*,*,#2531,.F.);
#3437=ORIENTED_EDGE('',*,*,#2572,.T.);
#3438=ORIENTED_EDGE('',*,*,#2577,.F.);
#3439=ORIENTED_EDGE('',*,*,#2355,.F.);
#3440=ORIENTED_EDGE('',*,*,#2567,.F.);
#3441=ORIENTED_EDGE('',*,*,#2212,.F.);
#3442=ORIENTED_EDGE('',*,*,#2578,.T.);
#3443=ORIENTED_EDGE('',*,*,#2509,.F.);
#3444=ORIENTED_EDGE('',*,*,#2579,.F.);
#3445=ORIENTED_EDGE('',*,*,#2579,.T.);
#3446=ORIENTED_EDGE('',*,*,#2508,.T.);
#3447=ORIENTED_EDGE('',*,*,#2580,.T.);
#3448=ORIENTED_EDGE('',*,*,#2213,.F.);
#3449=ORIENTED_EDGE('',*,*,#2507,.F.);
#3450=ORIENTED_EDGE('',*,*,#2581,.F.);
#3451=ORIENTED_EDGE('',*,*,#2214,.F.);
#3452=ORIENTED_EDGE('',*,*,#2580,.F.);
#3453=ORIENTED_EDGE('',*,*,#2216,.F.);
#3454=ORIENTED_EDGE('',*,*,#2582,.T.);
#3455=ORIENTED_EDGE('',*,*,#2495,.F.);
#3456=ORIENTED_EDGE('',*,*,#2583,.F.);
#3457=ORIENTED_EDGE('',*,*,#2583,.T.);
#3458=ORIENTED_EDGE('',*,*,#2494,.T.);
#3459=ORIENTED_EDGE('',*,*,#2584,.T.);
#3460=ORIENTED_EDGE('',*,*,#2217,.T.);
#3461=ORIENTED_EDGE('',*,*,#2493,.F.);
#3462=ORIENTED_EDGE('',*,*,#2585,.F.);
#3463=ORIENTED_EDGE('',*,*,#2218,.F.);
#3464=ORIENTED_EDGE('',*,*,#2584,.F.);
#3465=ORIENTED_EDGE('',*,*,#2184,.F.);
#3466=ORIENTED_EDGE('',*,*,#2586,.F.);
#3467=ORIENTED_EDGE('',*,*,#2383,.F.);
#3468=ORIENTED_EDGE('',*,*,#2587,.F.);
#3469=ORIENTED_EDGE('',*,*,#2210,.F.);
#3470=ORIENTED_EDGE('',*,*,#2588,.F.);
#3471=ORIENTED_EDGE('',*,*,#2197,.F.);
#3472=ORIENTED_EDGE('',*,*,#2185,.T.);
#3473=ORIENTED_EDGE('',*,*,#2588,.T.);
#3474=ORIENTED_EDGE('',*,*,#2209,.T.);
#3475=ORIENTED_EDGE('',*,*,#2369,.F.);
#3476=ORIENTED_EDGE('',*,*,#2589,.F.);
#3477=ORIENTED_EDGE('',*,*,#2220,.F.);
#3478=ORIENTED_EDGE('',*,*,#2590,.F.);
#3479=ORIENTED_EDGE('',*,*,#2589,.T.);
#3480=ORIENTED_EDGE('',*,*,#2368,.T.);
#3481=ORIENTED_EDGE('',*,*,#2591,.T.);
#3482=ORIENTED_EDGE('',*,*,#2221,.T.);
#3483=ORIENTED_EDGE('',*,*,#2367,.F.);
#3484=ORIENTED_EDGE('',*,*,#2592,.F.);
#3485=ORIENTED_EDGE('',*,*,#2222,.F.);
#3486=ORIENTED_EDGE('',*,*,#2591,.F.);
#3487=ORIENTED_EDGE('',*,*,#2592,.T.);
#3488=ORIENTED_EDGE('',*,*,#2366,.T.);
#3489=ORIENTED_EDGE('',*,*,#2593,.T.);
#3490=ORIENTED_EDGE('',*,*,#2223,.T.);
#3491=ORIENTED_EDGE('',*,*,#2363,.F.);
#3492=ORIENTED_EDGE('',*,*,#2539,.F.);
#3493=ORIENTED_EDGE('',*,*,#2226,.F.);
#3494=ORIENTED_EDGE('',*,*,#2594,.F.);
#3495=ORIENTED_EDGE('',*,*,#2403,.F.);
#3496=ORIENTED_EDGE('',*,*,#2595,.F.);
#3497=ORIENTED_EDGE('',*,*,#2257,.F.);
#3498=ORIENTED_EDGE('',*,*,#2523,.F.);
#3499=ORIENTED_EDGE('',*,*,#2595,.T.);
#3500=ORIENTED_EDGE('',*,*,#2402,.T.);
#3501=ORIENTED_EDGE('',*,*,#2596,.T.);
#3502=ORIENTED_EDGE('',*,*,#2258,.T.);
#3503=ORIENTED_EDGE('',*,*,#2399,.F.);
#3504=ORIENTED_EDGE('',*,*,#2597,.F.);
#3505=ORIENTED_EDGE('',*,*,#2261,.F.);
#3506=ORIENTED_EDGE('',*,*,#2598,.F.);
#3507=ORIENTED_EDGE('',*,*,#2597,.T.);
#3508=ORIENTED_EDGE('',*,*,#2398,.T.);
#3509=ORIENTED_EDGE('',*,*,#2599,.T.);
#3510=ORIENTED_EDGE('',*,*,#2262,.T.);
#3511=ORIENTED_EDGE('',*,*,#2397,.F.);
#3512=ORIENTED_EDGE('',*,*,#2600,.F.);
#3513=ORIENTED_EDGE('',*,*,#2263,.F.);
#3514=ORIENTED_EDGE('',*,*,#2599,.F.);
#3515=ORIENTED_EDGE('',*,*,#2600,.T.);
#3516=ORIENTED_EDGE('',*,*,#2396,.T.);
#3517=ORIENTED_EDGE('',*,*,#2601,.T.);
#3518=ORIENTED_EDGE('',*,*,#2264,.T.);
#3519=ORIENTED_EDGE('',*,*,#2393,.F.);
#3520=ORIENTED_EDGE('',*,*,#2602,.F.);
#3521=ORIENTED_EDGE('',*,*,#2267,.F.);
#3522=ORIENTED_EDGE('',*,*,#2603,.F.);
#3523=ORIENTED_EDGE('',*,*,#2602,.T.);
#3524=ORIENTED_EDGE('',*,*,#2392,.T.);
#3525=ORIENTED_EDGE('',*,*,#2604,.T.);
#3526=ORIENTED_EDGE('',*,*,#2268,.T.);
#3527=ORIENTED_EDGE('',*,*,#2389,.F.);
#3528=ORIENTED_EDGE('',*,*,#2192,.F.);
#3529=ORIENTED_EDGE('',*,*,#2271,.F.);
#3530=ORIENTED_EDGE('',*,*,#2605,.F.);
#3531=ORIENTED_EDGE('',*,*,#2605,.T.);
#3532=ORIENTED_EDGE('',*,*,#2270,.T.);
#3533=ORIENTED_EDGE('',*,*,#2606,.T.);
#3534=ORIENTED_EDGE('',*,*,#2390,.T.);
#3535=ORIENTED_EDGE('',*,*,#2224,.F.);
#3536=ORIENTED_EDGE('',*,*,#2593,.F.);
#3537=ORIENTED_EDGE('',*,*,#2365,.F.);
#3538=ORIENTED_EDGE('',*,*,#2607,.F.);
#3539=ORIENTED_EDGE('',*,*,#2594,.T.);
#3540=ORIENTED_EDGE('',*,*,#2225,.T.);
#3541=ORIENTED_EDGE('',*,*,#2607,.T.);
#3542=ORIENTED_EDGE('',*,*,#2364,.T.);
#3543=ORIENTED_EDGE('',*,*,#2259,.F.);
#3544=ORIENTED_EDGE('',*,*,#2596,.F.);
#3545=ORIENTED_EDGE('',*,*,#2401,.F.);
#3546=ORIENTED_EDGE('',*,*,#2608,.F.);
#3547=ORIENTED_EDGE('',*,*,#2598,.T.);
#3548=ORIENTED_EDGE('',*,*,#2260,.T.);
#3549=ORIENTED_EDGE('',*,*,#2608,.T.);
#3550=ORIENTED_EDGE('',*,*,#2400,.T.);
#3551=ORIENTED_EDGE('',*,*,#2265,.F.);
#3552=ORIENTED_EDGE('',*,*,#2601,.F.);
#3553=ORIENTED_EDGE('',*,*,#2395,.F.);
#3554=ORIENTED_EDGE('',*,*,#2609,.F.);
#3555=ORIENTED_EDGE('',*,*,#2603,.T.);
#3556=ORIENTED_EDGE('',*,*,#2266,.T.);
#3557=ORIENTED_EDGE('',*,*,#2609,.T.);
#3558=ORIENTED_EDGE('',*,*,#2394,.T.);
#3559=ORIENTED_EDGE('',*,*,#2269,.F.);
#3560=ORIENTED_EDGE('',*,*,#2604,.F.);
#3561=ORIENTED_EDGE('',*,*,#2391,.F.);
#3562=ORIENTED_EDGE('',*,*,#2606,.F.);
#3563=ORIENTED_EDGE('',*,*,#2534,.F.);
#3564=ORIENTED_EDGE('',*,*,#2610,.T.);
#3565=ORIENTED_EDGE('',*,*,#2611,.T.);
#3566=ORIENTED_EDGE('',*,*,#2612,.F.);
#3567=ORIENTED_EDGE('',*,*,#2613,.T.);
#3568=ORIENTED_EDGE('',*,*,#2541,.T.);
#3569=ORIENTED_EDGE('',*,*,#2612,.T.);
#3570=ORIENTED_EDGE('',*,*,#2614,.T.);
#3571=ORIENTED_EDGE('',*,*,#2610,.F.);
#3572=ORIENTED_EDGE('',*,*,#2543,.F.);
#3573=ORIENTED_EDGE('',*,*,#2359,.T.);
#3574=ORIENTED_EDGE('',*,*,#2576,.T.);
#3575=ORIENTED_EDGE('',*,*,#2615,.T.);
#3576=ORIENTED_EDGE('',*,*,#2574,.F.);
#3577=ORIENTED_EDGE('',*,*,#2615,.F.);
#3578=ORIENTED_EDGE('',*,*,#2575,.F.);
#3579=ORIENTED_EDGE('',*,*,#2614,.F.);
#3580=ORIENTED_EDGE('',*,*,#2611,.F.);
#3581=ORIENTED_EDGE('',*,*,#2616,.T.);
#3582=ORIENTED_EDGE('',*,*,#2617,.T.);
#3583=ORIENTED_EDGE('',*,*,#2618,.T.);
#3584=ORIENTED_EDGE('',*,*,#2617,.F.);
#3585=ORIENTED_EDGE('',*,*,#2619,.T.);
#3586=ORIENTED_EDGE('',*,*,#2620,.T.);
#3587=ORIENTED_EDGE('',*,*,#2418,.T.);
#3588=ORIENTED_EDGE('',*,*,#2620,.F.);
#3589=ORIENTED_EDGE('',*,*,#2619,.F.);
#3590=ORIENTED_EDGE('',*,*,#2616,.F.);
#3591=ORIENTED_EDGE('',*,*,#2621,.T.);
#3592=ORIENTED_EDGE('',*,*,#2622,.T.);
#3593=ORIENTED_EDGE('',*,*,#2623,.T.);
#3594=ORIENTED_EDGE('',*,*,#2622,.F.);
#3595=ORIENTED_EDGE('',*,*,#2624,.T.);
#3596=ORIENTED_EDGE('',*,*,#2625,.T.);
#3597=ORIENTED_EDGE('',*,*,#2421,.T.);
#3598=ORIENTED_EDGE('',*,*,#2625,.F.);
#3599=ORIENTED_EDGE('',*,*,#2624,.F.);
#3600=ORIENTED_EDGE('',*,*,#2621,.F.);
#3601=ORIENTED_EDGE('',*,*,#2626,.T.);
#3602=ORIENTED_EDGE('',*,*,#2627,.T.);
#3603=ORIENTED_EDGE('',*,*,#2628,.T.);
#3604=ORIENTED_EDGE('',*,*,#2627,.F.);
#3605=ORIENTED_EDGE('',*,*,#2629,.T.);
#3606=ORIENTED_EDGE('',*,*,#2630,.T.);
#3607=ORIENTED_EDGE('',*,*,#2420,.T.);
#3608=ORIENTED_EDGE('',*,*,#2630,.F.);
#3609=ORIENTED_EDGE('',*,*,#2629,.F.);
#3610=ORIENTED_EDGE('',*,*,#2626,.F.);
#3611=ORIENTED_EDGE('',*,*,#2542,.F.);
#3612=ORIENTED_EDGE('',*,*,#2613,.F.);
#3613=ORIENTED_EDGE('',*,*,#2628,.F.);
#3614=ORIENTED_EDGE('',*,*,#2623,.F.);
#3615=ORIENTED_EDGE('',*,*,#2618,.F.);
#3616=ORIENTED_EDGE('',*,*,#2631,.T.);
#3617=ORIENTED_EDGE('',*,*,#2632,.T.);
#3618=ORIENTED_EDGE('',*,*,#2633,.F.);
#3619=ORIENTED_EDGE('',*,*,#2634,.F.);
#3620=ORIENTED_EDGE('',*,*,#2635,.T.);
#3621=ORIENTED_EDGE('',*,*,#2634,.T.);
#3622=ORIENTED_EDGE('',*,*,#2636,.F.);
#3623=ORIENTED_EDGE('',*,*,#2637,.F.);
#3624=ORIENTED_EDGE('',*,*,#2638,.T.);
#3625=ORIENTED_EDGE('',*,*,#2637,.T.);
#3626=ORIENTED_EDGE('',*,*,#2639,.F.);
#3627=ORIENTED_EDGE('',*,*,#2640,.F.);
#3628=ORIENTED_EDGE('',*,*,#2641,.T.);
#3629=ORIENTED_EDGE('',*,*,#2640,.T.);
#3630=ORIENTED_EDGE('',*,*,#2642,.F.);
#3631=ORIENTED_EDGE('',*,*,#2643,.F.);
#3632=ORIENTED_EDGE('',*,*,#2644,.T.);
#3633=ORIENTED_EDGE('',*,*,#2643,.T.);
#3634=ORIENTED_EDGE('',*,*,#2645,.F.);
#3635=ORIENTED_EDGE('',*,*,#2646,.F.);
#3636=ORIENTED_EDGE('',*,*,#2647,.T.);
#3637=ORIENTED_EDGE('',*,*,#2646,.T.);
#3638=ORIENTED_EDGE('',*,*,#2648,.F.);
#3639=ORIENTED_EDGE('',*,*,#2632,.F.);
#3640=ORIENTED_EDGE('',*,*,#2297,.T.);
#3641=ORIENTED_EDGE('',*,*,#2649,.T.);
#3642=ORIENTED_EDGE('',*,*,#2650,.F.);
#3643=ORIENTED_EDGE('',*,*,#2651,.F.);
#3644=ORIENTED_EDGE('',*,*,#2298,.T.);
#3645=ORIENTED_EDGE('',*,*,#2651,.T.);
#3646=ORIENTED_EDGE('',*,*,#2652,.F.);
#3647=ORIENTED_EDGE('',*,*,#2653,.F.);
#3648=ORIENTED_EDGE('',*,*,#2299,.T.);
#3649=ORIENTED_EDGE('',*,*,#2653,.T.);
#3650=ORIENTED_EDGE('',*,*,#2654,.F.);
#3651=ORIENTED_EDGE('',*,*,#2655,.F.);
#3652=ORIENTED_EDGE('',*,*,#2300,.T.);
#3653=ORIENTED_EDGE('',*,*,#2655,.T.);
#3654=ORIENTED_EDGE('',*,*,#2656,.F.);
#3655=ORIENTED_EDGE('',*,*,#2657,.F.);
#3656=ORIENTED_EDGE('',*,*,#2301,.T.);
#3657=ORIENTED_EDGE('',*,*,#2657,.T.);
#3658=ORIENTED_EDGE('',*,*,#2658,.F.);
#3659=ORIENTED_EDGE('',*,*,#2659,.F.);
#3660=ORIENTED_EDGE('',*,*,#2302,.T.);
#3661=ORIENTED_EDGE('',*,*,#2659,.T.);
#3662=ORIENTED_EDGE('',*,*,#2660,.F.);
#3663=ORIENTED_EDGE('',*,*,#2649,.F.);
#3664=ORIENTED_EDGE('',*,*,#2660,.T.);
#3665=ORIENTED_EDGE('',*,*,#2658,.T.);
#3666=ORIENTED_EDGE('',*,*,#2656,.T.);
#3667=ORIENTED_EDGE('',*,*,#2654,.T.);
#3668=ORIENTED_EDGE('',*,*,#2652,.T.);
#3669=ORIENTED_EDGE('',*,*,#2650,.T.);
#3670=ORIENTED_EDGE('',*,*,#2648,.T.);
#3671=ORIENTED_EDGE('',*,*,#2645,.T.);
#3672=ORIENTED_EDGE('',*,*,#2642,.T.);
#3673=ORIENTED_EDGE('',*,*,#2639,.T.);
#3674=ORIENTED_EDGE('',*,*,#2636,.T.);
#3675=ORIENTED_EDGE('',*,*,#2633,.T.);
#3676=ORIENTED_EDGE('',*,*,#2661,.T.);
#3677=ORIENTED_EDGE('',*,*,#2662,.T.);
#3678=ORIENTED_EDGE('',*,*,#2663,.F.);
#3679=ORIENTED_EDGE('',*,*,#2664,.F.);
#3680=ORIENTED_EDGE('',*,*,#2665,.T.);
#3681=ORIENTED_EDGE('',*,*,#2664,.T.);
#3682=ORIENTED_EDGE('',*,*,#2666,.F.);
#3683=ORIENTED_EDGE('',*,*,#2667,.F.);
#3684=ORIENTED_EDGE('',*,*,#2668,.T.);
#3685=ORIENTED_EDGE('',*,*,#2667,.T.);
#3686=ORIENTED_EDGE('',*,*,#2669,.F.);
#3687=ORIENTED_EDGE('',*,*,#2670,.F.);
#3688=ORIENTED_EDGE('',*,*,#2671,.T.);
#3689=ORIENTED_EDGE('',*,*,#2670,.T.);
#3690=ORIENTED_EDGE('',*,*,#2672,.F.);
#3691=ORIENTED_EDGE('',*,*,#2673,.F.);
#3692=ORIENTED_EDGE('',*,*,#2674,.T.);
#3693=ORIENTED_EDGE('',*,*,#2673,.T.);
#3694=ORIENTED_EDGE('',*,*,#2675,.F.);
#3695=ORIENTED_EDGE('',*,*,#2676,.F.);
#3696=ORIENTED_EDGE('',*,*,#2677,.T.);
#3697=ORIENTED_EDGE('',*,*,#2676,.T.);
#3698=ORIENTED_EDGE('',*,*,#2678,.F.);
#3699=ORIENTED_EDGE('',*,*,#2662,.F.);
#3700=ORIENTED_EDGE('',*,*,#2291,.T.);
#3701=ORIENTED_EDGE('',*,*,#2679,.T.);
#3702=ORIENTED_EDGE('',*,*,#2680,.F.);
#3703=ORIENTED_EDGE('',*,*,#2681,.F.);
#3704=ORIENTED_EDGE('',*,*,#2292,.T.);
#3705=ORIENTED_EDGE('',*,*,#2681,.T.);
#3706=ORIENTED_EDGE('',*,*,#2682,.F.);
#3707=ORIENTED_EDGE('',*,*,#2683,.F.);
#3708=ORIENTED_EDGE('',*,*,#2293,.T.);
#3709=ORIENTED_EDGE('',*,*,#2683,.T.);
#3710=ORIENTED_EDGE('',*,*,#2684,.F.);
#3711=ORIENTED_EDGE('',*,*,#2685,.F.);
#3712=ORIENTED_EDGE('',*,*,#2294,.T.);
#3713=ORIENTED_EDGE('',*,*,#2685,.T.);
#3714=ORIENTED_EDGE('',*,*,#2686,.F.);
#3715=ORIENTED_EDGE('',*,*,#2687,.F.);
#3716=ORIENTED_EDGE('',*,*,#2295,.T.);
#3717=ORIENTED_EDGE('',*,*,#2687,.T.);
#3718=ORIENTED_EDGE('',*,*,#2688,.F.);
#3719=ORIENTED_EDGE('',*,*,#2689,.F.);
#3720=ORIENTED_EDGE('',*,*,#2296,.T.);
#3721=ORIENTED_EDGE('',*,*,#2689,.T.);
#3722=ORIENTED_EDGE('',*,*,#2690,.F.);
#3723=ORIENTED_EDGE('',*,*,#2679,.F.);
#3724=ORIENTED_EDGE('',*,*,#2690,.T.);
#3725=ORIENTED_EDGE('',*,*,#2688,.T.);
#3726=ORIENTED_EDGE('',*,*,#2686,.T.);
#3727=ORIENTED_EDGE('',*,*,#2684,.T.);
#3728=ORIENTED_EDGE('',*,*,#2682,.T.);
#3729=ORIENTED_EDGE('',*,*,#2680,.T.);
#3730=ORIENTED_EDGE('',*,*,#2678,.T.);
#3731=ORIENTED_EDGE('',*,*,#2675,.T.);
#3732=ORIENTED_EDGE('',*,*,#2672,.T.);
#3733=ORIENTED_EDGE('',*,*,#2669,.T.);
#3734=ORIENTED_EDGE('',*,*,#2666,.T.);
#3735=ORIENTED_EDGE('',*,*,#2663,.T.);
#3736=ORIENTED_EDGE('',*,*,#2691,.T.);
#3737=ORIENTED_EDGE('',*,*,#2692,.T.);
#3738=ORIENTED_EDGE('',*,*,#2693,.F.);
#3739=ORIENTED_EDGE('',*,*,#2694,.F.);
#3740=ORIENTED_EDGE('',*,*,#2695,.T.);
#3741=ORIENTED_EDGE('',*,*,#2694,.T.);
#3742=ORIENTED_EDGE('',*,*,#2696,.F.);
#3743=ORIENTED_EDGE('',*,*,#2697,.F.);
#3744=ORIENTED_EDGE('',*,*,#2698,.T.);
#3745=ORIENTED_EDGE('',*,*,#2697,.T.);
#3746=ORIENTED_EDGE('',*,*,#2699,.F.);
#3747=ORIENTED_EDGE('',*,*,#2700,.F.);
#3748=ORIENTED_EDGE('',*,*,#2701,.T.);
#3749=ORIENTED_EDGE('',*,*,#2700,.T.);
#3750=ORIENTED_EDGE('',*,*,#2702,.F.);
#3751=ORIENTED_EDGE('',*,*,#2703,.F.);
#3752=ORIENTED_EDGE('',*,*,#2704,.T.);
#3753=ORIENTED_EDGE('',*,*,#2703,.T.);
#3754=ORIENTED_EDGE('',*,*,#2705,.F.);
#3755=ORIENTED_EDGE('',*,*,#2706,.F.);
#3756=ORIENTED_EDGE('',*,*,#2707,.T.);
#3757=ORIENTED_EDGE('',*,*,#2706,.T.);
#3758=ORIENTED_EDGE('',*,*,#2708,.F.);
#3759=ORIENTED_EDGE('',*,*,#2692,.F.);
#3760=ORIENTED_EDGE('',*,*,#2285,.T.);
#3761=ORIENTED_EDGE('',*,*,#2709,.T.);
#3762=ORIENTED_EDGE('',*,*,#2710,.F.);
#3763=ORIENTED_EDGE('',*,*,#2711,.F.);
#3764=ORIENTED_EDGE('',*,*,#2286,.T.);
#3765=ORIENTED_EDGE('',*,*,#2711,.T.);
#3766=ORIENTED_EDGE('',*,*,#2712,.F.);
#3767=ORIENTED_EDGE('',*,*,#2713,.F.);
#3768=ORIENTED_EDGE('',*,*,#2287,.T.);
#3769=ORIENTED_EDGE('',*,*,#2713,.T.);
#3770=ORIENTED_EDGE('',*,*,#2714,.F.);
#3771=ORIENTED_EDGE('',*,*,#2715,.F.);
#3772=ORIENTED_EDGE('',*,*,#2288,.T.);
#3773=ORIENTED_EDGE('',*,*,#2715,.T.);
#3774=ORIENTED_EDGE('',*,*,#2716,.F.);
#3775=ORIENTED_EDGE('',*,*,#2717,.F.);
#3776=ORIENTED_EDGE('',*,*,#2289,.T.);
#3777=ORIENTED_EDGE('',*,*,#2717,.T.);
#3778=ORIENTED_EDGE('',*,*,#2718,.F.);
#3779=ORIENTED_EDGE('',*,*,#2719,.F.);
#3780=ORIENTED_EDGE('',*,*,#2290,.T.);
#3781=ORIENTED_EDGE('',*,*,#2719,.T.);
#3782=ORIENTED_EDGE('',*,*,#2720,.F.);
#3783=ORIENTED_EDGE('',*,*,#2709,.F.);
#3784=ORIENTED_EDGE('',*,*,#2720,.T.);
#3785=ORIENTED_EDGE('',*,*,#2718,.T.);
#3786=ORIENTED_EDGE('',*,*,#2716,.T.);
#3787=ORIENTED_EDGE('',*,*,#2714,.T.);
#3788=ORIENTED_EDGE('',*,*,#2712,.T.);
#3789=ORIENTED_EDGE('',*,*,#2710,.T.);
#3790=ORIENTED_EDGE('',*,*,#2708,.T.);
#3791=ORIENTED_EDGE('',*,*,#2705,.T.);
#3792=ORIENTED_EDGE('',*,*,#2702,.T.);
#3793=ORIENTED_EDGE('',*,*,#2699,.T.);
#3794=ORIENTED_EDGE('',*,*,#2696,.T.);
#3795=ORIENTED_EDGE('',*,*,#2693,.T.);
#3796=ORIENTED_EDGE('',*,*,#2721,.T.);
#3797=ORIENTED_EDGE('',*,*,#2722,.T.);
#3798=ORIENTED_EDGE('',*,*,#2723,.F.);
#3799=ORIENTED_EDGE('',*,*,#2724,.F.);
#3800=ORIENTED_EDGE('',*,*,#2725,.T.);
#3801=ORIENTED_EDGE('',*,*,#2724,.T.);
#3802=ORIENTED_EDGE('',*,*,#2726,.F.);
#3803=ORIENTED_EDGE('',*,*,#2727,.F.);
#3804=ORIENTED_EDGE('',*,*,#2728,.T.);
#3805=ORIENTED_EDGE('',*,*,#2727,.T.);
#3806=ORIENTED_EDGE('',*,*,#2729,.F.);
#3807=ORIENTED_EDGE('',*,*,#2730,.F.);
#3808=ORIENTED_EDGE('',*,*,#2731,.T.);
#3809=ORIENTED_EDGE('',*,*,#2730,.T.);
#3810=ORIENTED_EDGE('',*,*,#2732,.F.);
#3811=ORIENTED_EDGE('',*,*,#2733,.F.);
#3812=ORIENTED_EDGE('',*,*,#2734,.T.);
#3813=ORIENTED_EDGE('',*,*,#2733,.T.);
#3814=ORIENTED_EDGE('',*,*,#2735,.F.);
#3815=ORIENTED_EDGE('',*,*,#2736,.F.);
#3816=ORIENTED_EDGE('',*,*,#2737,.T.);
#3817=ORIENTED_EDGE('',*,*,#2736,.T.);
#3818=ORIENTED_EDGE('',*,*,#2738,.F.);
#3819=ORIENTED_EDGE('',*,*,#2722,.F.);
#3820=ORIENTED_EDGE('',*,*,#2279,.T.);
#3821=ORIENTED_EDGE('',*,*,#2739,.T.);
#3822=ORIENTED_EDGE('',*,*,#2740,.F.);
#3823=ORIENTED_EDGE('',*,*,#2741,.F.);
#3824=ORIENTED_EDGE('',*,*,#2280,.T.);
#3825=ORIENTED_EDGE('',*,*,#2741,.T.);
#3826=ORIENTED_EDGE('',*,*,#2742,.F.);
#3827=ORIENTED_EDGE('',*,*,#2743,.F.);
#3828=ORIENTED_EDGE('',*,*,#2281,.T.);
#3829=ORIENTED_EDGE('',*,*,#2743,.T.);
#3830=ORIENTED_EDGE('',*,*,#2744,.F.);
#3831=ORIENTED_EDGE('',*,*,#2745,.F.);
#3832=ORIENTED_EDGE('',*,*,#2282,.T.);
#3833=ORIENTED_EDGE('',*,*,#2745,.T.);
#3834=ORIENTED_EDGE('',*,*,#2746,.F.);
#3835=ORIENTED_EDGE('',*,*,#2747,.F.);
#3836=ORIENTED_EDGE('',*,*,#2283,.T.);
#3837=ORIENTED_EDGE('',*,*,#2747,.T.);
#3838=ORIENTED_EDGE('',*,*,#2748,.F.);
#3839=ORIENTED_EDGE('',*,*,#2749,.F.);
#3840=ORIENTED_EDGE('',*,*,#2284,.T.);
#3841=ORIENTED_EDGE('',*,*,#2749,.T.);
#3842=ORIENTED_EDGE('',*,*,#2750,.F.);
#3843=ORIENTED_EDGE('',*,*,#2739,.F.);
#3844=ORIENTED_EDGE('',*,*,#2750,.T.);
#3845=ORIENTED_EDGE('',*,*,#2748,.T.);
#3846=ORIENTED_EDGE('',*,*,#2746,.T.);
#3847=ORIENTED_EDGE('',*,*,#2744,.T.);
#3848=ORIENTED_EDGE('',*,*,#2742,.T.);
#3849=ORIENTED_EDGE('',*,*,#2740,.T.);
#3850=ORIENTED_EDGE('',*,*,#2738,.T.);
#3851=ORIENTED_EDGE('',*,*,#2735,.T.);
#3852=ORIENTED_EDGE('',*,*,#2732,.T.);
#3853=ORIENTED_EDGE('',*,*,#2729,.T.);
#3854=ORIENTED_EDGE('',*,*,#2726,.T.);
#3855=ORIENTED_EDGE('',*,*,#2723,.T.);
#3856=ORIENTED_EDGE('',*,*,#2721,.F.);
#3857=ORIENTED_EDGE('',*,*,#2725,.F.);
#3858=ORIENTED_EDGE('',*,*,#2728,.F.);
#3859=ORIENTED_EDGE('',*,*,#2731,.F.);
#3860=ORIENTED_EDGE('',*,*,#2734,.F.);
#3861=ORIENTED_EDGE('',*,*,#2737,.F.);
#3862=ORIENTED_EDGE('',*,*,#2691,.F.);
#3863=ORIENTED_EDGE('',*,*,#2695,.F.);
#3864=ORIENTED_EDGE('',*,*,#2698,.F.);
#3865=ORIENTED_EDGE('',*,*,#2701,.F.);
#3866=ORIENTED_EDGE('',*,*,#2704,.F.);
#3867=ORIENTED_EDGE('',*,*,#2707,.F.);
#3868=ORIENTED_EDGE('',*,*,#2661,.F.);
#3869=ORIENTED_EDGE('',*,*,#2665,.F.);
#3870=ORIENTED_EDGE('',*,*,#2668,.F.);
#3871=ORIENTED_EDGE('',*,*,#2671,.F.);
#3872=ORIENTED_EDGE('',*,*,#2674,.F.);
#3873=ORIENTED_EDGE('',*,*,#2677,.F.);
#3874=ORIENTED_EDGE('',*,*,#2278,.T.);
#3875=ORIENTED_EDGE('',*,*,#2751,.T.);
#3876=ORIENTED_EDGE('',*,*,#2752,.F.);
#3877=ORIENTED_EDGE('',*,*,#2751,.F.);
#3878=ORIENTED_EDGE('',*,*,#2752,.T.);
#3879=ORIENTED_EDGE('',*,*,#2753,.T.);
#3880=ORIENTED_EDGE('',*,*,#2277,.T.);
#3881=ORIENTED_EDGE('',*,*,#2754,.T.);
#3882=ORIENTED_EDGE('',*,*,#2755,.F.);
#3883=ORIENTED_EDGE('',*,*,#2754,.F.);
#3884=ORIENTED_EDGE('',*,*,#2755,.T.);
#3885=ORIENTED_EDGE('',*,*,#2756,.T.);
#3886=ORIENTED_EDGE('',*,*,#2276,.T.);
#3887=ORIENTED_EDGE('',*,*,#2757,.T.);
#3888=ORIENTED_EDGE('',*,*,#2758,.F.);
#3889=ORIENTED_EDGE('',*,*,#2757,.F.);
#3890=ORIENTED_EDGE('',*,*,#2758,.T.);
#3891=ORIENTED_EDGE('',*,*,#2759,.T.);
#3892=ORIENTED_EDGE('',*,*,#2275,.T.);
#3893=ORIENTED_EDGE('',*,*,#2760,.T.);
#3894=ORIENTED_EDGE('',*,*,#2761,.F.);
#3895=ORIENTED_EDGE('',*,*,#2760,.F.);
#3896=ORIENTED_EDGE('',*,*,#2761,.T.);
#3897=ORIENTED_EDGE('',*,*,#2762,.T.);
#3898=ORIENTED_EDGE('',*,*,#2274,.T.);
#3899=ORIENTED_EDGE('',*,*,#2763,.T.);
#3900=ORIENTED_EDGE('',*,*,#2764,.F.);
#3901=ORIENTED_EDGE('',*,*,#2763,.F.);
#3902=ORIENTED_EDGE('',*,*,#2764,.T.);
#3903=ORIENTED_EDGE('',*,*,#2765,.T.);
#3904=ORIENTED_EDGE('',*,*,#2273,.T.);
#3905=ORIENTED_EDGE('',*,*,#2766,.T.);
#3906=ORIENTED_EDGE('',*,*,#2767,.F.);
#3907=ORIENTED_EDGE('',*,*,#2766,.F.);
#3908=ORIENTED_EDGE('',*,*,#2767,.T.);
#3909=ORIENTED_EDGE('',*,*,#2768,.T.);
#3910=ORIENTED_EDGE('',*,*,#2272,.T.);
#3911=ORIENTED_EDGE('',*,*,#2769,.T.);
#3912=ORIENTED_EDGE('',*,*,#2770,.F.);
#3913=ORIENTED_EDGE('',*,*,#2769,.F.);
#3914=ORIENTED_EDGE('',*,*,#2770,.T.);
#3915=ORIENTED_EDGE('',*,*,#2771,.T.);
#3916=ORIENTED_EDGE('',*,*,#2519,.T.);
#3917=ORIENTED_EDGE('',*,*,#2179,.F.);
#3918=ORIENTED_EDGE('',*,*,#2194,.T.);
#3919=ORIENTED_EDGE('',*,*,#2388,.T.);
#3920=ORIENTED_EDGE('',*,*,#2517,.T.);
#3921=ORIENTED_EDGE('',*,*,#2384,.T.);
#3922=ORIENTED_EDGE('',*,*,#2586,.T.);
#3923=ORIENTED_EDGE('',*,*,#2183,.F.);
#3924=ORIENTED_EDGE('',*,*,#2515,.T.);
#3925=ORIENTED_EDGE('',*,*,#2511,.F.);
#3926=ORIENTED_EDGE('',*,*,#2772,.T.);
#3927=ORIENTED_EDGE('',*,*,#2381,.T.);
#3928=ORIENTED_EDGE('',*,*,#2504,.T.);
#3929=ORIENTED_EDGE('',*,*,#2377,.T.);
#3930=ORIENTED_EDGE('',*,*,#2773,.F.);
#3931=ORIENTED_EDGE('',*,*,#2505,.F.);
#3932=ORIENTED_EDGE('',*,*,#2452,.T.);
#3933=ORIENTED_EDGE('',*,*,#2774,.T.);
#3934=ORIENTED_EDGE('',*,*,#2759,.F.);
#3935=ORIENTED_EDGE('',*,*,#2774,.F.);
#3936=ORIENTED_EDGE('',*,*,#2453,.T.);
#3937=ORIENTED_EDGE('',*,*,#2775,.T.);
#3938=ORIENTED_EDGE('',*,*,#2756,.F.);
#3939=ORIENTED_EDGE('',*,*,#2775,.F.);
#3940=ORIENTED_EDGE('',*,*,#2454,.T.);
#3941=ORIENTED_EDGE('',*,*,#2776,.T.);
#3942=ORIENTED_EDGE('',*,*,#2753,.F.);
#3943=ORIENTED_EDGE('',*,*,#2776,.F.);
#3944=ORIENTED_EDGE('',*,*,#2520,.T.);
#3945=ORIENTED_EDGE('',*,*,#2254,.T.);
#3946=ORIENTED_EDGE('',*,*,#2526,.T.);
#3947=ORIENTED_EDGE('',*,*,#2435,.T.);
#3948=ORIENTED_EDGE('',*,*,#2475,.T.);
#3949=ORIENTED_EDGE('',*,*,#2247,.F.);
#3950=ORIENTED_EDGE('',*,*,#2479,.T.);
#3951=ORIENTED_EDGE('',*,*,#2442,.T.);
#3952=ORIENTED_EDGE('',*,*,#2478,.T.);
#3953=ORIENTED_EDGE('',*,*,#2244,.T.);
#3954=ORIENTED_EDGE('',*,*,#2777,.T.);
#3955=ORIENTED_EDGE('',*,*,#2445,.T.);
#3956=ORIENTED_EDGE('',*,*,#2415,.T.);
#3957=ORIENTED_EDGE('',*,*,#2778,.T.);
#3958=ORIENTED_EDGE('',*,*,#2762,.F.);
#3959=ORIENTED_EDGE('',*,*,#2778,.F.);
#3960=ORIENTED_EDGE('',*,*,#2416,.T.);
#3961=ORIENTED_EDGE('',*,*,#2779,.T.);
#3962=ORIENTED_EDGE('',*,*,#2765,.F.);
#3963=ORIENTED_EDGE('',*,*,#2779,.F.);
#3964=ORIENTED_EDGE('',*,*,#2417,.T.);
#3965=ORIENTED_EDGE('',*,*,#2780,.T.);
#3966=ORIENTED_EDGE('',*,*,#2771,.F.);
#3967=ORIENTED_EDGE('',*,*,#2780,.F.);
#3968=ORIENTED_EDGE('',*,*,#2419,.T.);
#3969=ORIENTED_EDGE('',*,*,#2781,.T.);
#3970=ORIENTED_EDGE('',*,*,#2768,.F.);
#3971=ORIENTED_EDGE('',*,*,#2781,.F.);
#3972=ORIENTED_EDGE('',*,*,#2458,.T.);
#3973=ORIENTED_EDGE('',*,*,#2473,.T.);
#3974=ORIENTED_EDGE('',*,*,#2480,.T.);
#3975=ORIENTED_EDGE('',*,*,#2350,.T.);
#3976=ORIENTED_EDGE('',*,*,#2484,.T.);
#3977=ORIENTED_EDGE('',*,*,#2446,.T.);
#3978=ORIENTED_EDGE('',*,*,#2777,.F.);
#3979=ORIENTED_EDGE('',*,*,#2243,.F.);
#3980=ORIENTED_EDGE('',*,*,#2570,.T.);
#3981=ORIENTED_EDGE('',*,*,#2356,.T.);
#3982=ORIENTED_EDGE('',*,*,#2577,.T.);
#3983=ORIENTED_EDGE('',*,*,#2571,.F.);
#3984=ORIENTED_EDGE('',*,*,#2590,.T.);
#3985=ORIENTED_EDGE('',*,*,#2219,.T.);
#3986=ORIENTED_EDGE('',*,*,#2585,.T.);
#3987=ORIENTED_EDGE('',*,*,#2492,.T.);
#3988=ORIENTED_EDGE('',*,*,#2782,.T.);
#3989=ORIENTED_EDGE('',*,*,#2370,.T.);
#3990=ORIENTED_EDGE('',*,*,#2490,.T.);
#3991=ORIENTED_EDGE('',*,*,#2371,.T.);
#3992=ORIENTED_EDGE('',*,*,#2782,.F.);
#3993=ORIENTED_EDGE('',*,*,#2491,.F.);
#3994=ORIENTED_EDGE('',*,*,#2501,.T.);
#3995=ORIENTED_EDGE('',*,*,#2497,.F.);
#3996=ORIENTED_EDGE('',*,*,#2783,.T.);
#3997=ORIENTED_EDGE('',*,*,#2375,.T.);
#3998=ORIENTED_EDGE('',*,*,#2215,.F.);
#3999=ORIENTED_EDGE('',*,*,#2581,.T.);
#4000=ORIENTED_EDGE('',*,*,#2506,.T.);
#4001=ORIENTED_EDGE('',*,*,#2773,.T.);
#4002=ORIENTED_EDGE('',*,*,#2376,.T.);
#4003=ORIENTED_EDGE('',*,*,#2783,.F.);
#4004=ORIENTED_EDGE('',*,*,#2496,.T.);
#4005=ORIENTED_EDGE('',*,*,#2582,.F.);
#4006=ORIENTED_EDGE('',*,*,#2587,.T.);
#4007=ORIENTED_EDGE('',*,*,#2382,.T.);
#4008=ORIENTED_EDGE('',*,*,#2772,.F.);
#4009=ORIENTED_EDGE('',*,*,#2510,.T.);
#4010=ORIENTED_EDGE('',*,*,#2578,.F.);
#4011=ORIENTED_EDGE('',*,*,#2211,.T.);
#4012=ORIENTED_EDGE('',*,*,#2422,.T.);
#4013=ORIENTED_EDGE('',*,*,#2408,.T.);
#4014=ORIENTED_EDGE('',*,*,#2485,.T.);
#4015=ORIENTED_EDGE('',*,*,#2429,.F.);
#4016=ORIENTED_EDGE('',*,*,#2342,.T.);
#4017=ORIENTED_EDGE('',*,*,#2414,.T.);
#4018=ORIENTED_EDGE('',*,*,#2456,.T.);
#4019=ORIENTED_EDGE('',*,*,#2449,.F.);
#4020=ORIENTED_EDGE('',*,*,#2631,.F.);
#4021=ORIENTED_EDGE('',*,*,#2635,.F.);
#4022=ORIENTED_EDGE('',*,*,#2638,.F.);
#4023=ORIENTED_EDGE('',*,*,#2641,.F.);
#4024=ORIENTED_EDGE('',*,*,#2644,.F.);
#4025=ORIENTED_EDGE('',*,*,#2647,.F.);
#4026=CYLINDRICAL_SURFACE('',#4348,0.25);
#4027=CYLINDRICAL_SURFACE('',#4352,0.25);
#4028=CYLINDRICAL_SURFACE('',#4364,0.17);
#4029=CYLINDRICAL_SURFACE('',#4366,2.00000000000001);
#4030=CYLINDRICAL_SURFACE('',#4417,0.25);
#4031=CYLINDRICAL_SURFACE('',#4422,0.25);
#4032=CYLINDRICAL_SURFACE('',#4431,0.25);
#4033=CYLINDRICAL_SURFACE('',#4432,0.5);
#4034=CYLINDRICAL_SURFACE('',#4433,1.49999999999999);
#4035=CYLINDRICAL_SURFACE('',#4436,0.5);
#4036=CYLINDRICAL_SURFACE('',#4439,0.5);
#4037=CYLINDRICAL_SURFACE('',#4443,0.5);
#4038=CYLINDRICAL_SURFACE('',#4446,1.5);
#4039=CYLINDRICAL_SURFACE('',#4448,1.5);
#4040=CYLINDRICAL_SURFACE('',#4449,1.);
#4041=CYLINDRICAL_SURFACE('',#4493,1.);
#4042=CYLINDRICAL_SURFACE('',#4496,1.5);
#4043=CYLINDRICAL_SURFACE('',#4515,1.5);
#4044=CYLINDRICAL_SURFACE('',#4516,0.25);
#4045=CYLINDRICAL_SURFACE('',#4527,0.5);
#4046=CYLINDRICAL_SURFACE('',#4529,0.5);
#4047=CYLINDRICAL_SURFACE('',#4530,6.99999999999999);
#4048=CYLINDRICAL_SURFACE('',#4531,0.5);
#4049=CYLINDRICAL_SURFACE('',#4533,0.5);
#4050=CYLINDRICAL_SURFACE('',#4534,0.5);
#4051=CYLINDRICAL_SURFACE('',#4535,1.2);
#4052=CYLINDRICAL_SURFACE('',#4537,1.5);
#4053=CYLINDRICAL_SURFACE('',#4544,1.5);
#4054=CYLINDRICAL_SURFACE('',#4545,1.5);
#4055=CYLINDRICAL_SURFACE('',#4552,1.5);
#4056=CYLINDRICAL_SURFACE('',#4553,1.5);
#4057=CYLINDRICAL_SURFACE('',#4555,1.5);
#4058=CYLINDRICAL_SURFACE('',#4556,1.);
#4059=CYLINDRICAL_SURFACE('',#4558,1.5);
#4060=CYLINDRICAL_SURFACE('',#4560,0.5);
#4061=CYLINDRICAL_SURFACE('',#4561,0.5);
#4062=CYLINDRICAL_SURFACE('',#4562,2.6);
#4063=CYLINDRICAL_SURFACE('',#4563,0.5);
#4064=CYLINDRICAL_SURFACE('',#4569,0.5);
#4065=CYLINDRICAL_SURFACE('',#4571,0.5);
#4066=CYLINDRICAL_SURFACE('',#4572,0.5);
#4067=CYLINDRICAL_SURFACE('',#4573,0.5);
#4068=CYLINDRICAL_SURFACE('',#4575,0.5);
#4069=CYLINDRICAL_SURFACE('',#4576,1.5);
#4070=CYLINDRICAL_SURFACE('',#4579,1.5);
#4071=CYLINDRICAL_SURFACE('',#4582,1.5);
#4072=CYLINDRICAL_SURFACE('',#4587,1.5);
#4073=CYLINDRICAL_SURFACE('',#4589,1.5);
#4074=CYLINDRICAL_SURFACE('',#4594,1.5);
#4075=CYLINDRICAL_SURFACE('',#4595,1.5);
#4076=CYLINDRICAL_SURFACE('',#4597,1.5);
#4077=CYLINDRICAL_SURFACE('',#4598,1.5);
#4078=CYLINDRICAL_SURFACE('',#4600,1.5);
#4079=CYLINDRICAL_SURFACE('',#4601,2.3);
#4080=CYLINDRICAL_SURFACE('',#4603,2.3);
#4081=CYLINDRICAL_SURFACE('',#4605,2.3);
#4082=CYLINDRICAL_SURFACE('',#4607,2.3);
#4083=CYLINDRICAL_SURFACE('',#4608,2.3);
#4084=CYLINDRICAL_SURFACE('',#4610,2.3);
#4085=CYLINDRICAL_SURFACE('',#4612,2.3);
#4086=CYLINDRICAL_SURFACE('',#4614,2.3);
#4087=CYLINDRICAL_SURFACE('',#4616,2.3);
#4088=CYLINDRICAL_SURFACE('',#4618,1.2);
#4089=CYLINDRICAL_SURFACE('',#4620,1.2);
#4090=CYLINDRICAL_SURFACE('',#4622,1.2);
#4091=CYLINDRICAL_SURFACE('',#4624,1.2);
#4092=CYLINDRICAL_SURFACE('',#4626,3.1);
#4093=CYLINDRICAL_SURFACE('',#4629,4.);
#4094=CYLINDRICAL_SURFACE('',#4632,3.1);
#4095=CYLINDRICAL_SURFACE('',#4635,3.99999999999999);
#4096=CYLINDRICAL_SURFACE('',#4638,3.1);
#4097=CYLINDRICAL_SURFACE('',#4641,3.99999999999999);
#4098=CYLINDRICAL_SURFACE('',#4644,3.1);
#4099=CYLINDRICAL_SURFACE('',#4647,4.);
#4100=CYLINDRICAL_SURFACE('',#4709,1.99999999999999);
#4101=CYLINDRICAL_SURFACE('',#4713,1.99999999999999);
#4102=CYLINDRICAL_SURFACE('',#4717,1.99999999999999);
#4103=CYLINDRICAL_SURFACE('',#4721,1.99999999999999);
#4104=CYLINDRICAL_SURFACE('',#4725,2.);
#4105=CYLINDRICAL_SURFACE('',#4729,1.99999999999999);
#4106=CYLINDRICAL_SURFACE('',#4733,2.);
#4107=CYLINDRICAL_SURFACE('',#4741,0.999999999999996);
#4108=CYLINDRICAL_SURFACE('',#4742,0.999999999999996);
#4109=CYLINDRICAL_SURFACE('',#4743,0.999999999999996);
#4110=CYLINDRICAL_SURFACE('',#4747,0.999999999999996);
#4111=CYLINDRICAL_SURFACE('',#4748,0.999999999999996);
#4112=CYLINDRICAL_SURFACE('',#4749,1.);
#4113=CYLINDRICAL_SURFACE('',#4750,0.999999999999996);
#4114=ADVANCED_FACE('',(#196),#4026,.F.);
#4115=ADVANCED_FACE('',(#197),#56,.F.);
#4116=ADVANCED_FACE('',(#198),#4027,.T.);
#4117=ADVANCED_FACE('',(#199),#57,.F.);
#4118=ADVANCED_FACE('',(#200),#58,.F.);
#4119=ADVANCED_FACE('',(#201),#59,.F.);
#4120=ADVANCED_FACE('',(#202),#4028,.T.);
#4121=ADVANCED_FACE('',(#203),#4029,.F.);
#4122=ADVANCED_FACE('',(#204,#20,#21,#22,#23,#24,#25,#26,#27,#28,#29,#30),
#60,.T.);
#4123=ADVANCED_FACE('',(#205),#17,.F.);
#4124=ADVANCED_FACE('',(#206),#4030,.T.);
#4125=ADVANCED_FACE('',(#207),#18,.F.);
#4126=ADVANCED_FACE('',(#208),#4031,.T.);
#4127=ADVANCED_FACE('',(#209),#19,.F.);
#4128=ADVANCED_FACE('',(#210),#16,.T.);
#4129=ADVANCED_FACE('',(#211),#4032,.T.);
#4130=ADVANCED_FACE('',(#212),#4033,.T.);
#4131=ADVANCED_FACE('',(#213),#4034,.T.);
#4132=ADVANCED_FACE('',(#214),#61,.T.);
#4133=ADVANCED_FACE('',(#215),#4035,.T.);
#4134=ADVANCED_FACE('',(#216),#62,.T.);
#4135=ADVANCED_FACE('',(#217),#4036,.F.);
#4136=ADVANCED_FACE('',(#218),#63,.T.);
#4137=ADVANCED_FACE('',(#219),#4037,.T.);
#4138=ADVANCED_FACE('',(#220),#64,.T.);
#4139=ADVANCED_FACE('',(#221),#65,.T.);
#4140=ADVANCED_FACE('',(#222),#4038,.F.);
#4141=ADVANCED_FACE('',(#223),#66,.F.);
#4142=ADVANCED_FACE('',(#224),#4039,.F.);
#4143=ADVANCED_FACE('',(#225),#4040,.T.);
#4144=ADVANCED_FACE('',(#226),#67,.F.);
#4145=ADVANCED_FACE('',(#227,#31,#32,#33,#34,#35,#36,#37),#68,.F.);
#4146=ADVANCED_FACE('',(#228),#4041,.T.);
#4147=ADVANCED_FACE('',(#229),#69,.F.);
#4148=ADVANCED_FACE('',(#230),#4042,.F.);
#4149=ADVANCED_FACE('',(#231,#38,#39,#40),#70,.F.);
#4150=ADVANCED_FACE('',(#232),#71,.F.);
#4151=ADVANCED_FACE('',(#233),#4043,.F.);
#4152=ADVANCED_FACE('',(#234),#4044,.T.);
#4153=ADVANCED_FACE('',(#235),#72,.F.);
#4154=ADVANCED_FACE('',(#236),#73,.F.);
#4155=ADVANCED_FACE('',(#237),#4045,.T.);
#4156=ADVANCED_FACE('',(#238),#74,.F.);
#4157=ADVANCED_FACE('',(#239),#4046,.T.);
#4158=ADVANCED_FACE('',(#240),#4047,.F.);
#4159=ADVANCED_FACE('',(#241),#4048,.T.);
#4160=ADVANCED_FACE('',(#242),#75,.F.);
#4161=ADVANCED_FACE('',(#243),#4049,.T.);
#4162=ADVANCED_FACE('',(#244),#4050,.F.);
#4163=ADVANCED_FACE('',(#245),#4051,.F.);
#4164=ADVANCED_FACE('',(#246),#76,.F.);
#4165=ADVANCED_FACE('',(#247),#4052,.F.);
#4166=ADVANCED_FACE('',(#248),#77,.F.);
#4167=ADVANCED_FACE('',(#249),#78,.F.);
#4168=ADVANCED_FACE('',(#250),#4053,.F.);
#4169=ADVANCED_FACE('',(#251),#4054,.F.);
#4170=ADVANCED_FACE('',(#252),#79,.F.);
#4171=ADVANCED_FACE('',(#253),#80,.F.);
#4172=ADVANCED_FACE('',(#254),#4055,.F.);
#4173=ADVANCED_FACE('',(#255),#4056,.F.);
#4174=ADVANCED_FACE('',(#256),#81,.F.);
#4175=ADVANCED_FACE('',(#257),#4057,.F.);
#4176=ADVANCED_FACE('',(#258),#4058,.F.);
#4177=ADVANCED_FACE('',(#259),#82,.F.);
#4178=ADVANCED_FACE('',(#260),#4059,.T.);
#4179=ADVANCED_FACE('',(#261),#83,.F.);
#4180=ADVANCED_FACE('',(#262),#4060,.T.);
#4181=ADVANCED_FACE('',(#263),#4061,.F.);
#4182=ADVANCED_FACE('',(#264),#4062,.T.);
#4183=ADVANCED_FACE('',(#265),#4063,.T.);
#4184=ADVANCED_FACE('',(#266),#84,.T.);
#4185=ADVANCED_FACE('',(#267),#85,.F.);
#4186=ADVANCED_FACE('',(#268),#4064,.T.);
#4187=ADVANCED_FACE('',(#269),#86,.T.);
#4188=ADVANCED_FACE('',(#270),#4065,.T.);
#4189=ADVANCED_FACE('',(#271),#4066,.T.);
#4190=ADVANCED_FACE('',(#272),#4067,.F.);
#4191=ADVANCED_FACE('',(#273),#87,.F.);
#4192=ADVANCED_FACE('',(#274),#4068,.F.);
#4193=ADVANCED_FACE('',(#275),#4069,.F.);
#4194=ADVANCED_FACE('',(#276),#88,.F.);
#4195=ADVANCED_FACE('',(#277),#4070,.F.);
#4196=ADVANCED_FACE('',(#278),#89,.F.);
#4197=ADVANCED_FACE('',(#279),#4071,.F.);
#4198=ADVANCED_FACE('',(#280),#90,.T.);
#4199=ADVANCED_FACE('',(#281),#91,.T.);
#4200=ADVANCED_FACE('',(#282),#4072,.F.);
#4201=ADVANCED_FACE('',(#283),#92,.F.);
#4202=ADVANCED_FACE('',(#284),#4073,.F.);
#4203=ADVANCED_FACE('',(#285),#93,.F.);
#4204=ADVANCED_FACE('',(#286),#94,.F.);
#4205=ADVANCED_FACE('',(#287),#4074,.F.);
#4206=ADVANCED_FACE('',(#288),#4075,.T.);
#4207=ADVANCED_FACE('',(#289),#95,.F.);
#4208=ADVANCED_FACE('',(#290),#4076,.T.);
#4209=ADVANCED_FACE('',(#291),#4077,.T.);
#4210=ADVANCED_FACE('',(#292),#96,.F.);
#4211=ADVANCED_FACE('',(#293),#4078,.T.);
#4212=ADVANCED_FACE('',(#294),#4079,.T.);
#4213=ADVANCED_FACE('',(#295),#97,.F.);
#4214=ADVANCED_FACE('',(#296),#4080,.T.);
#4215=ADVANCED_FACE('',(#297),#98,.F.);
#4216=ADVANCED_FACE('',(#298),#4081,.T.);
#4217=ADVANCED_FACE('',(#299),#99,.F.);
#4218=ADVANCED_FACE('',(#300),#4082,.T.);
#4219=ADVANCED_FACE('',(#301),#4083,.T.);
#4220=ADVANCED_FACE('',(#302),#100,.F.);
#4221=ADVANCED_FACE('',(#303),#4084,.T.);
#4222=ADVANCED_FACE('',(#304),#101,.F.);
#4223=ADVANCED_FACE('',(#305),#4085,.T.);
#4224=ADVANCED_FACE('',(#306),#102,.F.);
#4225=ADVANCED_FACE('',(#307),#4086,.T.);
#4226=ADVANCED_FACE('',(#308),#103,.F.);
#4227=ADVANCED_FACE('',(#309),#4087,.T.);
#4228=ADVANCED_FACE('',(#310),#104,.F.);
#4229=ADVANCED_FACE('',(#311),#4088,.F.);
#4230=ADVANCED_FACE('',(#312),#105,.F.);
#4231=ADVANCED_FACE('',(#313),#4089,.F.);
#4232=ADVANCED_FACE('',(#314),#106,.F.);
#4233=ADVANCED_FACE('',(#315),#4090,.F.);
#4234=ADVANCED_FACE('',(#316),#107,.F.);
#4235=ADVANCED_FACE('',(#317),#4091,.F.);
#4236=ADVANCED_FACE('',(#318),#108,.F.);
#4237=ADVANCED_FACE('',(#319),#4092,.F.);
#4238=ADVANCED_FACE('',(#320),#4093,.T.);
#4239=ADVANCED_FACE('',(#321,#41),#109,.F.);
#4240=ADVANCED_FACE('',(#322),#4094,.F.);
#4241=ADVANCED_FACE('',(#323),#4095,.T.);
#4242=ADVANCED_FACE('',(#324,#42),#110,.F.);
#4243=ADVANCED_FACE('',(#325),#4096,.F.);
#4244=ADVANCED_FACE('',(#326),#4097,.T.);
#4245=ADVANCED_FACE('',(#327,#43),#111,.F.);
#4246=ADVANCED_FACE('',(#328),#4098,.F.);
#4247=ADVANCED_FACE('',(#329),#4099,.T.);
#4248=ADVANCED_FACE('',(#330,#44),#112,.F.);
#4249=ADVANCED_FACE('',(#331),#113,.F.);
#4250=ADVANCED_FACE('',(#332),#114,.F.);
#4251=ADVANCED_FACE('',(#333),#115,.F.);
#4252=ADVANCED_FACE('',(#334),#116,.F.);
#4253=ADVANCED_FACE('',(#335),#117,.T.);
#4254=ADVANCED_FACE('',(#336),#118,.T.);
#4255=ADVANCED_FACE('',(#337),#119,.T.);
#4256=ADVANCED_FACE('',(#338),#120,.T.);
#4257=ADVANCED_FACE('',(#339),#121,.T.);
#4258=ADVANCED_FACE('',(#340),#122,.T.);
#4259=ADVANCED_FACE('',(#341),#123,.T.);
#4260=ADVANCED_FACE('',(#342),#124,.T.);
#4261=ADVANCED_FACE('',(#343),#125,.T.);
#4262=ADVANCED_FACE('',(#344),#126,.T.);
#4263=ADVANCED_FACE('',(#345),#127,.T.);
#4264=ADVANCED_FACE('',(#346),#128,.T.);
#4265=ADVANCED_FACE('',(#347,#45),#129,.T.);
#4266=ADVANCED_FACE('',(#348),#130,.T.);
#4267=ADVANCED_FACE('',(#349),#131,.T.);
#4268=ADVANCED_FACE('',(#350),#132,.T.);
#4269=ADVANCED_FACE('',(#351),#133,.T.);
#4270=ADVANCED_FACE('',(#352),#134,.T.);
#4271=ADVANCED_FACE('',(#353),#135,.T.);
#4272=ADVANCED_FACE('',(#354),#136,.T.);
#4273=ADVANCED_FACE('',(#355),#137,.T.);
#4274=ADVANCED_FACE('',(#356),#138,.T.);
#4275=ADVANCED_FACE('',(#357),#139,.T.);
#4276=ADVANCED_FACE('',(#358),#140,.T.);
#4277=ADVANCED_FACE('',(#359),#141,.T.);
#4278=ADVANCED_FACE('',(#360,#46),#142,.T.);
#4279=ADVANCED_FACE('',(#361),#143,.T.);
#4280=ADVANCED_FACE('',(#362),#144,.T.);
#4281=ADVANCED_FACE('',(#363),#145,.T.);
#4282=ADVANCED_FACE('',(#364),#146,.T.);
#4283=ADVANCED_FACE('',(#365),#147,.T.);
#4284=ADVANCED_FACE('',(#366),#148,.T.);
#4285=ADVANCED_FACE('',(#367),#149,.T.);
#4286=ADVANCED_FACE('',(#368),#150,.T.);
#4287=ADVANCED_FACE('',(#369),#151,.T.);
#4288=ADVANCED_FACE('',(#370),#152,.T.);
#4289=ADVANCED_FACE('',(#371),#153,.T.);
#4290=ADVANCED_FACE('',(#372),#154,.T.);
#4291=ADVANCED_FACE('',(#373,#47),#155,.T.);
#4292=ADVANCED_FACE('',(#374),#156,.T.);
#4293=ADVANCED_FACE('',(#375),#157,.T.);
#4294=ADVANCED_FACE('',(#376),#158,.T.);
#4295=ADVANCED_FACE('',(#377),#159,.T.);
#4296=ADVANCED_FACE('',(#378),#160,.T.);
#4297=ADVANCED_FACE('',(#379),#161,.T.);
#4298=ADVANCED_FACE('',(#380),#162,.T.);
#4299=ADVANCED_FACE('',(#381),#163,.T.);
#4300=ADVANCED_FACE('',(#382),#164,.T.);
#4301=ADVANCED_FACE('',(#383),#165,.T.);
#4302=ADVANCED_FACE('',(#384),#166,.T.);
#4303=ADVANCED_FACE('',(#385),#167,.T.);
#4304=ADVANCED_FACE('',(#386,#48),#168,.T.);
#4305=ADVANCED_FACE('',(#387),#169,.T.);
#4306=ADVANCED_FACE('',(#388),#170,.T.);
#4307=ADVANCED_FACE('',(#389),#171,.T.);
#4308=ADVANCED_FACE('',(#390),#4100,.F.);
#4309=ADVANCED_FACE('',(#391,#49),#172,.T.);
#4310=ADVANCED_FACE('',(#392),#4101,.F.);
#4311=ADVANCED_FACE('',(#393,#50),#173,.T.);
#4312=ADVANCED_FACE('',(#394),#4102,.F.);
#4313=ADVANCED_FACE('',(#395,#51),#174,.T.);
#4314=ADVANCED_FACE('',(#396),#4103,.F.);
#4315=ADVANCED_FACE('',(#397,#52),#175,.T.);
#4316=ADVANCED_FACE('',(#398),#4104,.F.);
#4317=ADVANCED_FACE('',(#399,#53),#176,.T.);
#4318=ADVANCED_FACE('',(#400),#4105,.F.);
#4319=ADVANCED_FACE('',(#401,#54),#177,.T.);
#4320=ADVANCED_FACE('',(#402),#4106,.F.);
#4321=ADVANCED_FACE('',(#403,#55),#178,.T.);
#4322=ADVANCED_FACE('',(#404),#179,.F.);
#4323=ADVANCED_FACE('',(#405),#180,.F.);
#4324=ADVANCED_FACE('',(#406),#181,.F.);
#4325=ADVANCED_FACE('',(#407),#182,.F.);
#4326=ADVANCED_FACE('',(#408),#4107,.F.);
#4327=ADVANCED_FACE('',(#409),#4108,.F.);
#4328=ADVANCED_FACE('',(#410),#4109,.F.);
#4329=ADVANCED_FACE('',(#411),#183,.F.);
#4330=ADVANCED_FACE('',(#412),#184,.F.);
#4331=ADVANCED_FACE('',(#413),#185,.F.);
#4332=ADVANCED_FACE('',(#414),#4110,.F.);
#4333=ADVANCED_FACE('',(#415),#4111,.F.);
#4334=ADVANCED_FACE('',(#416),#4112,.F.);
#4335=ADVANCED_FACE('',(#417),#4113,.F.);
#4336=ADVANCED_FACE('',(#418),#186,.F.);
#4337=ADVANCED_FACE('',(#419),#187,.F.);
#4338=ADVANCED_FACE('',(#420),#188,.F.);
#4339=ADVANCED_FACE('',(#421),#189,.F.);
#4340=ADVANCED_FACE('',(#422),#190,.F.);
#4341=ADVANCED_FACE('',(#423),#191,.F.);
#4342=ADVANCED_FACE('',(#424),#192,.F.);
#4343=ADVANCED_FACE('',(#425),#193,.F.);
#4344=ADVANCED_FACE('',(#426),#194,.F.);
#4345=ADVANCED_FACE('',(#427),#195,.T.);
#4346=CLOSED_SHELL('',(#4114,#4115,#4116,#4117,#4118,#4119,#4120,#4121,
#4122,#4123,#4124,#4125,#4126,#4127,#4128,#4129,#4130,#4131,#4132,#4133,
#4134,#4135,#4136,#4137,#4138,#4139,#4140,#4141,#4142,#4143,#4144,#4145,
#4146,#4147,#4148,#4149,#4150,#4151,#4152,#4153,#4154,#4155,#4156,#4157,
#4158,#4159,#4160,#4161,#4162,#4163,#4164,#4165,#4166,#4167,#4168,#4169,
#4170,#4171,#4172,#4173,#4174,#4175,#4176,#4177,#4178,#4179,#4180,#4181,
#4182,#4183,#4184,#4185,#4186,#4187,#4188,#4189,#4190,#4191,#4192,#4193,
#4194,#4195,#4196,#4197,#4198,#4199,#4200,#4201,#4202,#4203,#4204,#4205,
#4206,#4207,#4208,#4209,#4210,#4211,#4212,#4213,#4214,#4215,#4216,#4217,
#4218,#4219,#4220,#4221,#4222,#4223,#4224,#4225,#4226,#4227,#4228,#4229,
#4230,#4231,#4232,#4233,#4234,#4235,#4236,#4237,#4238,#4239,#4240,#4241,
#4242,#4243,#4244,#4245,#4246,#4247,#4248,#4249,#4250,#4251,#4252,#4253,
#4254,#4255,#4256,#4257,#4258,#4259,#4260,#4261,#4262,#4263,#4264,#4265,
#4266,#4267,#4268,#4269,#4270,#4271,#4272,#4273,#4274,#4275,#4276,#4277,
#4278,#4279,#4280,#4281,#4282,#4283,#4284,#4285,#4286,#4287,#4288,#4289,
#4290,#4291,#4292,#4293,#4294,#4295,#4296,#4297,#4298,#4299,#4300,#4301,
#4302,#4303,#4304,#4305,#4306,#4307,#4308,#4309,#4310,#4311,#4312,#4313,
#4314,#4315,#4316,#4317,#4318,#4319,#4320,#4321,#4322,#4323,#4324,#4325,
#4326,#4327,#4328,#4329,#4330,#4331,#4332,#4333,#4334,#4335,#4336,#4337,
#4338,#4339,#4340,#4341,#4342,#4343,#4344,#4345));
#4347=AXIS2_PLACEMENT_3D('',#6025,#4761,#4762);
#4348=AXIS2_PLACEMENT_3D('',#6026,#4763,#4764);
#4349=AXIS2_PLACEMENT_3D('',#6029,#4765,#4766);
#4350=AXIS2_PLACEMENT_3D('',#6033,#4768,#4769);
#4351=AXIS2_PLACEMENT_3D('',#6035,#4771,#4772);
#4352=AXIS2_PLACEMENT_3D('',#6049,#4780,#4781);
#4353=AXIS2_PLACEMENT_3D('',#6052,#4782,#4783);
#4354=AXIS2_PLACEMENT_3D('',#6056,#4785,#4786);
#4355=AXIS2_PLACEMENT_3D('',#6058,#4788,#4789);
#4356=AXIS2_PLACEMENT_3D('',#6064,#4792,#4793);
#4357=AXIS2_PLACEMENT_3D('',#6068,#4795,#4796);
#4358=AXIS2_PLACEMENT_3D('',#6072,#4798,#4799);
#4359=AXIS2_PLACEMENT_3D('',#6076,#4801,#4802);
#4360=AXIS2_PLACEMENT_3D('',#6078,#4803,#4804);
#4361=AXIS2_PLACEMENT_3D('',#6081,#4806,#4807);
#4362=AXIS2_PLACEMENT_3D('',#6083,#4809,#4810);
#4363=AXIS2_PLACEMENT_3D('',#6091,#4815,#4816);
#4364=AXIS2_PLACEMENT_3D('',#6095,#4819,#4820);
#4365=AXIS2_PLACEMENT_3D('',#6099,#4822,#4823);
#4366=AXIS2_PLACEMENT_3D('',#6101,#4825,#4826);
#4367=AXIS2_PLACEMENT_3D('',#6103,#4827,#4828);
#4368=AXIS2_PLACEMENT_3D('',#6105,#4830,#4831);
#4369=AXIS2_PLACEMENT_3D('',#6106,#4832,#4833);
#4370=AXIS2_PLACEMENT_3D('',#6108,#4834,#4835);
#4371=AXIS2_PLACEMENT_3D('',#6112,#4837,#4838);
#4372=AXIS2_PLACEMENT_3D('',#6114,#4839,#4840);
#4373=AXIS2_PLACEMENT_3D('',#6120,#4844,#4845);
#4374=AXIS2_PLACEMENT_3D('',#6124,#4847,#4848);
#4375=AXIS2_PLACEMENT_3D('',#6128,#4850,#4851);
#4376=AXIS2_PLACEMENT_3D('',#6132,#4853,#4854);
#4377=AXIS2_PLACEMENT_3D('',#6136,#4856,#4857);
#4378=AXIS2_PLACEMENT_3D('',#6140,#4859,#4860);
#4379=AXIS2_PLACEMENT_3D('',#6144,#4862,#4863);
#4380=AXIS2_PLACEMENT_3D('',#6148,#4865,#4866);
#4381=AXIS2_PLACEMENT_3D('',#6152,#4868,#4869);
#4382=AXIS2_PLACEMENT_3D('',#6156,#4871,#4872);
#4383=AXIS2_PLACEMENT_3D('',#6160,#4874,#4875);
#4384=AXIS2_PLACEMENT_3D('',#6164,#4877,#4878);
#4385=AXIS2_PLACEMENT_3D('',#6168,#4880,#4881);
#4386=AXIS2_PLACEMENT_3D('',#6172,#4883,#4884);
#4387=AXIS2_PLACEMENT_3D('',#6174,#4885,#4886);
#4388=AXIS2_PLACEMENT_3D('',#6178,#4888,#4889);
#4389=AXIS2_PLACEMENT_3D('',#6180,#4890,#4891);
#4390=AXIS2_PLACEMENT_3D('',#6184,#4893,#4894);
#4391=AXIS2_PLACEMENT_3D('',#6190,#4897,#4898);
#4392=AXIS2_PLACEMENT_3D('',#6192,#4899,#4900);
#4393=AXIS2_PLACEMENT_3D('',#6196,#4902,#4903);
#4394=AXIS2_PLACEMENT_3D('',#6200,#4905,#4906);
#4395=AXIS2_PLACEMENT_3D('',#6204,#4908,#4909);
#4396=AXIS2_PLACEMENT_3D('',#6206,#4910,#4911);
#4397=AXIS2_PLACEMENT_3D('',#6210,#4913,#4914);
#4398=AXIS2_PLACEMENT_3D('',#6214,#4916,#4917);
#4399=AXIS2_PLACEMENT_3D('',#6218,#4919,#4920);
#4400=AXIS2_PLACEMENT_3D('',#6222,#4922,#4923);
#4401=AXIS2_PLACEMENT_3D('',#6226,#4925,#4926);
#4402=AXIS2_PLACEMENT_3D('',#6230,#4928,#4929);
#4403=AXIS2_PLACEMENT_3D('',#6234,#4931,#4932);
#4404=AXIS2_PLACEMENT_3D('',#6238,#4934,#4935);
#4405=AXIS2_PLACEMENT_3D('',#6241,#4937,#4938);
#4406=AXIS2_PLACEMENT_3D('',#6243,#4939,#4940);
#4407=AXIS2_PLACEMENT_3D('',#6245,#4941,#4942);
#4408=AXIS2_PLACEMENT_3D('',#6247,#4943,#4944);
#4409=AXIS2_PLACEMENT_3D('',#6249,#4945,#4946);
#4410=AXIS2_PLACEMENT_3D('',#6251,#4947,#4948);
#4411=AXIS2_PLACEMENT_3D('',#6253,#4949,#4950);
#4412=AXIS2_PLACEMENT_3D('',#6255,#4951,#4952);
#4413=AXIS2_PLACEMENT_3D('',#6315,#4977,#4978);
#4414=AXIS2_PLACEMENT_3D('',#6317,#4979,#4980);
#4415=AXIS2_PLACEMENT_3D('',#6319,#4981,#4982);
#4416=AXIS2_PLACEMENT_3D('',#6320,#4983,#4984);
#4417=AXIS2_PLACEMENT_3D('',#6321,#4985,#4986);
#4418=AXIS2_PLACEMENT_3D('',#6324,#4987,#4988);
#4419=AXIS2_PLACEMENT_3D('',#6338,#4991,#4992);
#4420=AXIS2_PLACEMENT_3D('',#6339,#4993,#4994);
#4421=AXIS2_PLACEMENT_3D('',#6340,#4995,#4996);
#4422=AXIS2_PLACEMENT_3D('',#6341,#4997,#4998);
#4423=AXIS2_PLACEMENT_3D('',#6344,#4999,#5000);
#4424=AXIS2_PLACEMENT_3D('',#6358,#5003,#5004);
#4425=AXIS2_PLACEMENT_3D('',#6359,#5005,#5006);
#4426=AXIS2_PLACEMENT_3D('',#6360,#5007,#5008);
#4427=AXIS2_PLACEMENT_3D('',#6361,#5009,#5010);
#4428=AXIS2_PLACEMENT_3D('',#6364,#5011,#5012);
#4429=AXIS2_PLACEMENT_3D('',#6365,#5013,#5014);
#4430=AXIS2_PLACEMENT_3D('',#6366,#5015,#5016);
#4431=AXIS2_PLACEMENT_3D('',#6367,#5017,#5018);
#4432=AXIS2_PLACEMENT_3D('',#6370,#5021,#5022);
#4433=AXIS2_PLACEMENT_3D('',#6373,#5025,#5026);
#4434=AXIS2_PLACEMENT_3D('',#6375,#5028,#5029);
#4435=AXIS2_PLACEMENT_3D('',#6380,#5032,#5033);
#4436=AXIS2_PLACEMENT_3D('',#6381,#5034,#5035);
#4437=AXIS2_PLACEMENT_3D('',#6384,#5037,#5038);
#4438=AXIS2_PLACEMENT_3D('',#6385,#5039,#5040);
#4439=AXIS2_PLACEMENT_3D('',#6386,#5041,#5042);
#4440=AXIS2_PLACEMENT_3D('',#6397,#5044,#5045);
#4441=AXIS2_PLACEMENT_3D('',#6401,#5047,#5048);
#4442=AXIS2_PLACEMENT_3D('',#6404,#5050,#5051);
#4443=AXIS2_PLACEMENT_3D('',#6405,#5052,#5053);
#4444=AXIS2_PLACEMENT_3D('',#6408,#5056,#5057);
#4445=AXIS2_PLACEMENT_3D('',#6409,#5058,#5059);
#4446=AXIS2_PLACEMENT_3D('',#6411,#5061,#5062);
#4447=AXIS2_PLACEMENT_3D('',#6412,#5063,#5064);
#4448=AXIS2_PLACEMENT_3D('',#6413,#5065,#5066);
#4449=AXIS2_PLACEMENT_3D('',#6414,#5067,#5068);
#4450=AXIS2_PLACEMENT_3D('',#6417,#5069,#5070);
#4451=AXIS2_PLACEMENT_3D('',#6421,#5072,#5073);
#4452=AXIS2_PLACEMENT_3D('',#6423,#5075,#5076);
#4453=AXIS2_PLACEMENT_3D('',#6429,#5080,#5081);
#4454=AXIS2_PLACEMENT_3D('',#6431,#5082,#5083);
#4455=AXIS2_PLACEMENT_3D('',#6433,#5084,#5085);
#4456=AXIS2_PLACEMENT_3D('',#6437,#5087,#5088);
#4457=AXIS2_PLACEMENT_3D('',#6441,#5090,#5091);
#4458=AXIS2_PLACEMENT_3D('',#6445,#5093,#5094);
#4459=AXIS2_PLACEMENT_3D('',#6449,#5096,#5097);
#4460=AXIS2_PLACEMENT_3D('',#6453,#5099,#5100);
#4461=AXIS2_PLACEMENT_3D('',#6457,#5102,#5103);
#4462=AXIS2_PLACEMENT_3D('',#6461,#5105,#5106);
#4463=AXIS2_PLACEMENT_3D('',#6465,#5108,#5109);
#4464=AXIS2_PLACEMENT_3D('',#6469,#5111,#5112);
#4465=AXIS2_PLACEMENT_3D('',#6473,#5114,#5115);
#4466=AXIS2_PLACEMENT_3D('',#6479,#5118,#5119);
#4467=AXIS2_PLACEMENT_3D('',#6483,#5121,#5122);
#4468=AXIS2_PLACEMENT_3D('',#6491,#5126,#5127);
#4469=AXIS2_PLACEMENT_3D('',#6495,#5129,#5130);
#4470=AXIS2_PLACEMENT_3D('',#6501,#5133,#5134);
#4471=AXIS2_PLACEMENT_3D('',#6505,#5136,#5137);
#4472=AXIS2_PLACEMENT_3D('',#6509,#5139,#5140);
#4473=AXIS2_PLACEMENT_3D('',#6512,#5142,#5143);
#4474=AXIS2_PLACEMENT_3D('',#6516,#5145,#5146);
#4475=AXIS2_PLACEMENT_3D('',#6520,#5148,#5149);
#4476=AXIS2_PLACEMENT_3D('',#6524,#5151,#5152);
#4477=AXIS2_PLACEMENT_3D('',#6528,#5154,#5155);
#4478=AXIS2_PLACEMENT_3D('',#6532,#5157,#5158);
#4479=AXIS2_PLACEMENT_3D('',#6536,#5160,#5161);
#4480=AXIS2_PLACEMENT_3D('',#6540,#5163,#5164);
#4481=AXIS2_PLACEMENT_3D('',#6544,#5166,#5167);
#4482=AXIS2_PLACEMENT_3D('',#6548,#5169,#5170);
#4483=AXIS2_PLACEMENT_3D('',#6552,#5172,#5173);
#4484=AXIS2_PLACEMENT_3D('',#6556,#5175,#5176);
#4485=AXIS2_PLACEMENT_3D('',#6560,#5178,#5179);
#4486=AXIS2_PLACEMENT_3D('',#6563,#5181,#5182);
#4487=AXIS2_PLACEMENT_3D('',#6565,#5183,#5184);
#4488=AXIS2_PLACEMENT_3D('',#6567,#5185,#5186);
#4489=AXIS2_PLACEMENT_3D('',#6569,#5187,#5188);
#4490=AXIS2_PLACEMENT_3D('',#6571,#5189,#5190);
#4491=AXIS2_PLACEMENT_3D('',#6573,#5191,#5192);
#4492=AXIS2_PLACEMENT_3D('',#6575,#5193,#5194);
#4493=AXIS2_PLACEMENT_3D('',#6576,#5195,#5196);
#4494=AXIS2_PLACEMENT_3D('',#6580,#5198,#5199);
#4495=AXIS2_PLACEMENT_3D('',#6582,#5201,#5202);
#4496=AXIS2_PLACEMENT_3D('',#6586,#5205,#5206);
#4497=AXIS2_PLACEMENT_3D('',#6588,#5207,#5208);
#4498=AXIS2_PLACEMENT_3D('',#6590,#5210,#5211);
#4499=AXIS2_PLACEMENT_3D('',#6594,#5213,#5214);
#4500=AXIS2_PLACEMENT_3D('',#6598,#5216,#5217);
#4501=AXIS2_PLACEMENT_3D('',#6602,#5219,#5220);
#4502=AXIS2_PLACEMENT_3D('',#6606,#5222,#5223);
#4503=AXIS2_PLACEMENT_3D('',#6608,#5224,#5225);
#4504=AXIS2_PLACEMENT_3D('',#6612,#5227,#5228);
#4505=AXIS2_PLACEMENT_3D('',#6616,#5230,#5231);
#4506=AXIS2_PLACEMENT_3D('',#6620,#5233,#5234);
#4507=AXIS2_PLACEMENT_3D('',#6622,#5235,#5236);
#4508=AXIS2_PLACEMENT_3D('',#6628,#5239,#5240);
#4509=AXIS2_PLACEMENT_3D('',#6629,#5241,#5242);
#4510=AXIS2_PLACEMENT_3D('',#6633,#5244,#5245);
#4511=AXIS2_PLACEMENT_3D('',#6636,#5247,#5248);
#4512=AXIS2_PLACEMENT_3D('',#6638,#5249,#5250);
#4513=AXIS2_PLACEMENT_3D('',#6640,#5251,#5252);
#4514=AXIS2_PLACEMENT_3D('',#6641,#5253,#5254);
#4515=AXIS2_PLACEMENT_3D('',#6643,#5256,#5257);
#4516=AXIS2_PLACEMENT_3D('',#6645,#5259,#5260);
#4517=AXIS2_PLACEMENT_3D('',#6648,#5261,#5262);
#4518=AXIS2_PLACEMENT_3D('',#6651,#5265,#5266);
#4519=AXIS2_PLACEMENT_3D('',#6655,#5269,#5270);
#4520=AXIS2_PLACEMENT_3D('',#6657,#5271,#5272);
#4521=AXIS2_PLACEMENT_3D('',#6659,#5273,#5274);
#4522=AXIS2_PLACEMENT_3D('',#6663,#5276,#5277);
#4523=AXIS2_PLACEMENT_3D('',#6665,#5278,#5279);
#4524=AXIS2_PLACEMENT_3D('',#6669,#5281,#5282);
#4525=AXIS2_PLACEMENT_3D('',#6673,#5284,#5285);
#4526=AXIS2_PLACEMENT_3D('',#6677,#5287,#5288);
#4527=AXIS2_PLACEMENT_3D('',#6679,#5290,#5291);
#4528=AXIS2_PLACEMENT_3D('',#6682,#5294,#5295);
#4529=AXIS2_PLACEMENT_3D('',#6684,#5297,#5298);
#4530=AXIS2_PLACEMENT_3D('',#6687,#5301,#5302);
#4531=AXIS2_PLACEMENT_3D('',#6689,#5304,#5305);
#4532=AXIS2_PLACEMENT_3D('',#6692,#5308,#5309);
#4533=AXIS2_PLACEMENT_3D('',#6694,#5311,#5312);
#4534=AXIS2_PLACEMENT_3D('',#6697,#5315,#5316);
#4535=AXIS2_PLACEMENT_3D('',#6698,#5317,#5318);
#4536=AXIS2_PLACEMENT_3D('',#6701,#5321,#5322);
#4537=AXIS2_PLACEMENT_3D('',#6703,#5324,#5325);
#4538=AXIS2_PLACEMENT_3D('',#6706,#5326,#5327);
#4539=AXIS2_PLACEMENT_3D('',#6709,#5330,#5331);
#4540=AXIS2_PLACEMENT_3D('',#6715,#5334,#5335);
#4541=AXIS2_PLACEMENT_3D('',#6719,#5337,#5338);
#4542=AXIS2_PLACEMENT_3D('',#6725,#5341,#5342);
#4543=AXIS2_PLACEMENT_3D('',#6727,#5344,#5345);
#4544=AXIS2_PLACEMENT_3D('',#6729,#5347,#5348);
#4545=AXIS2_PLACEMENT_3D('',#6731,#5350,#5351);
#4546=AXIS2_PLACEMENT_3D('',#6734,#5352,#5353);
#4547=AXIS2_PLACEMENT_3D('',#6737,#5356,#5357);
#4548=AXIS2_PLACEMENT_3D('',#6743,#5360,#5361);
#4549=AXIS2_PLACEMENT_3D('',#6747,#5363,#5364);
#4550=AXIS2_PLACEMENT_3D('',#6753,#5367,#5368);
#4551=AXIS2_PLACEMENT_3D('',#6755,#5370,#5371);
#4552=AXIS2_PLACEMENT_3D('',#6757,#5373,#5374);
#4553=AXIS2_PLACEMENT_3D('',#6759,#5376,#5377);
#4554=AXIS2_PLACEMENT_3D('',#6762,#5380,#5381);
#4555=AXIS2_PLACEMENT_3D('',#6764,#5383,#5384);
#4556=AXIS2_PLACEMENT_3D('',#6766,#5386,#5387);
#4557=AXIS2_PLACEMENT_3D('',#6769,#5390,#5391);
#4558=AXIS2_PLACEMENT_3D('',#6772,#5394,#5395);
#4559=AXIS2_PLACEMENT_3D('',#6774,#5397,#5398);
#4560=AXIS2_PLACEMENT_3D('',#6776,#5400,#5401);
#4561=AXIS2_PLACEMENT_3D('',#6779,#5404,#5405);
#4562=AXIS2_PLACEMENT_3D('',#6780,#5406,#5407);
#4563=AXIS2_PLACEMENT_3D('',#6781,#5408,#5409);
#4564=AXIS2_PLACEMENT_3D('',#6785,#5411,#5412);
#4565=AXIS2_PLACEMENT_3D('',#6787,#5414,#5415);
#4566=AXIS2_PLACEMENT_3D('',#6791,#5417,#5418);
#4567=AXIS2_PLACEMENT_3D('',#6799,#5422,#5423);
#4568=AXIS2_PLACEMENT_3D('',#6801,#5425,#5426);
#4569=AXIS2_PLACEMENT_3D('',#6804,#5429,#5430);
#4570=AXIS2_PLACEMENT_3D('',#6806,#5432,#5433);
#4571=AXIS2_PLACEMENT_3D('',#6813,#5438,#5439);
#4572=AXIS2_PLACEMENT_3D('',#6816,#5442,#5443);
#4573=AXIS2_PLACEMENT_3D('',#6818,#5445,#5446);
#4574=AXIS2_PLACEMENT_3D('',#6820,#5448,#5449);
#4575=AXIS2_PLACEMENT_3D('',#6822,#5451,#5452);
#4576=AXIS2_PLACEMENT_3D('',#6823,#5453,#5454);
#4577=AXIS2_PLACEMENT_3D('',#6827,#5456,#5457);
#4578=AXIS2_PLACEMENT_3D('',#6829,#5459,#5460);
#4579=AXIS2_PLACEMENT_3D('',#6833,#5463,#5464);
#4580=AXIS2_PLACEMENT_3D('',#6836,#5465,#5466);
#4581=AXIS2_PLACEMENT_3D('',#6840,#5470,#5471);
#4582=AXIS2_PLACEMENT_3D('',#6841,#5472,#5473);
#4583=AXIS2_PLACEMENT_3D('',#6843,#5474,#5475);
#4584=AXIS2_PLACEMENT_3D('',#6847,#5477,#5478);
#4585=AXIS2_PLACEMENT_3D('',#6849,#5480,#5481);
#4586=AXIS2_PLACEMENT_3D('',#6852,#5484,#5485);
#4587=AXIS2_PLACEMENT_3D('',#6853,#5486,#5487);
#4588=AXIS2_PLACEMENT_3D('',#6855,#5489,#5490);
#4589=AXIS2_PLACEMENT_3D('',#6859,#5493,#5494);
#4590=AXIS2_PLACEMENT_3D('',#6862,#5495,#5496);
#4591=AXIS2_PLACEMENT_3D('',#6865,#5499,#5500);
#4592=AXIS2_PLACEMENT_3D('',#6868,#5502,#5503);
#4593=AXIS2_PLACEMENT_3D('',#6870,#5505,#5506);
#4594=AXIS2_PLACEMENT_3D('',#6876,#5510,#5511);
#4595=AXIS2_PLACEMENT_3D('',#6878,#5513,#5514);
#4596=AXIS2_PLACEMENT_3D('',#6881,#5517,#5518);
#4597=AXIS2_PLACEMENT_3D('',#6883,#5520,#5521);
#4598=AXIS2_PLACEMENT_3D('',#6885,#5523,#5524);
#4599=AXIS2_PLACEMENT_3D('',#6888,#5527,#5528);
#4600=AXIS2_PLACEMENT_3D('',#6890,#5530,#5531);
#4601=AXIS2_PLACEMENT_3D('',#6892,#5533,#5534);
#4602=AXIS2_PLACEMENT_3D('',#6896,#5538,#5539);
#4603=AXIS2_PLACEMENT_3D('',#6897,#5540,#5541);
#4604=AXIS2_PLACEMENT_3D('',#6900,#5544,#5545);
#4605=AXIS2_PLACEMENT_3D('',#6902,#5547,#5548);
#4606=AXIS2_PLACEMENT_3D('',#6904,#5550,#5551);
#4607=AXIS2_PLACEMENT_3D('',#6906,#5553,#5554);
#4608=AXIS2_PLACEMENT_3D('',#6908,#5556,#5557);
#4609=AXIS2_PLACEMENT_3D('',#6910,#5559,#5560);
#4610=AXIS2_PLACEMENT_3D('',#6912,#5562,#5563);
#4611=AXIS2_PLACEMENT_3D('',#6915,#5566,#5567);
#4612=AXIS2_PLACEMENT_3D('',#6917,#5569,#5570);
#4613=AXIS2_PLACEMENT_3D('',#6919,#5572,#5573);
#4614=AXIS2_PLACEMENT_3D('',#6921,#5575,#5576);
#4615=AXIS2_PLACEMENT_3D('',#6924,#5579,#5580);
#4616=AXIS2_PLACEMENT_3D('',#6926,#5582,#5583);
#4617=AXIS2_PLACEMENT_3D('',#6928,#5585,#5586);
#4618=AXIS2_PLACEMENT_3D('',#6930,#5588,#5589);
#4619=AXIS2_PLACEMENT_3D('',#6932,#5591,#5592);
#4620=AXIS2_PLACEMENT_3D('',#6933,#5593,#5594);
#4621=AXIS2_PLACEMENT_3D('',#6935,#5596,#5597);
#4622=AXIS2_PLACEMENT_3D('',#6936,#5598,#5599);
#4623=AXIS2_PLACEMENT_3D('',#6938,#5601,#5602);
#4624=AXIS2_PLACEMENT_3D('',#6939,#5603,#5604);
#4625=AXIS2_PLACEMENT_3D('',#6940,#5605,#5606);
#4626=AXIS2_PLACEMENT_3D('',#6946,#5610,#5611);
#4627=AXIS2_PLACEMENT_3D('',#6947,#5612,#5613);
#4628=AXIS2_PLACEMENT_3D('',#6948,#5614,#5615);
#4629=AXIS2_PLACEMENT_3D('',#6949,#5616,#5617);
#4630=AXIS2_PLACEMENT_3D('',#6950,#5618,#5619);
#4631=AXIS2_PLACEMENT_3D('',#6951,#5620,#5621);
#4632=AXIS2_PLACEMENT_3D('',#6952,#5622,#5623);
#4633=AXIS2_PLACEMENT_3D('',#6954,#5624,#5625);
#4634=AXIS2_PLACEMENT_3D('',#6957,#5627,#5628);
#4635=AXIS2_PLACEMENT_3D('',#6958,#5629,#5630);
#4636=AXIS2_PLACEMENT_3D('',#6960,#5631,#5632);
#4637=AXIS2_PLACEMENT_3D('',#6962,#5634,#5635);
#4638=AXIS2_PLACEMENT_3D('',#6963,#5636,#5637);
#4639=AXIS2_PLACEMENT_3D('',#6965,#5638,#5639);
#4640=AXIS2_PLACEMENT_3D('',#6968,#5641,#5642);
#4641=AXIS2_PLACEMENT_3D('',#6969,#5643,#5644);
#4642=AXIS2_PLACEMENT_3D('',#6971,#5645,#5646);
#4643=AXIS2_PLACEMENT_3D('',#6973,#5648,#5649);
#4644=AXIS2_PLACEMENT_3D('',#6974,#5650,#5651);
#4645=AXIS2_PLACEMENT_3D('',#6976,#5652,#5653);
#4646=AXIS2_PLACEMENT_3D('',#6979,#5655,#5656);
#4647=AXIS2_PLACEMENT_3D('',#6980,#5657,#5658);
#4648=AXIS2_PLACEMENT_3D('',#6982,#5659,#5660);
#4649=AXIS2_PLACEMENT_3D('',#6984,#5662,#5663);
#4650=AXIS2_PLACEMENT_3D('',#6985,#5664,#5665);
#4651=AXIS2_PLACEMENT_3D('',#6986,#5666,#5667);
#4652=AXIS2_PLACEMENT_3D('',#6987,#5668,#5669);
#4653=AXIS2_PLACEMENT_3D('',#6988,#5670,#5671);
#4654=AXIS2_PLACEMENT_3D('',#6989,#5672,#5673);
#4655=AXIS2_PLACEMENT_3D('',#6998,#5678,#5679);
#4656=AXIS2_PLACEMENT_3D('',#7004,#5683,#5684);
#4657=AXIS2_PLACEMENT_3D('',#7010,#5688,#5689);
#4658=AXIS2_PLACEMENT_3D('',#7016,#5693,#5694);
#4659=AXIS2_PLACEMENT_3D('',#7022,#5698,#5699);
#4660=AXIS2_PLACEMENT_3D('',#7025,#5702,#5703);
#4661=AXIS2_PLACEMENT_3D('',#7031,#5707,#5708);
#4662=AXIS2_PLACEMENT_3D('',#7035,#5711,#5712);
#4663=AXIS2_PLACEMENT_3D('',#7039,#5715,#5716);
#4664=AXIS2_PLACEMENT_3D('',#7043,#5719,#5720);
#4665=AXIS2_PLACEMENT_3D('',#7047,#5723,#5724);
#4666=AXIS2_PLACEMENT_3D('',#7049,#5726,#5727);
#4667=AXIS2_PLACEMENT_3D('',#7050,#5728,#5729);
#4668=AXIS2_PLACEMENT_3D('',#7059,#5734,#5735);
#4669=AXIS2_PLACEMENT_3D('',#7065,#5739,#5740);
#4670=AXIS2_PLACEMENT_3D('',#7071,#5744,#5745);
#4671=AXIS2_PLACEMENT_3D('',#7077,#5749,#5750);
#4672=AXIS2_PLACEMENT_3D('',#7083,#5754,#5755);
#4673=AXIS2_PLACEMENT_3D('',#7086,#5758,#5759);
#4674=AXIS2_PLACEMENT_3D('',#7092,#5763,#5764);
#4675=AXIS2_PLACEMENT_3D('',#7096,#5767,#5768);
#4676=AXIS2_PLACEMENT_3D('',#7100,#5771,#5772);
#4677=AXIS2_PLACEMENT_3D('',#7104,#5775,#5776);
#4678=AXIS2_PLACEMENT_3D('',#7108,#5779,#5780);
#4679=AXIS2_PLACEMENT_3D('',#7110,#5782,#5783);
#4680=AXIS2_PLACEMENT_3D('',#7111,#5784,#5785);
#4681=AXIS2_PLACEMENT_3D('',#7120,#5790,#5791);
#4682=AXIS2_PLACEMENT_3D('',#7126,#5795,#5796);
#4683=AXIS2_PLACEMENT_3D('',#7132,#5800,#5801);
#4684=AXIS2_PLACEMENT_3D('',#7138,#5805,#5806);
#4685=AXIS2_PLACEMENT_3D('',#7144,#5810,#5811);
#4686=AXIS2_PLACEMENT_3D('',#7147,#5814,#5815);
#4687=AXIS2_PLACEMENT_3D('',#7153,#5819,#5820);
#4688=AXIS2_PLACEMENT_3D('',#7157,#5823,#5824);
#4689=AXIS2_PLACEMENT_3D('',#7161,#5827,#5828);
#4690=AXIS2_PLACEMENT_3D('',#7165,#5831,#5832);
#4691=AXIS2_PLACEMENT_3D('',#7169,#5835,#5836);
#4692=AXIS2_PLACEMENT_3D('',#7171,#5838,#5839);
#4693=AXIS2_PLACEMENT_3D('',#7172,#5840,#5841);
#4694=AXIS2_PLACEMENT_3D('',#7181,#5846,#5847);
#4695=AXIS2_PLACEMENT_3D('',#7187,#5851,#5852);
#4696=AXIS2_PLACEMENT_3D('',#7193,#5856,#5857);
#4697=AXIS2_PLACEMENT_3D('',#7199,#5861,#5862);
#4698=AXIS2_PLACEMENT_3D('',#7205,#5866,#5867);
#4699=AXIS2_PLACEMENT_3D('',#7208,#5870,#5871);
#4700=AXIS2_PLACEMENT_3D('',#7214,#5875,#5876);
#4701=AXIS2_PLACEMENT_3D('',#7218,#5879,#5880);
#4702=AXIS2_PLACEMENT_3D('',#7222,#5883,#5884);
#4703=AXIS2_PLACEMENT_3D('',#7226,#5887,#5888);
#4704=AXIS2_PLACEMENT_3D('',#7230,#5891,#5892);
#4705=AXIS2_PLACEMENT_3D('',#7232,#5894,#5895);
#4706=AXIS2_PLACEMENT_3D('',#7233,#5896,#5897);
#4707=AXIS2_PLACEMENT_3D('',#7234,#5898,#5899);
#4708=AXIS2_PLACEMENT_3D('',#7235,#5900,#5901);
#4709=AXIS2_PLACEMENT_3D('',#7236,#5902,#5903);
#4710=AXIS2_PLACEMENT_3D('',#7239,#5905,#5906);
#4711=AXIS2_PLACEMENT_3D('',#7240,#5907,#5908);
#4712=AXIS2_PLACEMENT_3D('',#7242,#5909,#5910);
#4713=AXIS2_PLACEMENT_3D('',#7243,#5911,#5912);
#4714=AXIS2_PLACEMENT_3D('',#7246,#5914,#5915);
#4715=AXIS2_PLACEMENT_3D('',#7247,#5916,#5917);
#4716=AXIS2_PLACEMENT_3D('',#7249,#5918,#5919);
#4717=AXIS2_PLACEMENT_3D('',#7250,#5920,#5921);
#4718=AXIS2_PLACEMENT_3D('',#7253,#5923,#5924);
#4719=AXIS2_PLACEMENT_3D('',#7254,#5925,#5926);
#4720=AXIS2_PLACEMENT_3D('',#7256,#5927,#5928);
#4721=AXIS2_PLACEMENT_3D('',#7257,#5929,#5930);
#4722=AXIS2_PLACEMENT_3D('',#7260,#5932,#5933);
#4723=AXIS2_PLACEMENT_3D('',#7261,#5934,#5935);
#4724=AXIS2_PLACEMENT_3D('',#7263,#5936,#5937);
#4725=AXIS2_PLACEMENT_3D('',#7264,#5938,#5939);
#4726=AXIS2_PLACEMENT_3D('',#7267,#5941,#5942);
#4727=AXIS2_PLACEMENT_3D('',#7268,#5943,#5944);
#4728=AXIS2_PLACEMENT_3D('',#7270,#5945,#5946);
#4729=AXIS2_PLACEMENT_3D('',#7271,#5947,#5948);
#4730=AXIS2_PLACEMENT_3D('',#7274,#5950,#5951);
#4731=AXIS2_PLACEMENT_3D('',#7275,#5952,#5953);
#4732=AXIS2_PLACEMENT_3D('',#7277,#5954,#5955);
#4733=AXIS2_PLACEMENT_3D('',#7278,#5956,#5957);
#4734=AXIS2_PLACEMENT_3D('',#7281,#5959,#5960);
#4735=AXIS2_PLACEMENT_3D('',#7282,#5961,#5962);
#4736=AXIS2_PLACEMENT_3D('',#7284,#5963,#5964);
#4737=AXIS2_PLACEMENT_3D('',#7285,#5965,#5966);
#4738=AXIS2_PLACEMENT_3D('',#7286,#5967,#5968);
#4739=AXIS2_PLACEMENT_3D('',#7287,#5969,#5970);
#4740=AXIS2_PLACEMENT_3D('',#7289,#5972,#5973);
#4741=AXIS2_PLACEMENT_3D('',#7291,#5975,#5976);
#4742=AXIS2_PLACEMENT_3D('',#7293,#5978,#5979);
#4743=AXIS2_PLACEMENT_3D('',#7295,#5981,#5982);
#4744=AXIS2_PLACEMENT_3D('',#7297,#5984,#5985);
#4745=AXIS2_PLACEMENT_3D('',#7298,#5986,#5987);
#4746=AXIS2_PLACEMENT_3D('',#7299,#5988,#5989);
#4747=AXIS2_PLACEMENT_3D('',#7301,#5991,#5992);
#4748=AXIS2_PLACEMENT_3D('',#7303,#5994,#5995);
#4749=AXIS2_PLACEMENT_3D('',#7305,#5997,#5998);
#4750=AXIS2_PLACEMENT_3D('',#7307,#6000,#6001);
#4751=AXIS2_PLACEMENT_3D('',#7309,#6003,#6004);
#4752=AXIS2_PLACEMENT_3D('',#7310,#6005,#6006);
#4753=AXIS2_PLACEMENT_3D('',#7311,#6007,#6008);
#4754=AXIS2_PLACEMENT_3D('',#7313,#6010,#6011);
#4755=AXIS2_PLACEMENT_3D('',#7314,#6012,#6013);
#4756=AXIS2_PLACEMENT_3D('',#7316,#6015,#6016);
#4757=AXIS2_PLACEMENT_3D('',#7317,#6017,#6018);
#4758=AXIS2_PLACEMENT_3D('',#7318,#6019,#6020);
#4759=AXIS2_PLACEMENT_3D('',#7319,#6021,#6022);
#4760=AXIS2_PLACEMENT_3D('',#7320,#6023,#6024);
#4761=DIRECTION('axis',(0.,0.,1.));
#4762=DIRECTION('refdir',(1.,0.,0.));
#4763=DIRECTION('center_axis',(0.,0.,1.));
#4764=DIRECTION('ref_axis',(0.707106781186544,-0.707106781186551,0.));
#4765=DIRECTION('center_axis',(0.,0.,-1.));
#4766=DIRECTION('ref_axis',(0.707106781186544,-0.707106781186551,0.));
#4767=DIRECTION('',(0.,0.,1.));
#4768=DIRECTION('center_axis',(0.,0.,1.));
#4769=DIRECTION('ref_axis',(0.707106781186544,-0.707106781186551,0.));
#4770=DIRECTION('',(0.,0.,-1.));
#4771=DIRECTION('center_axis',(0.,-1.,0.));
#4772=DIRECTION('ref_axis',(1.,0.,-1.54482424643387E-15));
#4773=DIRECTION('',(1.,0.,0.));
#4774=DIRECTION('',(0.,0.,1.));
#4775=DIRECTION('',(1.,0.,0.));
#4776=DIRECTION('',(0.,0.,-1.));
#4777=DIRECTION('',(1.,0.,0.));
#4778=DIRECTION('',(0.,0.,-1.));
#4779=DIRECTION('',(-1.,0.,0.));
#4780=DIRECTION('center_axis',(0.,0.,1.));
#4781=DIRECTION('ref_axis',(0.70710678118654,0.707106781186555,0.));
#4782=DIRECTION('center_axis',(0.,0.,-1.));
#4783=DIRECTION('ref_axis',(0.70710678118654,0.707106781186555,0.));
#4784=DIRECTION('',(0.,0.,-1.));
#4785=DIRECTION('center_axis',(0.,0.,1.));
#4786=DIRECTION('ref_axis',(0.70710678118654,0.707106781186555,0.));
#4787=DIRECTION('',(0.,0.,1.));
#4788=DIRECTION('center_axis',(0.,0.,-1.));
#4789=DIRECTION('ref_axis',(-1.,0.,0.));
#4790=DIRECTION('',(1.,6.27091671218909E-17,0.));
#4791=DIRECTION('',(0.,-1.,0.));
#4792=DIRECTION('center_axis',(0.,0.,1.));
#4793=DIRECTION('ref_axis',(-0.70710678118655,-0.707106781186545,0.));
#4794=DIRECTION('',(1.,0.,0.));
#4795=DIRECTION('center_axis',(0.,0.,1.));
#4796=DIRECTION('ref_axis',(0.707106781186546,-0.707106781186549,0.));
#4797=DIRECTION('',(0.,1.,0.));
#4798=DIRECTION('center_axis',(0.,0.,-1.));
#4799=DIRECTION('ref_axis',(0.707106781186547,0.707106781186548,0.));
#4800=DIRECTION('',(1.,6.27091671218909E-17,0.));
#4801=DIRECTION('center_axis',(0.,0.,-1.));
#4802=DIRECTION('ref_axis',(-0.960030721474639,0.279894647724612,0.));
#4803=DIRECTION('center_axis',(0.,0.,-1.));
#4804=DIRECTION('ref_axis',(1.,1.66533453693773E-15,0.));
#4805=DIRECTION('',(0.,-1.,0.));
#4806=DIRECTION('center_axis',(0.,0.,-1.));
#4807=DIRECTION('ref_axis',(-1.,-7.40148683083436E-16,0.));
#4808=DIRECTION('',(0.,1.,0.));
#4809=DIRECTION('center_axis',(6.27091671218909E-17,-1.,0.));
#4810=DIRECTION('ref_axis',(1.,6.27091671218909E-17,0.));
#4811=DIRECTION('',(1.,-6.27091671218909E-17,0.));
#4812=DIRECTION('',(0.,0.,1.));
#4813=DIRECTION('',(1.,6.27091671218909E-17,0.));
#4814=DIRECTION('',(0.,0.,1.));
#4815=DIRECTION('center_axis',(-1.,0.,0.));
#4816=DIRECTION('ref_axis',(0.,-1.,0.));
#4817=DIRECTION('',(0.,0.,1.));
#4818=DIRECTION('',(0.,1.,0.));
#4819=DIRECTION('center_axis',(0.,0.,1.));
#4820=DIRECTION('ref_axis',(-0.960030721474639,0.279894647724612,0.));
#4821=DIRECTION('',(0.,0.,-1.));
#4822=DIRECTION('center_axis',(0.,0.,1.));
#4823=DIRECTION('ref_axis',(-0.960030721474639,0.279894647724612,0.));
#4824=DIRECTION('',(0.,0.,1.));
#4825=DIRECTION('center_axis',(0.,0.,1.));
#4826=DIRECTION('ref_axis',(1.,1.66533453693773E-15,0.));
#4827=DIRECTION('center_axis',(0.,0.,1.));
#4828=DIRECTION('ref_axis',(1.,1.66533453693773E-15,0.));
#4829=DIRECTION('',(0.,0.,1.));
#4830=DIRECTION('center_axis',(0.,0.,-1.));
#4831=DIRECTION('ref_axis',(-1.,0.,0.));
#4832=DIRECTION('center_axis',(0.,0.,-1.));
#4833=DIRECTION('ref_axis',(-2.96059473233375E-15,-1.,0.));
#4834=DIRECTION('center_axis',(0.,0.,1.));
#4835=DIRECTION('ref_axis',(2.96059473233375E-15,-1.,0.));
#4836=DIRECTION('',(0.,-1.,0.));
#4837=DIRECTION('center_axis',(0.,0.,1.));
#4838=DIRECTION('ref_axis',(-0.70710678118655,0.707106781186545,0.));
#4839=DIRECTION('center_axis',(0.,0.,1.));
#4840=DIRECTION('ref_axis',(1.,0.,0.));
#4841=DIRECTION('',(0.,-1.,-1.0580987989273E-16));
#4842=DIRECTION('',(0.,1.,0.));
#4843=DIRECTION('',(-1.,0.,0.));
#4844=DIRECTION('center_axis',(0.,0.,-1.));
#4845=DIRECTION('ref_axis',(0.707106781186547,0.707106781186548,0.));
#4846=DIRECTION('',(-1.3900258794603E-15,1.,0.));
#4847=DIRECTION('center_axis',(0.,0.,-1.));
#4848=DIRECTION('ref_axis',(0.333333333333333,0.942809041582063,0.));
#4849=DIRECTION('',(0.,-1.,0.));
#4850=DIRECTION('center_axis',(0.,0.,-1.));
#4851=DIRECTION('ref_axis',(0.333333333333334,-0.942809041582063,0.));
#4852=DIRECTION('',(0.,-1.,0.));
#4853=DIRECTION('center_axis',(0.,0.,-1.));
#4854=DIRECTION('ref_axis',(0.333333333333279,0.942809041582082,0.));
#4855=DIRECTION('',(1.28102656687518E-15,1.,0.));
#4856=DIRECTION('center_axis',(0.,0.,-1.));
#4857=DIRECTION('ref_axis',(0.333333333333289,-0.942809041582079,0.));
#4858=DIRECTION('',(0.,1.,0.));
#4859=DIRECTION('center_axis',(0.,0.,-1.));
#4860=DIRECTION('ref_axis',(0.984807753012209,-0.173648177666922,0.));
#4861=DIRECTION('',(0.342020143325657,0.939692620785913,0.));
#4862=DIRECTION('center_axis',(0.,0.,-1.));
#4863=DIRECTION('ref_axis',(0.422618261740696,-0.906307787036651,0.));
#4864=DIRECTION('',(0.939692620785902,-0.342020143325685,0.));
#4865=DIRECTION('center_axis',(0.,0.,1.));
#4866=DIRECTION('ref_axis',(0.25881904510253,0.965925826289066,0.));
#4867=DIRECTION('',(0.984807753012208,-0.173648177666931,0.));
#4868=DIRECTION('center_axis',(0.,0.,-1.));
#4869=DIRECTION('ref_axis',(-0.819152044288993,-0.573576436351045,0.));
#4870=DIRECTION('',(-0.173648177666914,-0.984807753012211,0.));
#4871=DIRECTION('center_axis',(0.,0.,-1.));
#4872=DIRECTION('ref_axis',(-0.642787609686548,0.766044443118971,0.));
#4873=DIRECTION('',(-1.,0.,0.));
#4874=DIRECTION('center_axis',(0.,0.,1.));
#4875=DIRECTION('ref_axis',(0.707106781186545,-0.70710678118655,0.));
#4876=DIRECTION('',(0.,-1.,0.));
#4877=DIRECTION('center_axis',(0.,0.,1.));
#4878=DIRECTION('ref_axis',(0.707106781186545,0.70710678118655,0.));
#4879=DIRECTION('',(1.,0.,0.));
#4880=DIRECTION('center_axis',(0.,0.,1.));
#4881=DIRECTION('ref_axis',(-0.707106781186543,0.707106781186552,0.));
#4882=DIRECTION('',(0.,1.,0.));
#4883=DIRECTION('center_axis',(0.,0.,-1.));
#4884=DIRECTION('ref_axis',(0.70710678118656,-0.707106781186535,0.));
#4885=DIRECTION('center_axis',(0.,0.,1.));
#4886=DIRECTION('ref_axis',(-0.707106781186535,0.70710678118656,0.));
#4887=DIRECTION('',(0.,1.,0.));
#4888=DIRECTION('center_axis',(0.,0.,1.));
#4889=DIRECTION('ref_axis',(-0.707106781186548,-0.707106781186548,0.));
#4890=DIRECTION('center_axis',(0.,0.,-1.));
#4891=DIRECTION('ref_axis',(0.707106781186548,0.707106781186548,0.));
#4892=DIRECTION('',(0.,1.,0.));
#4893=DIRECTION('center_axis',(0.,0.,-1.));
#4894=DIRECTION('ref_axis',(0.707106781186522,-0.707106781186573,0.));
#4895=DIRECTION('',(-1.,0.,0.));
#4896=DIRECTION('',(1.97372982155583E-15,1.,0.));
#4897=DIRECTION('center_axis',(0.,0.,-1.));
#4898=DIRECTION('ref_axis',(0.761577210407529,-0.648074187564886,0.));
#4899=DIRECTION('center_axis',(0.,0.,-1.));
#4900=DIRECTION('ref_axis',(-1.,0.,0.));
#4901=DIRECTION('',(0.,-1.,0.));
#4902=DIRECTION('center_axis',(0.,0.,-1.));
#4903=DIRECTION('ref_axis',(0.707106781186548,-0.707106781186548,0.));
#4904=DIRECTION('',(-1.,0.,0.));
#4905=DIRECTION('center_axis',(0.,0.,-1.));
#4906=DIRECTION('ref_axis',(-0.707106781186548,-0.707106781186548,0.));
#4907=DIRECTION('',(0.,1.,0.));
#4908=DIRECTION('center_axis',(0.,0.,1.));
#4909=DIRECTION('ref_axis',(0.707106781186548,0.707106781186548,0.));
#4910=DIRECTION('center_axis',(0.,0.,-1.));
#4911=DIRECTION('ref_axis',(-0.707106781186548,-0.707106781186548,0.));
#4912=DIRECTION('',(0.,-1.,0.));
#4913=DIRECTION('center_axis',(0.,0.,1.));
#4914=DIRECTION('ref_axis',(0.707106781186535,0.70710678118656,0.));
#4915=DIRECTION('',(1.,0.,0.));
#4916=DIRECTION('center_axis',(0.,0.,-1.));
#4917=DIRECTION('ref_axis',(-0.707106781186548,-0.707106781186548,0.));
#4918=DIRECTION('',(0.,-1.,0.));
#4919=DIRECTION('center_axis',(0.,0.,1.));
#4920=DIRECTION('ref_axis',(0.707106781186537,0.707106781186558,0.));
#4921=DIRECTION('',(1.,-1.40238697847388E-15,0.));
#4922=DIRECTION('center_axis',(0.,0.,-1.));
#4923=DIRECTION('ref_axis',(-0.70710678118655,-0.707106781186545,0.));
#4924=DIRECTION('',(0.,-1.,0.));
#4925=DIRECTION('center_axis',(0.,0.,-1.));
#4926=DIRECTION('ref_axis',(-0.707106781186548,0.707106781186547,0.));
#4927=DIRECTION('',(-1.,2.33731163078981E-16,0.));
#4928=DIRECTION('center_axis',(0.,0.,1.));
#4929=DIRECTION('ref_axis',(0.70710678118654,-0.707106781186555,0.));
#4930=DIRECTION('',(0.,-1.,0.));
#4931=DIRECTION('center_axis',(0.,0.,-1.));
#4932=DIRECTION('ref_axis',(-0.707106781186548,0.707106781186547,0.));
#4933=DIRECTION('',(-1.,7.01193489236941E-16,0.));
#4934=DIRECTION('center_axis',(0.,0.,1.));
#4935=DIRECTION('ref_axis',(0.70710678118655,-0.707106781186545,0.));
#4936=DIRECTION('',(0.,-1.,0.));
#4937=DIRECTION('center_axis',(0.,0.,-1.));
#4938=DIRECTION('ref_axis',(-0.707106781186548,0.707106781186547,0.));
#4939=DIRECTION('center_axis',(0.,0.,-1.));
#4940=DIRECTION('ref_axis',(-1.,0.,0.));
#4941=DIRECTION('center_axis',(0.,0.,-1.));
#4942=DIRECTION('ref_axis',(-1.,0.,0.));
#4943=DIRECTION('center_axis',(0.,0.,-1.));
#4944=DIRECTION('ref_axis',(-1.,0.,0.));
#4945=DIRECTION('center_axis',(0.,0.,-1.));
#4946=DIRECTION('ref_axis',(-1.,0.,0.));
#4947=DIRECTION('center_axis',(0.,0.,-1.));
#4948=DIRECTION('ref_axis',(-1.,0.,0.));
#4949=DIRECTION('center_axis',(0.,0.,-1.));
#4950=DIRECTION('ref_axis',(-1.,0.,0.));
#4951=DIRECTION('center_axis',(0.,0.,-1.));
#4952=DIRECTION('ref_axis',(-1.,0.,0.));
#4953=DIRECTION('',(0.939692620785899,-0.342020143325694,0.));
#4954=DIRECTION('',(0.766044443118996,0.642787609686518,0.));
#4955=DIRECTION('',(-0.173648177666903,0.984807753012213,0.));
#4956=DIRECTION('',(-0.939692620785899,0.342020143325695,0.));
#4957=DIRECTION('',(-0.766044443118997,-0.642787609686517,0.));
#4958=DIRECTION('',(0.173648177666903,-0.984807753012213,0.));
#4959=DIRECTION('',(1.,4.84460956200069E-15,0.));
#4960=DIRECTION('',(0.499999999999996,0.866025403784441,0.));
#4961=DIRECTION('',(-0.500000000000004,0.866025403784436,0.));
#4962=DIRECTION('',(-1.,-5.3828995133341E-15,0.));
#4963=DIRECTION('',(-0.499999999999996,-0.866025403784441,0.));
#4964=DIRECTION('',(0.500000000000004,-0.866025403784436,0.));
#4965=DIRECTION('',(1.,3.11271547250325E-11,0.));
#4966=DIRECTION('',(0.499999999973043,0.866025403800002,0.));
#4967=DIRECTION('',(-0.500000000026956,0.866025403768876,0.));
#4968=DIRECTION('',(-1.,-3.11266164350812E-11,0.));
#4969=DIRECTION('',(-0.499999999973044,-0.866025403800002,0.));
#4970=DIRECTION('',(0.500000000026957,-0.866025403768875,0.));
#4971=DIRECTION('',(1.,1.07657990266682E-15,0.));
#4972=DIRECTION('',(0.499999999999999,0.866025403784439,0.));
#4973=DIRECTION('',(-0.500000000000001,0.866025403784438,0.));
#4974=DIRECTION('',(-1.,0.,0.));
#4975=DIRECTION('',(-0.499999999999999,-0.866025403784439,0.));
#4976=DIRECTION('',(0.500000000000001,-0.866025403784438,0.));
#4977=DIRECTION('center_axis',(0.,-1.,0.));
#4978=DIRECTION('ref_axis',(1.,0.,0.));
#4979=DIRECTION('center_axis',(0.,0.,-1.));
#4980=DIRECTION('ref_axis',(0.707106781186549,-0.707106781186546,0.));
#4981=DIRECTION('center_axis',(1.,0.,0.));
#4982=DIRECTION('ref_axis',(0.,0.,1.));
#4983=DIRECTION('center_axis',(0.,0.,1.));
#4984=DIRECTION('ref_axis',(0.707106781186549,-0.707106781186546,0.));
#4985=DIRECTION('center_axis',(1.,5.55111512312578E-16,0.));
#4986=DIRECTION('ref_axis',(0.,-0.707106781186546,0.707106781186549));
#4987=DIRECTION('center_axis',(1.,0.,0.));
#4988=DIRECTION('ref_axis',(0.,0.,1.));
#4989=DIRECTION('',(1.,5.55111512312578E-16,0.));
#4990=DIRECTION('',(-1.,-5.55111512312578E-16,0.));
#4991=DIRECTION('center_axis',(0.,-1.,0.));
#4992=DIRECTION('ref_axis',(0.,0.,1.));
#4993=DIRECTION('center_axis',(0.,0.,1.));
#4994=DIRECTION('ref_axis',(-0.707106781186549,-0.707106781186546,0.));
#4995=DIRECTION('center_axis',(0.,0.,-1.));
#4996=DIRECTION('ref_axis',(-0.707106781186549,-0.707106781186546,0.));
#4997=DIRECTION('center_axis',(0.,-1.,0.));
#4998=DIRECTION('ref_axis',(-0.707106781186546,0.,0.707106781186549));
#4999=DIRECTION('center_axis',(0.,-1.,0.));
#5000=DIRECTION('ref_axis',(0.,0.,1.));
#5001=DIRECTION('',(0.,-1.,0.));
#5002=DIRECTION('',(0.,1.,0.));
#5003=DIRECTION('center_axis',(-1.,2.66453525910038E-14,0.));
#5004=DIRECTION('ref_axis',(0.,0.,1.));
#5005=DIRECTION('center_axis',(0.,0.,1.));
#5006=DIRECTION('ref_axis',(-0.707106781186541,0.707106781186554,0.));
#5007=DIRECTION('center_axis',(0.,0.,-1.));
#5008=DIRECTION('ref_axis',(-0.707106781186541,0.707106781186554,0.));
#5009=DIRECTION('center_axis',(0.,0.,1.));
#5010=DIRECTION('ref_axis',(1.,0.,0.));
#5011=DIRECTION('center_axis',(0.,1.,0.));
#5012=DIRECTION('ref_axis',(0.,0.,1.));
#5013=DIRECTION('center_axis',(0.,0.,1.));
#5014=DIRECTION('ref_axis',(0.707106781186548,0.707106781186547,0.));
#5015=DIRECTION('center_axis',(0.,0.,-1.));
#5016=DIRECTION('ref_axis',(0.707106781186548,0.707106781186547,0.));
#5017=DIRECTION('center_axis',(0.,1.,0.));
#5018=DIRECTION('ref_axis',(0.707106781186546,0.,0.707106781186549));
#5019=DIRECTION('',(0.,-1.,0.));
#5020=DIRECTION('',(0.,1.,0.));
#5021=DIRECTION('center_axis',(0.,0.,1.));
#5022=DIRECTION('ref_axis',(-0.70710678118655,0.707106781186545,0.));
#5023=DIRECTION('',(0.,0.,1.));
#5024=DIRECTION('',(0.,0.,1.));
#5025=DIRECTION('center_axis',(0.,0.,1.));
#5026=DIRECTION('ref_axis',(1.,0.,0.));
#5027=DIRECTION('',(0.,0.,1.));
#5028=DIRECTION('center_axis',(1.,0.,0.));
#5029=DIRECTION('ref_axis',(0.,1.,1.0580987989273E-16));
#5030=DIRECTION('',(0.,0.,1.));
#5031=DIRECTION('',(0.,1.,1.0580987989273E-16));
#5032=DIRECTION('center_axis',(1.,0.,0.));
#5033=DIRECTION('ref_axis',(0.,-0.707106781186548,-0.707106781186547));
#5034=DIRECTION('center_axis',(0.,0.,1.));
#5035=DIRECTION('ref_axis',(0.707106781186549,-0.707106781186546,0.));
#5036=DIRECTION('',(0.,0.,-1.));
#5037=DIRECTION('center_axis',(0.,0.,-1.));
#5038=DIRECTION('ref_axis',(0.707106781186549,-0.707106781186546,0.));
#5039=DIRECTION('center_axis',(0.,0.,1.));
#5040=DIRECTION('ref_axis',(1.,0.,0.));
#5041=DIRECTION('center_axis',(-1.,0.,0.));
#5042=DIRECTION('ref_axis',(0.,-0.707106781186548,-0.707106781186547));
#5043=DIRECTION('',(-1.,0.,0.));
#5044=DIRECTION('center_axis',(0.,0.,1.));
#5045=DIRECTION('ref_axis',(1.,0.,0.));
#5046=DIRECTION('',(-1.,-5.55111512312578E-16,0.));
#5047=DIRECTION('center_axis',(0.,0.,-1.));
#5048=DIRECTION('ref_axis',(-0.707106781186549,-0.707106781186546,0.));
#5049=DIRECTION('',(0.,-1.,0.));
#5050=DIRECTION('center_axis',(0.,0.,-1.));
#5051=DIRECTION('ref_axis',(2.96059473233375E-15,-1.,0.));
#5052=DIRECTION('center_axis',(0.,0.,1.));
#5053=DIRECTION('ref_axis',(-0.707106781186549,-0.707106781186546,0.));
#5054=DIRECTION('',(0.,0.,-1.));
#5055=DIRECTION('',(0.,0.,1.));
#5056=DIRECTION('center_axis',(5.55111512312578E-16,-1.,0.));
#5057=DIRECTION('ref_axis',(1.,5.55111512312578E-16,0.));
#5058=DIRECTION('center_axis',(-1.,0.,0.));
#5059=DIRECTION('ref_axis',(0.,-1.,0.));
#5060=DIRECTION('',(0.,0.,1.));
#5061=DIRECTION('center_axis',(0.,0.,1.));
#5062=DIRECTION('ref_axis',(2.96059473233375E-15,-1.,0.));
#5063=DIRECTION('center_axis',(1.,0.,0.));
#5064=DIRECTION('ref_axis',(0.,1.,1.20842663177238E-31));
#5065=DIRECTION('center_axis',(0.,0.,-1.));
#5066=DIRECTION('ref_axis',(-2.96059473233375E-15,-1.,0.));
#5067=DIRECTION('center_axis',(0.,0.,-1.));
#5068=DIRECTION('ref_axis',(-0.707106781186541,-0.707106781186554,0.));
#5069=DIRECTION('center_axis',(0.,0.,1.));
#5070=DIRECTION('ref_axis',(-0.707106781186541,-0.707106781186554,0.));
#5071=DIRECTION('',(0.,0.,1.));
#5072=DIRECTION('center_axis',(0.,0.,1.));
#5073=DIRECTION('ref_axis',(-0.707106781186541,-0.707106781186554,0.));
#5074=DIRECTION('',(0.,0.,-1.));
#5075=DIRECTION('center_axis',(0.,1.,0.));
#5076=DIRECTION('ref_axis',(-1.,0.,0.));
#5077=DIRECTION('',(-1.,0.,0.));
#5078=DIRECTION('',(0.,0.,1.));
#5079=DIRECTION('',(-1.,0.,0.));
#5080=DIRECTION('center_axis',(0.,0.,-1.));
#5081=DIRECTION('ref_axis',(-1.,0.,0.));
#5082=DIRECTION('center_axis',(0.,0.,-1.));
#5083=DIRECTION('ref_axis',(0.707106781186548,0.707106781186548,0.));
#5084=DIRECTION('center_axis',(0.,0.,1.));
#5085=DIRECTION('ref_axis',(-0.707106781186548,-0.707106781186548,0.));
#5086=DIRECTION('',(-1.,0.,0.));
#5087=DIRECTION('center_axis',(0.,0.,1.));
#5088=DIRECTION('ref_axis',(0.707106781186548,-0.707106781186548,0.));
#5089=DIRECTION('',(0.,-1.,0.));
#5090=DIRECTION('center_axis',(0.,0.,-1.));
#5091=DIRECTION('ref_axis',(-0.707106781186548,0.707106781186548,0.));
#5092=DIRECTION('',(-1.,0.,0.));
#5093=DIRECTION('center_axis',(0.,0.,-1.));
#5094=DIRECTION('ref_axis',(0.707106781186546,0.707106781186549,0.));
#5095=DIRECTION('',(0.,1.,0.));
#5096=DIRECTION('center_axis',(0.,0.,-1.));
#5097=DIRECTION('ref_axis',(0.707106781186546,-0.707106781186549,0.));
#5098=DIRECTION('',(1.,0.,0.));
#5099=DIRECTION('center_axis',(0.,0.,1.));
#5100=DIRECTION('ref_axis',(-1.,0.,0.));
#5101=DIRECTION('',(1.,0.,0.));
#5102=DIRECTION('center_axis',(0.,0.,1.));
#5103=DIRECTION('ref_axis',(-0.64278760968655,0.766044443118969,0.));
#5104=DIRECTION('',(0.173648177666914,0.984807753012211,0.));
#5105=DIRECTION('center_axis',(0.,0.,1.));
#5106=DIRECTION('ref_axis',(-0.819152044288993,-0.573576436351045,0.));
#5107=DIRECTION('',(-0.984807753012208,0.173648177666931,0.));
#5108=DIRECTION('center_axis',(0.,0.,-1.));
#5109=DIRECTION('ref_axis',(0.25881904510253,0.965925826289066,0.));
#5110=DIRECTION('',(-0.939692620785902,0.342020143325685,0.));
#5111=DIRECTION('center_axis',(0.,0.,1.));
#5112=DIRECTION('ref_axis',(0.422618261740696,-0.906307787036651,0.));
#5113=DIRECTION('',(-0.342020143325657,-0.939692620785913,0.));
#5114=DIRECTION('center_axis',(0.,0.,1.));
#5115=DIRECTION('ref_axis',(0.984807753012209,-0.173648177666922,0.));
#5116=DIRECTION('',(1.3900258794603E-15,-1.,0.));
#5117=DIRECTION('',(1.,-2.27373675443232E-13,0.));
#5118=DIRECTION('center_axis',(0.,0.,-1.));
#5119=DIRECTION('ref_axis',(-0.707106781186627,-0.707106781186468,0.));
#5120=DIRECTION('',(0.,-1.,0.));
#5121=DIRECTION('center_axis',(0.,0.,-1.));
#5122=DIRECTION('ref_axis',(-0.707106781186464,0.707106781186631,0.));
#5123=DIRECTION('',(-1.,2.25597318603832E-13,0.));
#5124=DIRECTION('',(1.3900258794603E-15,-1.,0.));
#5125=DIRECTION('',(1.,0.,0.));
#5126=DIRECTION('center_axis',(0.,0.,-1.));
#5127=DIRECTION('ref_axis',(-0.707106781186546,-0.707106781186549,0.));
#5128=DIRECTION('',(0.,-1.,0.));
#5129=DIRECTION('center_axis',(0.,0.,-1.));
#5130=DIRECTION('ref_axis',(-0.707106781186546,0.707106781186549,0.));
#5131=DIRECTION('',(-1.,0.,0.));
#5132=DIRECTION('',(1.3900258794603E-15,-1.,0.));
#5133=DIRECTION('center_axis',(0.,0.,1.));
#5134=DIRECTION('ref_axis',(0.707106781186547,0.707106781186548,0.));
#5135=DIRECTION('',(0.,1.,0.));
#5136=DIRECTION('center_axis',(0.,0.,-1.));
#5137=DIRECTION('ref_axis',(0.707106781186546,-0.707106781186549,0.));
#5138=DIRECTION('',(1.,0.,0.));
#5139=DIRECTION('center_axis',(0.,0.,-1.));
#5140=DIRECTION('ref_axis',(-0.70710678118655,-0.707106781186545,0.));
#5141=DIRECTION('',(0.,-1.,0.));
#5142=DIRECTION('center_axis',(0.,0.,1.));
#5143=DIRECTION('ref_axis',(-0.707106781186548,0.707106781186547,0.));
#5144=DIRECTION('',(0.,1.,0.));
#5145=DIRECTION('center_axis',(0.,0.,-1.));
#5146=DIRECTION('ref_axis',(0.70710678118655,-0.707106781186545,0.));
#5147=DIRECTION('',(1.,-7.01193489236941E-16,0.));
#5148=DIRECTION('center_axis',(0.,0.,1.));
#5149=DIRECTION('ref_axis',(-0.707106781186548,0.707106781186547,0.));
#5150=DIRECTION('',(0.,1.,0.));
#5151=DIRECTION('center_axis',(0.,0.,-1.));
#5152=DIRECTION('ref_axis',(0.70710678118654,-0.707106781186555,0.));
#5153=DIRECTION('',(1.,-2.33731163078981E-16,0.));
#5154=DIRECTION('center_axis',(0.,0.,1.));
#5155=DIRECTION('ref_axis',(-0.707106781186548,0.707106781186547,0.));
#5156=DIRECTION('',(0.,1.,0.));
#5157=DIRECTION('center_axis',(0.,0.,1.));
#5158=DIRECTION('ref_axis',(-0.70710678118655,-0.707106781186545,0.));
#5159=DIRECTION('',(-1.,1.40238697847388E-15,0.));
#5160=DIRECTION('center_axis',(0.,0.,-1.));
#5161=DIRECTION('ref_axis',(0.707106781186537,0.707106781186558,0.));
#5162=DIRECTION('',(0.,1.,0.));
#5163=DIRECTION('center_axis',(0.,0.,1.));
#5164=DIRECTION('ref_axis',(-0.707106781186548,-0.707106781186548,0.));
#5165=DIRECTION('',(-1.,0.,0.));
#5166=DIRECTION('center_axis',(0.,0.,1.));
#5167=DIRECTION('ref_axis',(0.707106781186547,-0.707106781186547,0.));
#5168=DIRECTION('',(0.,-1.,0.));
#5169=DIRECTION('center_axis',(0.,0.,-1.));
#5170=DIRECTION('ref_axis',(-0.707106781186547,0.707106781186547,0.));
#5171=DIRECTION('',(-1.,0.,0.));
#5172=DIRECTION('center_axis',(0.,0.,1.));
#5173=DIRECTION('ref_axis',(0.707106781186554,-0.707106781186541,0.));
#5174=DIRECTION('',(0.,-1.,0.));
#5175=DIRECTION('center_axis',(0.,0.,-1.));
#5176=DIRECTION('ref_axis',(-0.707106781186543,0.707106781186552,0.));
#5177=DIRECTION('',(-1.,0.,0.));
#5178=DIRECTION('center_axis',(0.,0.,-1.));
#5179=DIRECTION('ref_axis',(0.707106781186545,0.70710678118655,0.));
#5180=DIRECTION('',(0.,1.,0.));
#5181=DIRECTION('center_axis',(0.,0.,1.));
#5182=DIRECTION('ref_axis',(-1.,0.,0.));
#5183=DIRECTION('center_axis',(0.,0.,1.));
#5184=DIRECTION('ref_axis',(-1.,0.,0.));
#5185=DIRECTION('center_axis',(0.,0.,1.));
#5186=DIRECTION('ref_axis',(-1.,0.,0.));
#5187=DIRECTION('center_axis',(0.,0.,1.));
#5188=DIRECTION('ref_axis',(-1.,0.,0.));
#5189=DIRECTION('center_axis',(0.,0.,1.));
#5190=DIRECTION('ref_axis',(-1.,0.,0.));
#5191=DIRECTION('center_axis',(0.,0.,1.));
#5192=DIRECTION('ref_axis',(-1.,0.,0.));
#5193=DIRECTION('center_axis',(0.,0.,1.));
#5194=DIRECTION('ref_axis',(-1.,0.,0.));
#5195=DIRECTION('center_axis',(0.,0.,-1.));
#5196=DIRECTION('ref_axis',(0.707106781186554,-0.707106781186541,0.));
#5197=DIRECTION('',(0.,0.,1.));
#5198=DIRECTION('center_axis',(0.,0.,1.));
#5199=DIRECTION('ref_axis',(0.707106781186554,-0.707106781186541,0.));
#5200=DIRECTION('',(0.,0.,-1.));
#5201=DIRECTION('center_axis',(-1.,0.,0.));
#5202=DIRECTION('ref_axis',(0.,-1.,0.));
#5203=DIRECTION('',(0.,-1.,0.));
#5204=DIRECTION('',(0.,0.,1.));
#5205=DIRECTION('center_axis',(0.,0.,-1.));
#5206=DIRECTION('ref_axis',(-0.707106781186543,0.707106781186552,0.));
#5207=DIRECTION('center_axis',(0.,0.,-1.));
#5208=DIRECTION('ref_axis',(-0.707106781186543,0.707106781186552,0.));
#5209=DIRECTION('',(0.,0.,-1.));
#5210=DIRECTION('center_axis',(0.,0.,-1.));
#5211=DIRECTION('ref_axis',(-1.,0.,0.));
#5212=DIRECTION('',(-1.,0.,0.));
#5213=DIRECTION('center_axis',(0.,0.,-1.));
#5214=DIRECTION('ref_axis',(-0.707106781186547,0.707106781186547,0.));
#5215=DIRECTION('',(0.,-1.,0.));
#5216=DIRECTION('center_axis',(0.,0.,1.));
#5217=DIRECTION('ref_axis',(0.707106781186547,-0.707106781186547,0.));
#5218=DIRECTION('',(-1.,0.,0.));
#5219=DIRECTION('center_axis',(0.,0.,-1.));
#5220=DIRECTION('ref_axis',(0.707106781186535,0.70710678118656,0.));
#5221=DIRECTION('',(0.,1.,0.));
#5222=DIRECTION('center_axis',(0.,0.,1.));
#5223=DIRECTION('ref_axis',(-0.707106781186548,-0.707106781186548,0.));
#5224=DIRECTION('center_axis',(0.,0.,-1.));
#5225=DIRECTION('ref_axis',(0.707106781186548,0.707106781186548,0.));
#5226=DIRECTION('',(0.,1.,0.));
#5227=DIRECTION('center_axis',(0.,0.,1.));
#5228=DIRECTION('ref_axis',(-0.707106781186548,-0.707106781186548,0.));
#5229=DIRECTION('',(-1.,0.,0.));
#5230=DIRECTION('center_axis',(0.,0.,1.));
#5231=DIRECTION('ref_axis',(0.707106781186548,-0.707106781186548,0.));
#5232=DIRECTION('',(0.,-1.,0.));
#5233=DIRECTION('center_axis',(0.,0.,1.));
#5234=DIRECTION('ref_axis',(-1.,0.,0.));
#5235=DIRECTION('center_axis',(0.,0.,1.));
#5236=DIRECTION('ref_axis',(0.761577210407529,-0.648074187564886,0.));
#5237=DIRECTION('',(-1.97372982155583E-15,-1.,0.));
#5238=DIRECTION('',(-1.,0.,0.));
#5239=DIRECTION('center_axis',(0.,0.,1.));
#5240=DIRECTION('ref_axis',(-0.707106781186548,-0.707106781186548,0.));
#5241=DIRECTION('center_axis',(0.,0.,-1.));
#5242=DIRECTION('ref_axis',(0.707106781186548,0.707106781186548,0.));
#5243=DIRECTION('',(0.,1.,0.));
#5244=DIRECTION('center_axis',(0.,0.,-1.));
#5245=DIRECTION('ref_axis',(0.707106781186545,0.70710678118655,0.));
#5246=DIRECTION('',(-1.,0.,0.));
#5247=DIRECTION('center_axis',(0.,0.,1.));
#5248=DIRECTION('ref_axis',(-1.,0.,0.));
#5249=DIRECTION('center_axis',(0.,0.,1.));
#5250=DIRECTION('ref_axis',(-1.,0.,0.));
#5251=DIRECTION('center_axis',(0.,0.,1.));
#5252=DIRECTION('ref_axis',(-1.,0.,0.));
#5253=DIRECTION('center_axis',(0.,1.,0.));
#5254=DIRECTION('ref_axis',(-1.,0.,0.));
#5255=DIRECTION('',(0.,0.,1.));
#5256=DIRECTION('center_axis',(0.,0.,-1.));
#5257=DIRECTION('ref_axis',(0.707106781186545,0.70710678118655,0.));
#5258=DIRECTION('',(0.,0.,-1.));
#5259=DIRECTION('center_axis',(0.,0.,-1.));
#5260=DIRECTION('ref_axis',(0.707106781186522,-0.707106781186573,0.));
#5261=DIRECTION('center_axis',(0.,0.,1.));
#5262=DIRECTION('ref_axis',(0.707106781186522,-0.707106781186573,0.));
#5263=DIRECTION('',(0.,0.,1.));
#5264=DIRECTION('',(0.,0.,-1.));
#5265=DIRECTION('center_axis',(-1.,0.,0.));
#5266=DIRECTION('ref_axis',(0.,-1.,0.));
#5267=DIRECTION('',(0.,0.,1.));
#5268=DIRECTION('',(0.,-1.,0.));
#5269=DIRECTION('center_axis',(0.,0.,-1.));
#5270=DIRECTION('ref_axis',(-1.,0.,0.));
#5271=DIRECTION('center_axis',(0.,0.,1.));
#5272=DIRECTION('ref_axis',(0.707106781186548,0.707106781186548,0.));
#5273=DIRECTION('center_axis',(0.,0.,-1.));
#5274=DIRECTION('ref_axis',(-0.707106781186548,-0.707106781186548,0.));
#5275=DIRECTION('',(0.,-1.,0.));
#5276=DIRECTION('center_axis',(0.,0.,-1.));
#5277=DIRECTION('ref_axis',(-0.707106781186535,0.70710678118656,0.));
#5278=DIRECTION('center_axis',(0.,0.,1.));
#5279=DIRECTION('ref_axis',(0.70710678118656,-0.707106781186535,0.));
#5280=DIRECTION('',(0.,-1.,0.));
#5281=DIRECTION('center_axis',(0.,0.,-1.));
#5282=DIRECTION('ref_axis',(-0.707106781186543,0.707106781186552,0.));
#5283=DIRECTION('',(-1.,0.,0.));
#5284=DIRECTION('center_axis',(0.,0.,-1.));
#5285=DIRECTION('ref_axis',(-0.707106781186548,0.707106781186548,0.));
#5286=DIRECTION('',(0.,-1.,0.));
#5287=DIRECTION('center_axis',(0.,0.,1.));
#5288=DIRECTION('ref_axis',(0.707106781186548,-0.707106781186548,0.));
#5289=DIRECTION('',(-1.,0.,0.));
#5290=DIRECTION('center_axis',(0.,0.,-1.));
#5291=DIRECTION('ref_axis',(0.707106781186548,-0.707106781186548,0.));
#5292=DIRECTION('',(0.,0.,1.));
#5293=DIRECTION('',(0.,0.,-1.));
#5294=DIRECTION('center_axis',(0.,1.,0.));
#5295=DIRECTION('ref_axis',(-1.,0.,0.));
#5296=DIRECTION('',(0.,0.,-1.));
#5297=DIRECTION('center_axis',(0.,0.,-1.));
#5298=DIRECTION('ref_axis',(0.761577210407529,-0.648074187564886,0.));
#5299=DIRECTION('',(0.,0.,1.));
#5300=DIRECTION('',(0.,0.,-1.));
#5301=DIRECTION('center_axis',(0.,0.,-1.));
#5302=DIRECTION('ref_axis',(-1.,0.,0.));
#5303=DIRECTION('',(0.,0.,1.));
#5304=DIRECTION('center_axis',(0.,0.,-1.));
#5305=DIRECTION('ref_axis',(0.707106781186548,-0.707106781186548,0.));
#5306=DIRECTION('',(0.,0.,1.));
#5307=DIRECTION('',(0.,0.,-1.));
#5308=DIRECTION('center_axis',(-1.,0.,0.));
#5309=DIRECTION('ref_axis',(0.,-1.,0.));
#5310=DIRECTION('',(0.,0.,1.));
#5311=DIRECTION('center_axis',(0.,0.,-1.));
#5312=DIRECTION('ref_axis',(-0.707106781186548,-0.707106781186548,0.));
#5313=DIRECTION('',(0.,0.,-1.));
#5314=DIRECTION('',(0.,0.,-1.));
#5315=DIRECTION('center_axis',(0.,0.,-1.));
#5316=DIRECTION('ref_axis',(0.707106781186548,0.707106781186548,0.));
#5317=DIRECTION('center_axis',(0.,0.,-1.));
#5318=DIRECTION('ref_axis',(-0.707106781186547,0.707106781186547,0.));
#5319=DIRECTION('',(0.,0.,-1.));
#5320=DIRECTION('',(0.,0.,1.));
#5321=DIRECTION('center_axis',(-1.,0.,0.));
#5322=DIRECTION('ref_axis',(0.,-1.,0.));
#5323=DIRECTION('',(0.,0.,-1.));
#5324=DIRECTION('center_axis',(0.,0.,-1.));
#5325=DIRECTION('ref_axis',(-0.707106781186627,-0.707106781186468,0.));
#5326=DIRECTION('center_axis',(0.,0.,1.));
#5327=DIRECTION('ref_axis',(-0.707106781186627,-0.707106781186468,0.));
#5328=DIRECTION('',(0.,0.,-1.));
#5329=DIRECTION('',(0.,0.,1.));
#5330=DIRECTION('center_axis',(0.,0.,-1.));
#5331=DIRECTION('ref_axis',(-1.,0.,0.));
#5332=DIRECTION('',(1.,-2.27373675443232E-13,0.));
#5333=DIRECTION('',(1.3900258794603E-15,-1.,0.));
#5334=DIRECTION('center_axis',(0.,0.,-1.));
#5335=DIRECTION('ref_axis',(0.333333333333289,-0.942809041582079,0.));
#5336=DIRECTION('',(-1.28102656687518E-15,-1.,0.));
#5337=DIRECTION('center_axis',(0.,0.,-1.));
#5338=DIRECTION('ref_axis',(0.333333333333279,0.942809041582082,0.));
#5339=DIRECTION('',(1.3900258794603E-15,-1.,0.));
#5340=DIRECTION('',(-1.,2.25597318603832E-13,0.));
#5341=DIRECTION('center_axis',(0.,0.,1.));
#5342=DIRECTION('ref_axis',(-0.707106781186464,0.707106781186631,0.));
#5343=DIRECTION('',(0.,-1.,0.));
#5344=DIRECTION('center_axis',(-1.,0.,0.));
#5345=DIRECTION('ref_axis',(0.,-1.,0.));
#5346=DIRECTION('',(0.,0.,1.));
#5347=DIRECTION('center_axis',(0.,0.,-1.));
#5348=DIRECTION('ref_axis',(-0.707106781186464,0.707106781186631,0.));
#5349=DIRECTION('',(0.,0.,-1.));
#5350=DIRECTION('center_axis',(0.,0.,-1.));
#5351=DIRECTION('ref_axis',(-0.707106781186546,-0.707106781186549,0.));
#5352=DIRECTION('center_axis',(0.,0.,-1.));
#5353=DIRECTION('ref_axis',(-0.707106781186546,-0.707106781186549,0.));
#5354=DIRECTION('',(0.,0.,-1.));
#5355=DIRECTION('',(0.,0.,1.));
#5356=DIRECTION('center_axis',(0.,0.,-1.));
#5357=DIRECTION('ref_axis',(-1.,0.,0.));
#5358=DIRECTION('',(1.,0.,0.));
#5359=DIRECTION('',(0.,-1.,0.));
#5360=DIRECTION('center_axis',(0.,0.,1.));
#5361=DIRECTION('ref_axis',(0.333333333333334,-0.942809041582063,0.));
#5362=DIRECTION('',(0.,-1.,0.));
#5363=DIRECTION('center_axis',(0.,0.,1.));
#5364=DIRECTION('ref_axis',(0.333333333333333,0.942809041582063,0.));
#5365=DIRECTION('',(0.,-1.,0.));
#5366=DIRECTION('',(-1.,0.,0.));
#5367=DIRECTION('center_axis',(0.,0.,-1.));
#5368=DIRECTION('ref_axis',(-0.707106781186546,0.707106781186549,0.));
#5369=DIRECTION('',(0.,-1.,0.));
#5370=DIRECTION('center_axis',(-1.,0.,0.));
#5371=DIRECTION('ref_axis',(0.,-1.,0.));
#5372=DIRECTION('',(0.,0.,1.));
#5373=DIRECTION('center_axis',(0.,0.,-1.));
#5374=DIRECTION('ref_axis',(-0.707106781186546,0.707106781186549,0.));
#5375=DIRECTION('',(0.,0.,-1.));
#5376=DIRECTION('center_axis',(0.,0.,-1.));
#5377=DIRECTION('ref_axis',(0.707106781186546,-0.707106781186549,0.));
#5378=DIRECTION('',(0.,0.,-1.));
#5379=DIRECTION('',(0.,0.,1.));
#5380=DIRECTION('center_axis',(0.,-1.,0.));
#5381=DIRECTION('ref_axis',(1.,0.,0.));
#5382=DIRECTION('',(0.,0.,1.));
#5383=DIRECTION('center_axis',(0.,0.,-1.));
#5384=DIRECTION('ref_axis',(-0.70710678118655,-0.707106781186545,0.));
#5385=DIRECTION('',(0.,0.,-1.));
#5386=DIRECTION('center_axis',(0.,0.,-1.));
#5387=DIRECTION('ref_axis',(0.707106781186535,0.70710678118656,0.));
#5388=DIRECTION('',(0.,0.,-1.));
#5389=DIRECTION('',(0.,0.,1.));
#5390=DIRECTION('center_axis',(0.,1.,0.));
#5391=DIRECTION('ref_axis',(-1.,0.,0.));
#5392=DIRECTION('',(0.,0.,1.));
#5393=DIRECTION('',(0.,0.,-1.));
#5394=DIRECTION('center_axis',(0.,0.,-1.));
#5395=DIRECTION('ref_axis',(-0.707106781186548,-0.707106781186548,0.));
#5396=DIRECTION('',(0.,0.,1.));
#5397=DIRECTION('center_axis',(1.,0.,0.));
#5398=DIRECTION('ref_axis',(0.,1.,0.));
#5399=DIRECTION('',(0.,0.,-1.));
#5400=DIRECTION('center_axis',(0.,0.,-1.));
#5401=DIRECTION('ref_axis',(-0.707106781186548,-0.707106781186548,0.));
#5402=DIRECTION('',(0.,0.,1.));
#5403=DIRECTION('',(0.,0.,1.));
#5404=DIRECTION('center_axis',(0.,0.,-1.));
#5405=DIRECTION('ref_axis',(0.707106781186548,0.707106781186548,0.));
#5406=DIRECTION('center_axis',(0.,0.,-1.));
#5407=DIRECTION('ref_axis',(0.707106781186547,-0.707106781186547,0.));
#5408=DIRECTION('center_axis',(0.,0.,-1.));
#5409=DIRECTION('ref_axis',(-0.64278760968655,0.766044443118969,0.));
#5410=DIRECTION('',(0.,0.,1.));
#5411=DIRECTION('center_axis',(0.,0.,-1.));
#5412=DIRECTION('ref_axis',(-0.64278760968655,0.766044443118969,0.));
#5413=DIRECTION('',(0.,0.,-1.));
#5414=DIRECTION('center_axis',(0.,0.,-1.));
#5415=DIRECTION('ref_axis',(-1.,0.,0.));
#5416=DIRECTION('',(1.,0.,0.));
#5417=DIRECTION('center_axis',(0.,0.,1.));
#5418=DIRECTION('ref_axis',(0.707106781186545,-0.70710678118655,0.));
#5419=DIRECTION('',(-1.,0.,0.));
#5420=DIRECTION('',(-1.,0.,0.));
#5421=DIRECTION('',(-1.,0.,0.));
#5422=DIRECTION('center_axis',(0.,0.,-1.));
#5423=DIRECTION('ref_axis',(-0.642787609686548,0.766044443118971,0.));
#5424=DIRECTION('',(0.173648177666914,0.984807753012211,0.));
#5425=DIRECTION('center_axis',(0.984807753012211,-0.173648177666914,0.));
#5426=DIRECTION('ref_axis',(0.173648177666914,0.984807753012211,0.));
#5427=DIRECTION('',(0.,0.,-1.));
#5428=DIRECTION('',(0.,0.,1.));
#5429=DIRECTION('center_axis',(0.,0.,-1.));
#5430=DIRECTION('ref_axis',(-0.642787609686548,0.766044443118971,0.));
#5431=DIRECTION('',(0.,0.,1.));
#5432=DIRECTION('center_axis',(0.,1.,0.));
#5433=DIRECTION('ref_axis',(-1.,0.,0.));
#5434=DIRECTION('',(0.,0.,1.));
#5435=DIRECTION('',(1.,0.,0.));
#5436=DIRECTION('',(0.,0.,1.));
#5437=DIRECTION('',(0.,0.,-1.));
#5438=DIRECTION('center_axis',(0.,0.,-1.));
#5439=DIRECTION('ref_axis',(0.70710678118656,-0.707106781186535,0.));
#5440=DIRECTION('',(0.,0.,-1.));
#5441=DIRECTION('',(0.,0.,-1.));
#5442=DIRECTION('center_axis',(0.,0.,-1.));
#5443=DIRECTION('ref_axis',(0.707106781186548,0.707106781186548,0.));
#5444=DIRECTION('',(0.,0.,1.));
#5445=DIRECTION('center_axis',(0.,0.,-1.));
#5446=DIRECTION('ref_axis',(-0.707106781186535,0.70710678118656,0.));
#5447=DIRECTION('',(0.,0.,1.));
#5448=DIRECTION('center_axis',(-1.,0.,0.));
#5449=DIRECTION('ref_axis',(0.,-1.,0.));
#5450=DIRECTION('',(0.,0.,-1.));
#5451=DIRECTION('center_axis',(0.,0.,-1.));
#5452=DIRECTION('ref_axis',(-0.707106781186548,-0.707106781186548,0.));
#5453=DIRECTION('center_axis',(0.,0.,-1.));
#5454=DIRECTION('ref_axis',(0.707106781186545,-0.70710678118655,0.));
#5455=DIRECTION('',(0.,0.,1.));
#5456=DIRECTION('center_axis',(0.,0.,-1.));
#5457=DIRECTION('ref_axis',(0.707106781186545,-0.70710678118655,0.));
#5458=DIRECTION('',(0.,0.,1.));
#5459=DIRECTION('center_axis',(1.,0.,0.));
#5460=DIRECTION('ref_axis',(0.,1.,0.));
#5461=DIRECTION('',(0.,1.,0.));
#5462=DIRECTION('',(0.,0.,-1.));
#5463=DIRECTION('center_axis',(0.,0.,-1.));
#5464=DIRECTION('ref_axis',(-0.707106781186543,0.707106781186552,0.));
#5465=DIRECTION('center_axis',(0.,0.,1.));
#5466=DIRECTION('ref_axis',(-0.707106781186543,0.707106781186552,0.));
#5467=DIRECTION('',(0.,0.,1.));
#5468=DIRECTION('',(0.,0.,1.));
#5469=DIRECTION('',(0.,0.,-1.));
#5470=DIRECTION('center_axis',(-1.,0.,0.));
#5471=DIRECTION('ref_axis',(0.,-1.,0.));
#5472=DIRECTION('center_axis',(0.,0.,-1.));
#5473=DIRECTION('ref_axis',(0.707106781186545,0.70710678118655,0.));
#5474=DIRECTION('center_axis',(0.,0.,-1.));
#5475=DIRECTION('ref_axis',(0.707106781186545,0.70710678118655,0.));
#5476=DIRECTION('',(0.,0.,-1.));
#5477=DIRECTION('center_axis',(0.,0.,1.));
#5478=DIRECTION('ref_axis',(0.707106781186545,0.70710678118655,0.));
#5479=DIRECTION('',(0.,0.,1.));
#5480=DIRECTION('center_axis',(0.,0.,-1.));
#5481=DIRECTION('ref_axis',(-1.,0.,0.));
#5482=DIRECTION('',(1.,0.,0.));
#5483=DIRECTION('',(-1.,0.,0.));
#5484=DIRECTION('center_axis',(0.,-1.,0.));
#5485=DIRECTION('ref_axis',(1.,0.,0.));
#5486=DIRECTION('center_axis',(0.,0.,-1.));
#5487=DIRECTION('ref_axis',(-0.707106781186548,0.707106781186548,0.));
#5488=DIRECTION('',(0.,0.,-1.));
#5489=DIRECTION('center_axis',(0.,1.,0.));
#5490=DIRECTION('ref_axis',(-1.,0.,0.));
#5491=DIRECTION('',(-1.,0.,0.));
#5492=DIRECTION('',(0.,0.,1.));
#5493=DIRECTION('center_axis',(0.,0.,-1.));
#5494=DIRECTION('ref_axis',(0.707106781186546,-0.707106781186549,0.));
#5495=DIRECTION('center_axis',(0.,0.,-1.));
#5496=DIRECTION('ref_axis',(0.707106781186546,-0.707106781186549,0.));
#5497=DIRECTION('',(0.,0.,-1.));
#5498=DIRECTION('',(0.,0.,1.));
#5499=DIRECTION('center_axis',(0.,0.,-1.));
#5500=DIRECTION('ref_axis',(-1.,0.,0.));
#5501=DIRECTION('',(0.,1.,0.));
#5502=DIRECTION('center_axis',(0.,0.,-1.));
#5503=DIRECTION('ref_axis',(0.707106781186546,0.707106781186549,0.));
#5504=DIRECTION('',(1.,0.,0.));
#5505=DIRECTION('center_axis',(0.,-1.,0.));
#5506=DIRECTION('ref_axis',(1.,0.,0.));
#5507=DIRECTION('',(0.,0.,1.));
#5508=DIRECTION('',(1.,0.,0.));
#5509=DIRECTION('',(0.,0.,1.));
#5510=DIRECTION('center_axis',(0.,0.,-1.));
#5511=DIRECTION('ref_axis',(0.707106781186546,0.707106781186549,0.));
#5512=DIRECTION('',(0.,0.,-1.));
#5513=DIRECTION('center_axis',(0.,0.,-1.));
#5514=DIRECTION('ref_axis',(0.333333333333333,0.942809041582063,0.));
#5515=DIRECTION('',(0.,0.,1.));
#5516=DIRECTION('',(0.,0.,1.));
#5517=DIRECTION('center_axis',(-1.,0.,0.));
#5518=DIRECTION('ref_axis',(0.,-1.,0.));
#5519=DIRECTION('',(0.,0.,-1.));
#5520=DIRECTION('center_axis',(0.,0.,1.));
#5521=DIRECTION('ref_axis',(0.333333333333334,-0.942809041582063,0.));
#5522=DIRECTION('',(0.,0.,1.));
#5523=DIRECTION('center_axis',(0.,0.,-1.));
#5524=DIRECTION('ref_axis',(0.333333333333279,0.942809041582082,0.));
#5525=DIRECTION('',(0.,0.,1.));
#5526=DIRECTION('',(0.,0.,1.));
#5527=DIRECTION('center_axis',(-1.,1.28102656687518E-15,0.));
#5528=DIRECTION('ref_axis',(-1.28102656687518E-15,-1.,0.));
#5529=DIRECTION('',(0.,0.,-1.));
#5530=DIRECTION('center_axis',(0.,0.,1.));
#5531=DIRECTION('ref_axis',(0.333333333333289,-0.942809041582079,0.));
#5532=DIRECTION('',(0.,0.,1.));
#5533=DIRECTION('center_axis',(0.,0.,-1.));
#5534=DIRECTION('ref_axis',(0.707106781186547,0.707106781186548,0.));
#5535=DIRECTION('',(0.,0.,-1.));
#5536=DIRECTION('',(0.,0.,1.));
#5537=DIRECTION('',(0.,0.,-1.));
#5538=DIRECTION('center_axis',(6.27091671218909E-17,-1.,0.));
#5539=DIRECTION('ref_axis',(1.,6.27091671218909E-17,0.));
#5540=DIRECTION('center_axis',(0.,0.,-1.));
#5541=DIRECTION('ref_axis',(0.984807753012209,-0.173648177666922,0.));
#5542=DIRECTION('',(0.,0.,1.));
#5543=DIRECTION('',(0.,0.,-1.));
#5544=DIRECTION('center_axis',(-0.939692620785913,0.342020143325657,0.));
#5545=DIRECTION('ref_axis',(-0.342020143325657,-0.939692620785913,0.));
#5546=DIRECTION('',(0.,0.,-1.));
#5547=DIRECTION('center_axis',(0.,0.,-1.));
#5548=DIRECTION('ref_axis',(0.422618261740696,-0.906307787036651,0.));
#5549=DIRECTION('',(0.,0.,1.));
#5550=DIRECTION('center_axis',(0.342020143325685,0.939692620785903,0.));
#5551=DIRECTION('ref_axis',(-0.939692620785902,0.342020143325685,0.));
#5552=DIRECTION('',(0.,0.,-1.));
#5553=DIRECTION('center_axis',(0.,0.,-1.));
#5554=DIRECTION('ref_axis',(-0.819152044288993,-0.573576436351045,0.));
#5555=DIRECTION('',(0.,0.,-1.));
#5556=DIRECTION('center_axis',(0.,0.,-1.));
#5557=DIRECTION('ref_axis',(-0.707106781186548,-0.707106781186548,0.));
#5558=DIRECTION('',(0.,0.,1.));
#5559=DIRECTION('center_axis',(1.,0.,0.));
#5560=DIRECTION('ref_axis',(0.,1.,0.));
#5561=DIRECTION('',(0.,0.,-1.));
#5562=DIRECTION('center_axis',(0.,0.,-1.));
#5563=DIRECTION('ref_axis',(-0.70710678118655,-0.707106781186545,0.));
#5564=DIRECTION('',(0.,0.,1.));
#5565=DIRECTION('',(0.,0.,-1.));
#5566=DIRECTION('center_axis',(1.,0.,0.));
#5567=DIRECTION('ref_axis',(0.,1.,0.));
#5568=DIRECTION('',(0.,0.,-1.));
#5569=DIRECTION('center_axis',(0.,0.,-1.));
#5570=DIRECTION('ref_axis',(-0.707106781186548,0.707106781186547,0.));
#5571=DIRECTION('',(0.,0.,1.));
#5572=DIRECTION('center_axis',(-2.33731163078981E-16,-1.,0.));
#5573=DIRECTION('ref_axis',(1.,-2.33731163078981E-16,0.));
#5574=DIRECTION('',(0.,0.,-1.));
#5575=DIRECTION('center_axis',(0.,0.,-1.));
#5576=DIRECTION('ref_axis',(-0.707106781186548,0.707106781186547,0.));
#5577=DIRECTION('',(0.,0.,1.));
#5578=DIRECTION('',(0.,0.,-1.));
#5579=DIRECTION('center_axis',(-7.01193489236941E-16,-1.,0.));
#5580=DIRECTION('ref_axis',(1.,-7.01193489236941E-16,0.));
#5581=DIRECTION('',(0.,0.,-1.));
#5582=DIRECTION('center_axis',(0.,0.,-1.));
#5583=DIRECTION('ref_axis',(-0.707106781186548,0.707106781186547,0.));
#5584=DIRECTION('',(0.,0.,-1.));
#5585=DIRECTION('center_axis',(1.,0.,0.));
#5586=DIRECTION('ref_axis',(0.,1.,0.));
#5587=DIRECTION('',(0.,0.,1.));
#5588=DIRECTION('center_axis',(0.,0.,-1.));
#5589=DIRECTION('ref_axis',(0.25881904510253,0.965925826289066,0.));
#5590=DIRECTION('',(0.,0.,1.));
#5591=DIRECTION('center_axis',(0.173648177666931,0.984807753012208,0.));
#5592=DIRECTION('ref_axis',(-0.984807753012208,0.173648177666931,0.));
#5593=DIRECTION('center_axis',(0.,0.,-1.));
#5594=DIRECTION('ref_axis',(0.707106781186537,0.707106781186558,0.));
#5595=DIRECTION('',(0.,0.,1.));
#5596=DIRECTION('center_axis',(1.40238697847388E-15,1.,0.));
#5597=DIRECTION('ref_axis',(-1.,1.40238697847388E-15,0.));
#5598=DIRECTION('center_axis',(0.,0.,-1.));
#5599=DIRECTION('ref_axis',(0.70710678118654,-0.707106781186555,0.));
#5600=DIRECTION('',(0.,0.,1.));
#5601=DIRECTION('center_axis',(1.,0.,0.));
#5602=DIRECTION('ref_axis',(0.,1.,0.));
#5603=DIRECTION('center_axis',(0.,0.,-1.));
#5604=DIRECTION('ref_axis',(0.70710678118655,-0.707106781186545,0.));
#5605=DIRECTION('center_axis',(0.,1.,0.));
#5606=DIRECTION('ref_axis',(-1.,0.,0.));
#5607=DIRECTION('',(0.,0.,1.));
#5608=DIRECTION('',(-1.,0.,0.));
#5609=DIRECTION('',(0.,0.,1.));
#5610=DIRECTION('center_axis',(0.,0.,-1.));
#5611=DIRECTION('ref_axis',(1.07187543957223E-15,-1.,0.));
#5612=DIRECTION('center_axis',(0.,0.,-1.));
#5613=DIRECTION('ref_axis',(-1.,0.,0.));
#5614=DIRECTION('center_axis',(0.,0.,1.));
#5615=DIRECTION('ref_axis',(-1.,0.,0.));
#5616=DIRECTION('center_axis',(0.,0.,-1.));
#5617=DIRECTION('ref_axis',(1.83697019872103E-16,-1.,0.));
#5618=DIRECTION('center_axis',(0.,0.,-1.));
#5619=DIRECTION('ref_axis',(-1.,0.,0.));
#5620=DIRECTION('center_axis',(0.,0.,-1.));
#5621=DIRECTION('ref_axis',(-1.,0.,0.));
#5622=DIRECTION('center_axis',(0.,0.,-1.));
#5623=DIRECTION('ref_axis',(-1.,0.,0.));
#5624=DIRECTION('center_axis',(0.,0.,1.));
#5625=DIRECTION('ref_axis',(-1.,0.,0.));
#5626=DIRECTION('',(0.,0.,-1.));
#5627=DIRECTION('center_axis',(0.,0.,-1.));
#5628=DIRECTION('ref_axis',(-1.,0.,0.));
#5629=DIRECTION('center_axis',(0.,0.,-1.));
#5630=DIRECTION('ref_axis',(-1.,0.,0.));
#5631=DIRECTION('center_axis',(0.,0.,-1.));
#5632=DIRECTION('ref_axis',(-1.,0.,0.));
#5633=DIRECTION('',(0.,0.,-1.));
#5634=DIRECTION('center_axis',(0.,0.,-1.));
#5635=DIRECTION('ref_axis',(-1.,0.,0.));
#5636=DIRECTION('center_axis',(0.,0.,-1.));
#5637=DIRECTION('ref_axis',(-1.,0.,0.));
#5638=DIRECTION('center_axis',(0.,0.,1.));
#5639=DIRECTION('ref_axis',(-1.,0.,0.));
#5640=DIRECTION('',(0.,0.,-1.));
#5641=DIRECTION('center_axis',(0.,0.,-1.));
#5642=DIRECTION('ref_axis',(-1.,0.,0.));
#5643=DIRECTION('center_axis',(0.,0.,-1.));
#5644=DIRECTION('ref_axis',(-1.,0.,0.));
#5645=DIRECTION('center_axis',(0.,0.,-1.));
#5646=DIRECTION('ref_axis',(-1.,0.,0.));
#5647=DIRECTION('',(0.,0.,-1.));
#5648=DIRECTION('center_axis',(0.,0.,-1.));
#5649=DIRECTION('ref_axis',(-1.,0.,0.));
#5650=DIRECTION('center_axis',(0.,0.,-1.));
#5651=DIRECTION('ref_axis',(-1.,0.,0.));
#5652=DIRECTION('center_axis',(0.,0.,1.));
#5653=DIRECTION('ref_axis',(-1.,0.,0.));
#5654=DIRECTION('',(0.,0.,-1.));
#5655=DIRECTION('center_axis',(0.,0.,-1.));
#5656=DIRECTION('ref_axis',(-1.,0.,0.));
#5657=DIRECTION('center_axis',(0.,0.,-1.));
#5658=DIRECTION('ref_axis',(-1.,0.,0.));
#5659=DIRECTION('center_axis',(0.,0.,-1.));
#5660=DIRECTION('ref_axis',(-1.,0.,0.));
#5661=DIRECTION('',(0.,0.,-1.));
#5662=DIRECTION('center_axis',(0.,0.,-1.));
#5663=DIRECTION('ref_axis',(-1.,0.,0.));
#5664=DIRECTION('center_axis',(0.,0.,-1.));
#5665=DIRECTION('ref_axis',(-1.,0.,0.));
#5666=DIRECTION('center_axis',(0.,0.,-1.));
#5667=DIRECTION('ref_axis',(-1.,0.,0.));
#5668=DIRECTION('center_axis',(0.,0.,-1.));
#5669=DIRECTION('ref_axis',(-1.,0.,0.));
#5670=DIRECTION('center_axis',(0.,0.,-1.));
#5671=DIRECTION('ref_axis',(-1.,0.,0.));
#5672=DIRECTION('center_axis',(0.866025403784439,-0.499999999999999,0.));
#5673=DIRECTION('ref_axis',(0.499999999999999,0.866025403784439,0.));
#5674=DIRECTION('',(0.499999999999999,0.866025403784439,0.));
#5675=DIRECTION('',(0.,0.,1.));
#5676=DIRECTION('',(0.499999999999999,0.866025403784439,0.));
#5677=DIRECTION('',(0.,0.,1.));
#5678=DIRECTION('center_axis',(0.,-1.,0.));
#5679=DIRECTION('ref_axis',(1.,0.,0.));
#5680=DIRECTION('',(1.,0.,0.));
#5681=DIRECTION('',(1.,0.,0.));
#5682=DIRECTION('',(0.,0.,1.));
#5683=DIRECTION('center_axis',(-0.866025403784439,-0.5,0.));
#5684=DIRECTION('ref_axis',(0.5,-0.866025403784439,0.));
#5685=DIRECTION('',(0.5,-0.866025403784439,0.));
#5686=DIRECTION('',(0.5,-0.866025403784439,0.));
#5687=DIRECTION('',(0.,0.,1.));
#5688=DIRECTION('center_axis',(-0.866025403784439,0.5,0.));
#5689=DIRECTION('ref_axis',(-0.499999999999999,-0.866025403784439,0.));
#5690=DIRECTION('',(-0.499999999999999,-0.866025403784439,0.));
#5691=DIRECTION('',(-0.499999999999999,-0.866025403784439,0.));
#5692=DIRECTION('',(0.,0.,1.));
#5693=DIRECTION('center_axis',(-1.10758422012821E-15,1.,0.));
#5694=DIRECTION('ref_axis',(-1.,-1.10758422012821E-15,0.));
#5695=DIRECTION('',(-1.,-1.10758422012821E-15,0.));
#5696=DIRECTION('',(-1.,-1.10758422012821E-15,0.));
#5697=DIRECTION('',(0.,0.,1.));
#5698=DIRECTION('center_axis',(0.866025403784439,0.5,0.));
#5699=DIRECTION('ref_axis',(-0.5,0.866025403784439,0.));
#5700=DIRECTION('',(-0.5,0.866025403784439,0.));
#5701=DIRECTION('',(-0.5,0.866025403784439,0.));
#5702=DIRECTION('center_axis',(1.07657990266682E-15,-1.,0.));
#5703=DIRECTION('ref_axis',(1.,1.07657990266682E-15,0.));
#5704=DIRECTION('',(0.,0.,1.));
#5705=DIRECTION('',(1.,1.07657990266682E-15,0.));
#5706=DIRECTION('',(0.,0.,1.));
#5707=DIRECTION('center_axis',(0.866025403784439,-0.499999999999999,0.));
#5708=DIRECTION('ref_axis',(0.499999999999999,0.866025403784439,0.));
#5709=DIRECTION('',(0.499999999999999,0.866025403784439,0.));
#5710=DIRECTION('',(0.,0.,1.));
#5711=DIRECTION('center_axis',(0.866025403784438,0.500000000000001,0.));
#5712=DIRECTION('ref_axis',(-0.500000000000001,0.866025403784438,0.));
#5713=DIRECTION('',(-0.500000000000001,0.866025403784438,0.));
#5714=DIRECTION('',(0.,0.,1.));
#5715=DIRECTION('center_axis',(0.,1.,0.));
#5716=DIRECTION('ref_axis',(-1.,0.,0.));
#5717=DIRECTION('',(-1.,0.,0.));
#5718=DIRECTION('',(0.,0.,1.));
#5719=DIRECTION('center_axis',(-0.866025403784439,0.499999999999999,0.));
#5720=DIRECTION('ref_axis',(-0.499999999999999,-0.866025403784439,0.));
#5721=DIRECTION('',(-0.499999999999999,-0.866025403784439,0.));
#5722=DIRECTION('',(0.,0.,1.));
#5723=DIRECTION('center_axis',(-0.866025403784438,-0.500000000000001,0.));
#5724=DIRECTION('ref_axis',(0.500000000000001,-0.866025403784438,0.));
#5725=DIRECTION('',(0.500000000000001,-0.866025403784438,0.));
#5726=DIRECTION('center_axis',(0.,0.,-1.));
#5727=DIRECTION('ref_axis',(-1.,0.,0.));
#5728=DIRECTION('center_axis',(0.86602540379601,-0.499999999979958,0.));
#5729=DIRECTION('ref_axis',(0.499999999979958,0.86602540379601,0.));
#5730=DIRECTION('',(0.499999999979958,0.86602540379601,0.));
#5731=DIRECTION('',(0.,0.,1.));
#5732=DIRECTION('',(0.499999999979958,0.86602540379601,0.));
#5733=DIRECTION('',(0.,0.,1.));
#5734=DIRECTION('center_axis',(0.,-1.,0.));
#5735=DIRECTION('ref_axis',(1.,0.,0.));
#5736=DIRECTION('',(1.,0.,0.));
#5737=DIRECTION('',(1.,0.,0.));
#5738=DIRECTION('',(0.,0.,1.));
#5739=DIRECTION('center_axis',(-0.86602540376087,-0.500000000040823,0.));
#5740=DIRECTION('ref_axis',(0.500000000040823,-0.86602540376087,0.));
#5741=DIRECTION('',(0.500000000040823,-0.86602540376087,0.));
#5742=DIRECTION('',(0.500000000040823,-0.86602540376087,0.));
#5743=DIRECTION('',(0.,0.,1.));
#5744=DIRECTION('center_axis',(-0.866025403800002,0.499999999973043,0.));
#5745=DIRECTION('ref_axis',(-0.499999999973043,-0.866025403800002,0.));
#5746=DIRECTION('',(-0.499999999973043,-0.866025403800002,0.));
#5747=DIRECTION('',(-0.499999999973043,-0.866025403800002,0.));
#5748=DIRECTION('',(0.,0.,1.));
#5749=DIRECTION('center_axis',(4.48294713070102E-13,1.,0.));
#5750=DIRECTION('ref_axis',(-1.,4.48294713070102E-13,0.));
#5751=DIRECTION('',(-1.,4.48294713070102E-13,0.));
#5752=DIRECTION('',(-1.,4.48294713070102E-13,0.));
#5753=DIRECTION('',(0.,0.,1.));
#5754=DIRECTION('center_axis',(0.866025403782266,0.500000000003763,0.));
#5755=DIRECTION('ref_axis',(-0.500000000003763,0.866025403782266,0.));
#5756=DIRECTION('',(-0.500000000003763,0.866025403782266,0.));
#5757=DIRECTION('',(-0.500000000003763,0.866025403782266,0.));
#5758=DIRECTION('center_axis',(3.11271547250325E-11,-1.,0.));
#5759=DIRECTION('ref_axis',(1.,3.11271547250325E-11,0.));
#5760=DIRECTION('',(0.,0.,1.));
#5761=DIRECTION('',(1.,3.11271547250325E-11,0.));
#5762=DIRECTION('',(0.,0.,1.));
#5763=DIRECTION('center_axis',(0.866025403800002,-0.499999999973043,0.));
#5764=DIRECTION('ref_axis',(0.499999999973043,0.866025403800002,0.));
#5765=DIRECTION('',(0.499999999973043,0.866025403800002,0.));
#5766=DIRECTION('',(0.,0.,1.));
#5767=DIRECTION('center_axis',(0.866025403768876,0.500000000026956,0.));
#5768=DIRECTION('ref_axis',(-0.500000000026956,0.866025403768876,0.));
#5769=DIRECTION('',(-0.500000000026956,0.866025403768876,0.));
#5770=DIRECTION('',(0.,0.,1.));
#5771=DIRECTION('center_axis',(-3.11266164350812E-11,1.,0.));
#5772=DIRECTION('ref_axis',(-1.,-3.11266164350812E-11,0.));
#5773=DIRECTION('',(-1.,-3.11266164350812E-11,0.));
#5774=DIRECTION('',(0.,0.,1.));
#5775=DIRECTION('center_axis',(-0.866025403800002,0.499999999973044,0.));
#5776=DIRECTION('ref_axis',(-0.499999999973044,-0.866025403800002,0.));
#5777=DIRECTION('',(-0.499999999973044,-0.866025403800002,0.));
#5778=DIRECTION('',(0.,0.,1.));
#5779=DIRECTION('center_axis',(-0.866025403768875,-0.500000000026957,0.));
#5780=DIRECTION('ref_axis',(0.500000000026957,-0.866025403768875,0.));
#5781=DIRECTION('',(0.500000000026957,-0.866025403768875,0.));
#5782=DIRECTION('center_axis',(0.,0.,-1.));
#5783=DIRECTION('ref_axis',(-1.,0.,0.));
#5784=DIRECTION('center_axis',(0.866025403784441,-0.499999999999996,0.));
#5785=DIRECTION('ref_axis',(0.499999999999996,0.866025403784441,0.));
#5786=DIRECTION('',(0.499999999999996,0.866025403784441,0.));
#5787=DIRECTION('',(0.,0.,1.));
#5788=DIRECTION('',(0.499999999999996,0.866025403784441,0.));
#5789=DIRECTION('',(0.,0.,1.));
#5790=DIRECTION('center_axis',(6.09171321070514E-15,-1.,0.));
#5791=DIRECTION('ref_axis',(1.,6.09171321070514E-15,0.));
#5792=DIRECTION('',(1.,6.09171321070514E-15,0.));
#5793=DIRECTION('',(1.,6.09171321070514E-15,0.));
#5794=DIRECTION('',(0.,0.,1.));
#5795=DIRECTION('center_axis',(-0.866025403784437,-0.500000000000003,0.));
#5796=DIRECTION('ref_axis',(0.500000000000003,-0.866025403784437,0.));
#5797=DIRECTION('',(0.500000000000003,-0.866025403784437,0.));
#5798=DIRECTION('',(0.500000000000003,-0.866025403784437,0.));
#5799=DIRECTION('',(0.,0.,1.));
#5800=DIRECTION('center_axis',(-0.866025403784441,0.499999999999995,0.));
#5801=DIRECTION('ref_axis',(-0.499999999999995,-0.866025403784441,0.));
#5802=DIRECTION('',(-0.499999999999995,-0.866025403784441,0.));
#5803=DIRECTION('',(-0.499999999999995,-0.866025403784441,0.));
#5804=DIRECTION('',(0.,0.,1.));
#5805=DIRECTION('center_axis',(-5.26102504560899E-15,1.,0.));
#5806=DIRECTION('ref_axis',(-1.,-5.26102504560899E-15,0.));
#5807=DIRECTION('',(-1.,-5.26102504560899E-15,0.));
#5808=DIRECTION('',(-1.,-5.26102504560899E-15,0.));
#5809=DIRECTION('',(0.,0.,1.));
#5810=DIRECTION('center_axis',(0.866025403784437,0.500000000000003,0.));
#5811=DIRECTION('ref_axis',(-0.500000000000003,0.866025403784437,0.));
#5812=DIRECTION('',(-0.500000000000003,0.866025403784437,0.));
#5813=DIRECTION('',(-0.500000000000003,0.866025403784437,0.));
#5814=DIRECTION('center_axis',(4.84460956200069E-15,-1.,0.));
#5815=DIRECTION('ref_axis',(1.,4.84460956200069E-15,0.));
#5816=DIRECTION('',(0.,0.,1.));
#5817=DIRECTION('',(1.,4.84460956200069E-15,0.));
#5818=DIRECTION('',(0.,0.,1.));
#5819=DIRECTION('center_axis',(0.866025403784441,-0.499999999999996,0.));
#5820=DIRECTION('ref_axis',(0.499999999999996,0.866025403784441,0.));
#5821=DIRECTION('',(0.499999999999996,0.866025403784441,0.));
#5822=DIRECTION('',(0.,0.,1.));
#5823=DIRECTION('center_axis',(0.866025403784436,0.500000000000004,0.));
#5824=DIRECTION('ref_axis',(-0.500000000000004,0.866025403784436,0.));
#5825=DIRECTION('',(-0.500000000000004,0.866025403784436,0.));
#5826=DIRECTION('',(0.,0.,1.));
#5827=DIRECTION('center_axis',(-5.3828995133341E-15,1.,0.));
#5828=DIRECTION('ref_axis',(-1.,-5.3828995133341E-15,0.));
#5829=DIRECTION('',(-1.,-5.3828995133341E-15,0.));
#5830=DIRECTION('',(0.,0.,1.));
#5831=DIRECTION('center_axis',(-0.866025403784441,0.499999999999996,0.));
#5832=DIRECTION('ref_axis',(-0.499999999999996,-0.866025403784441,0.));
#5833=DIRECTION('',(-0.499999999999996,-0.866025403784441,0.));
#5834=DIRECTION('',(0.,0.,1.));
#5835=DIRECTION('center_axis',(-0.866025403784436,-0.500000000000004,0.));
#5836=DIRECTION('ref_axis',(0.500000000000004,-0.866025403784436,0.));
#5837=DIRECTION('',(0.500000000000004,-0.866025403784436,0.));
#5838=DIRECTION('center_axis',(0.,0.,-1.));
#5839=DIRECTION('ref_axis',(-1.,0.,0.));
#5840=DIRECTION('center_axis',(0.984807753012211,0.173648177666913,0.));
#5841=DIRECTION('ref_axis',(-0.173648177666913,0.984807753012211,0.));
#5842=DIRECTION('',(-0.173648177666913,0.984807753012211,0.));
#5843=DIRECTION('',(0.,0.,1.));
#5844=DIRECTION('',(-0.173648177666913,0.984807753012211,0.));
#5845=DIRECTION('',(0.,0.,1.));
#5846=DIRECTION('center_axis',(0.642787609686528,-0.766044443118988,0.));
#5847=DIRECTION('ref_axis',(0.766044443118988,0.642787609686528,0.));
#5848=DIRECTION('',(0.766044443118988,0.642787609686528,0.));
#5849=DIRECTION('',(0.766044443118988,0.642787609686528,0.));
#5850=DIRECTION('',(0.,0.,1.));
#5851=DIRECTION('center_axis',(-0.342020143325687,-0.939692620785902,0.));
#5852=DIRECTION('ref_axis',(0.939692620785902,-0.342020143325687,0.));
#5853=DIRECTION('',(0.939692620785902,-0.342020143325687,0.));
#5854=DIRECTION('',(0.939692620785902,-0.342020143325687,0.));
#5855=DIRECTION('',(0.,0.,1.));
#5856=DIRECTION('center_axis',(-0.984807753012211,-0.173648177666916,0.));
#5857=DIRECTION('ref_axis',(0.173648177666916,-0.984807753012211,0.));
#5858=DIRECTION('',(0.173648177666916,-0.984807753012211,0.));
#5859=DIRECTION('',(0.173648177666916,-0.984807753012211,0.));
#5860=DIRECTION('',(0.,0.,1.));
#5861=DIRECTION('center_axis',(-0.642787609686528,0.766044443118988,0.));
#5862=DIRECTION('ref_axis',(-0.766044443118988,-0.642787609686528,0.));
#5863=DIRECTION('',(-0.766044443118988,-0.642787609686528,0.));
#5864=DIRECTION('',(-0.766044443118988,-0.642787609686528,0.));
#5865=DIRECTION('',(0.,0.,1.));
#5866=DIRECTION('center_axis',(0.342020143325684,0.939692620785903,0.));
#5867=DIRECTION('ref_axis',(-0.939692620785903,0.342020143325684,0.));
#5868=DIRECTION('',(-0.939692620785903,0.342020143325684,0.));
#5869=DIRECTION('',(-0.939692620785903,0.342020143325684,0.));
#5870=DIRECTION('center_axis',(-0.342020143325694,-0.939692620785899,0.));
#5871=DIRECTION('ref_axis',(0.939692620785899,-0.342020143325694,0.));
#5872=DIRECTION('',(0.,0.,1.));
#5873=DIRECTION('',(0.939692620785899,-0.342020143325694,0.));
#5874=DIRECTION('',(0.,0.,1.));
#5875=DIRECTION('center_axis',(0.642787609686518,-0.766044443118996,0.));
#5876=DIRECTION('ref_axis',(0.766044443118996,0.642787609686518,0.));
#5877=DIRECTION('',(0.766044443118996,0.642787609686518,0.));
#5878=DIRECTION('',(0.,0.,1.));
#5879=DIRECTION('center_axis',(0.984807753012213,0.173648177666903,0.));
#5880=DIRECTION('ref_axis',(-0.173648177666903,0.984807753012213,0.));
#5881=DIRECTION('',(-0.173648177666903,0.984807753012213,0.));
#5882=DIRECTION('',(0.,0.,1.));
#5883=DIRECTION('center_axis',(0.342020143325695,0.939692620785899,0.));
#5884=DIRECTION('ref_axis',(-0.939692620785899,0.342020143325695,0.));
#5885=DIRECTION('',(-0.939692620785899,0.342020143325695,0.));
#5886=DIRECTION('',(0.,0.,1.));
#5887=DIRECTION('center_axis',(-0.642787609686517,0.766044443118997,0.));
#5888=DIRECTION('ref_axis',(-0.766044443118997,-0.642787609686517,0.));
#5889=DIRECTION('',(-0.766044443118997,-0.642787609686517,0.));
#5890=DIRECTION('',(0.,0.,1.));
#5891=DIRECTION('center_axis',(-0.984807753012213,-0.173648177666903,0.));
#5892=DIRECTION('ref_axis',(0.173648177666903,-0.984807753012213,0.));
#5893=DIRECTION('',(0.173648177666903,-0.984807753012213,0.));
#5894=DIRECTION('center_axis',(0.,0.,-1.));
#5895=DIRECTION('ref_axis',(-1.,0.,0.));
#5896=DIRECTION('center_axis',(0.,0.,-1.));
#5897=DIRECTION('ref_axis',(-1.,0.,0.));
#5898=DIRECTION('center_axis',(0.,0.,-1.));
#5899=DIRECTION('ref_axis',(-1.,0.,0.));
#5900=DIRECTION('center_axis',(0.,0.,-1.));
#5901=DIRECTION('ref_axis',(-1.,0.,0.));
#5902=DIRECTION('center_axis',(0.,0.,-1.));
#5903=DIRECTION('ref_axis',(-1.,0.,0.));
#5904=DIRECTION('',(0.,0.,1.));
#5905=DIRECTION('center_axis',(0.,0.,-1.));
#5906=DIRECTION('ref_axis',(-1.,0.,0.));
#5907=DIRECTION('center_axis',(0.,0.,-1.));
#5908=DIRECTION('ref_axis',(-1.,0.,0.));
#5909=DIRECTION('center_axis',(0.,0.,1.));
#5910=DIRECTION('ref_axis',(-1.,0.,0.));
#5911=DIRECTION('center_axis',(0.,0.,-1.));
#5912=DIRECTION('ref_axis',(-1.,0.,0.));
#5913=DIRECTION('',(0.,0.,1.));
#5914=DIRECTION('center_axis',(0.,0.,-1.));
#5915=DIRECTION('ref_axis',(-1.,0.,0.));
#5916=DIRECTION('center_axis',(0.,0.,-1.));
#5917=DIRECTION('ref_axis',(-1.,0.,0.));
#5918=DIRECTION('center_axis',(0.,0.,1.));
#5919=DIRECTION('ref_axis',(-1.,0.,0.));
#5920=DIRECTION('center_axis',(0.,0.,-1.));
#5921=DIRECTION('ref_axis',(-1.,0.,0.));
#5922=DIRECTION('',(0.,0.,1.));
#5923=DIRECTION('center_axis',(0.,0.,-1.));
#5924=DIRECTION('ref_axis',(-1.,0.,0.));
#5925=DIRECTION('center_axis',(0.,0.,-1.));
#5926=DIRECTION('ref_axis',(-1.,0.,0.));
#5927=DIRECTION('center_axis',(0.,0.,1.));
#5928=DIRECTION('ref_axis',(-1.,0.,0.));
#5929=DIRECTION('center_axis',(0.,0.,-1.));
#5930=DIRECTION('ref_axis',(-1.,0.,0.));
#5931=DIRECTION('',(0.,0.,1.));
#5932=DIRECTION('center_axis',(0.,0.,-1.));
#5933=DIRECTION('ref_axis',(-1.,0.,0.));
#5934=DIRECTION('center_axis',(0.,0.,-1.));
#5935=DIRECTION('ref_axis',(-1.,0.,0.));
#5936=DIRECTION('center_axis',(0.,0.,1.));
#5937=DIRECTION('ref_axis',(-1.,0.,0.));
#5938=DIRECTION('center_axis',(0.,0.,-1.));
#5939=DIRECTION('ref_axis',(-1.,0.,0.));
#5940=DIRECTION('',(0.,0.,1.));
#5941=DIRECTION('center_axis',(0.,0.,-1.));
#5942=DIRECTION('ref_axis',(-1.,0.,0.));
#5943=DIRECTION('center_axis',(0.,0.,-1.));
#5944=DIRECTION('ref_axis',(-1.,0.,0.));
#5945=DIRECTION('center_axis',(0.,0.,1.));
#5946=DIRECTION('ref_axis',(-1.,0.,0.));
#5947=DIRECTION('center_axis',(0.,0.,-1.));
#5948=DIRECTION('ref_axis',(-1.,0.,0.));
#5949=DIRECTION('',(0.,0.,1.));
#5950=DIRECTION('center_axis',(0.,0.,-1.));
#5951=DIRECTION('ref_axis',(-1.,0.,0.));
#5952=DIRECTION('center_axis',(0.,0.,-1.));
#5953=DIRECTION('ref_axis',(-1.,0.,0.));
#5954=DIRECTION('center_axis',(0.,0.,1.));
#5955=DIRECTION('ref_axis',(-1.,0.,0.));
#5956=DIRECTION('center_axis',(0.,0.,-1.));
#5957=DIRECTION('ref_axis',(-1.,0.,0.));
#5958=DIRECTION('',(0.,0.,1.));
#5959=DIRECTION('center_axis',(0.,0.,-1.));
#5960=DIRECTION('ref_axis',(-1.,0.,0.));
#5961=DIRECTION('center_axis',(0.,0.,-1.));
#5962=DIRECTION('ref_axis',(-1.,0.,0.));
#5963=DIRECTION('center_axis',(0.,0.,1.));
#5964=DIRECTION('ref_axis',(-1.,0.,0.));
#5965=DIRECTION('center_axis',(-1.,0.,0.));
#5966=DIRECTION('ref_axis',(0.,-1.,0.));
#5967=DIRECTION('center_axis',(1.,0.,0.));
#5968=DIRECTION('ref_axis',(0.,1.,0.));
#5969=DIRECTION('center_axis',(0.,1.,0.));
#5970=DIRECTION('ref_axis',(-1.,0.,0.));
#5971=DIRECTION('',(0.,0.,1.));
#5972=DIRECTION('center_axis',(0.,-1.,0.));
#5973=DIRECTION('ref_axis',(1.,0.,0.));
#5974=DIRECTION('',(0.,0.,1.));
#5975=DIRECTION('center_axis',(0.,0.,-1.));
#5976=DIRECTION('ref_axis',(-1.,0.,0.));
#5977=DIRECTION('',(0.,0.,-1.));
#5978=DIRECTION('center_axis',(0.,0.,-1.));
#5979=DIRECTION('ref_axis',(-1.,0.,0.));
#5980=DIRECTION('',(0.,0.,-1.));
#5981=DIRECTION('center_axis',(0.,0.,-1.));
#5982=DIRECTION('ref_axis',(-1.,0.,0.));
#5983=DIRECTION('',(0.,0.,-1.));
#5984=DIRECTION('center_axis',(1.,0.,0.));
#5985=DIRECTION('ref_axis',(0.,1.,0.));
#5986=DIRECTION('center_axis',(-1.,0.,0.));
#5987=DIRECTION('ref_axis',(0.,-1.,0.));
#5988=DIRECTION('center_axis',(-1.,1.97372982155583E-15,0.));
#5989=DIRECTION('ref_axis',(-1.97372982155583E-15,-1.,0.));
#5990=DIRECTION('',(0.,0.,1.));
#5991=DIRECTION('center_axis',(0.,0.,-1.));
#5992=DIRECTION('ref_axis',(-1.,0.,0.));
#5993=DIRECTION('',(0.,0.,-1.));
#5994=DIRECTION('center_axis',(0.,0.,-1.));
#5995=DIRECTION('ref_axis',(-1.,0.,0.));
#5996=DIRECTION('',(0.,0.,-1.));
#5997=DIRECTION('center_axis',(0.,0.,-1.));
#5998=DIRECTION('ref_axis',(-1.,0.,0.));
#5999=DIRECTION('',(0.,0.,-1.));
#6000=DIRECTION('center_axis',(0.,0.,-1.));
#6001=DIRECTION('ref_axis',(-1.,0.,0.));
#6002=DIRECTION('',(0.,0.,-1.));
#6003=DIRECTION('center_axis',(0.,1.,0.));
#6004=DIRECTION('ref_axis',(-1.,0.,0.));
#6005=DIRECTION('center_axis',(1.,0.,0.));
#6006=DIRECTION('ref_axis',(0.,1.,0.));
#6007=DIRECTION('center_axis',(-1.,-1.3900258794603E-15,0.));
#6008=DIRECTION('ref_axis',(1.3900258794603E-15,-1.,0.));
#6009=DIRECTION('',(0.,0.,1.));
#6010=DIRECTION('center_axis',(-2.27373675443232E-13,-1.,0.));
#6011=DIRECTION('ref_axis',(1.,-2.27373675443232E-13,0.));
#6012=DIRECTION('center_axis',(2.25597318603832E-13,1.,0.));
#6013=DIRECTION('ref_axis',(-1.,2.25597318603832E-13,0.));
#6014=DIRECTION('',(0.,0.,1.));
#6015=DIRECTION('center_axis',(-1.,-1.3900258794603E-15,0.));
#6016=DIRECTION('ref_axis',(1.3900258794603E-15,-1.,0.));
#6017=DIRECTION('center_axis',(-1.,-1.3900258794603E-15,0.));
#6018=DIRECTION('ref_axis',(1.3900258794603E-15,-1.,0.));
#6019=DIRECTION('center_axis',(0.,1.,0.));
#6020=DIRECTION('ref_axis',(-1.,0.,0.));
#6021=DIRECTION('center_axis',(1.,0.,0.));
#6022=DIRECTION('ref_axis',(0.,1.,0.));
#6023=DIRECTION('center_axis',(0.,0.,-1.));
#6024=DIRECTION('ref_axis',(-1.,0.,0.));
#6025=CARTESIAN_POINT('',(0.,0.,0.));
#6026=CARTESIAN_POINT('Origin',(-14.4327287409408,100.95,-0.25));
#6027=CARTESIAN_POINT('',(-14.1827287409408,100.95,-0.250000000000001));
#6028=CARTESIAN_POINT('',(-14.4327287409408,100.7,-0.250000000000001));
#6029=CARTESIAN_POINT('Origin',(-14.4327287409408,100.95,-0.250000000000001));
#6030=CARTESIAN_POINT('',(-14.4327287409408,100.7,2.25));
#6031=CARTESIAN_POINT('',(-14.4327287409408,100.7,-0.25));
#6032=CARTESIAN_POINT('',(-14.1827287409408,100.95,2.25));
#6033=CARTESIAN_POINT('Origin',(-14.4327287409408,100.95,2.25));
#6034=CARTESIAN_POINT('',(-14.1827287409408,100.95,-0.25));
#6035=CARTESIAN_POINT('Origin',(-29.1827287409408,100.7,-0.25));
#6036=CARTESIAN_POINT('',(-14.6827287409408,100.7,-0.250000000000001));
#6037=CARTESIAN_POINT('',(-47.1370465557056,100.7,-0.250000000000001));
#6038=CARTESIAN_POINT('',(-14.6827287409408,100.7,1.25));
#6039=CARTESIAN_POINT('',(-14.6827287409408,100.7,-0.25));
#6040=CARTESIAN_POINT('',(-18.1827287409408,100.7,1.25));
#6041=CARTESIAN_POINT('',(-22.8077287409408,100.7,1.25));
#6042=CARTESIAN_POINT('',(-18.1827287409408,100.7,-0.250000000000001));
#6043=CARTESIAN_POINT('',(-18.1827287409408,100.7,-0.250000000000001));
#6044=CARTESIAN_POINT('',(-25.1827287409408,100.7,-0.250000000000001));
#6045=CARTESIAN_POINT('',(-47.1370465557056,100.7,-0.250000000000001));
#6046=CARTESIAN_POINT('',(-25.1827287409408,100.7,2.25));
#6047=CARTESIAN_POINT('',(-25.1827287409408,100.7,-0.250000000000001));
#6048=CARTESIAN_POINT('',(-20.4327287409408,100.7,2.25));
#6049=CARTESIAN_POINT('Origin',(-26.9327287409408,107.55,-0.250000000000001));
#6050=CARTESIAN_POINT('',(-26.9327287409408,107.8,2.25));
#6051=CARTESIAN_POINT('',(-26.6827287409408,107.55,2.25));
#6052=CARTESIAN_POINT('Origin',(-26.9327287409408,107.55,2.25));
#6053=CARTESIAN_POINT('',(-26.6827287409408,107.55,-0.250000000000001));
#6054=CARTESIAN_POINT('',(-26.6827287409408,107.55,-0.250000000000001));
#6055=CARTESIAN_POINT('',(-26.9327287409408,107.8,-0.250000000000001));
#6056=CARTESIAN_POINT('Origin',(-26.9327287409408,107.55,-0.250000000000001));
#6057=CARTESIAN_POINT('',(-26.9327287409408,107.8,-0.250000000000001));
#6058=CARTESIAN_POINT('Origin',(-22.6827287409408,96.8,2.25));
#6059=CARTESIAN_POINT('',(-32.1827287409408,107.8,2.25));
#6060=CARTESIAN_POINT('',(-52.8413643704704,107.8,2.25));
#6061=CARTESIAN_POINT('',(-32.1827287409408,87.3,2.25));
#6062=CARTESIAN_POINT('',(-32.1827287409408,102.3,2.25));
#6063=CARTESIAN_POINT('',(-30.6827287409408,85.8,2.25));
#6064=CARTESIAN_POINT('Origin',(-30.6827287409408,87.3,2.25));
#6065=CARTESIAN_POINT('',(-14.6827287409408,85.8,2.25));
#6066=CARTESIAN_POINT('',(-27.4327287409408,85.8,2.25));
#6067=CARTESIAN_POINT('',(-13.1827287409408,87.3,2.25));
#6068=CARTESIAN_POINT('Origin',(-14.6827287409408,87.3,2.25));
#6069=CARTESIAN_POINT('',(-13.1827287409408,107.397366596101,2.25));
#6070=CARTESIAN_POINT('',(-13.1827287409408,91.3,2.25));
#6071=CARTESIAN_POINT('',(-14.4827287409408,107.8,2.25));
#6072=CARTESIAN_POINT('Origin',(-14.4827287409408,105.5,2.25));
#6073=CARTESIAN_POINT('',(-15.0165383619717,107.8,2.25));
#6074=CARTESIAN_POINT('',(-17.9327287409408,107.8,2.25));
#6075=CARTESIAN_POINT('',(-15.107898898573,107.4866359447,2.25));
#6076=CARTESIAN_POINT('Origin',(-15.0165383619717,107.63,2.25));
#6077=CARTESIAN_POINT('',(-14.1827287409408,105.8,2.25));
#6078=CARTESIAN_POINT('Origin',(-16.1827287409408,105.8,2.25));
#6079=CARTESIAN_POINT('',(-14.1827287409408,98.75,2.25));
#6080=CARTESIAN_POINT('',(-26.6827287409408,102.2,2.25));
#6081=CARTESIAN_POINT('Origin',(-25.1827287409408,102.2,2.25));
#6082=CARTESIAN_POINT('',(-26.6827287409408,108.,2.25));
#6083=CARTESIAN_POINT('Origin',(-83.,107.8,-0.250000000000001));
#6084=CARTESIAN_POINT('',(-80.7,107.8,-0.250000000000001));
#6085=CARTESIAN_POINT('',(-83.,107.8,-0.250000000000001));
#6086=CARTESIAN_POINT('',(-80.7,107.8,2.75));
#6087=CARTESIAN_POINT('',(-80.7,107.8,-0.250000000000001));
#6088=CARTESIAN_POINT('',(-32.1827287409408,107.8,2.75));
#6089=CARTESIAN_POINT('',(-83.,107.8,2.75));
#6090=CARTESIAN_POINT('',(-32.1827287409408,107.8,-0.25));
#6091=CARTESIAN_POINT('Origin',(-26.6827287409408,107.25,-0.250000000000001));
#6092=CARTESIAN_POINT('',(-26.6827287409408,102.2,-0.250000000000001));
#6093=CARTESIAN_POINT('',(-26.6827287409408,102.2,-0.250000000000001));
#6094=CARTESIAN_POINT('',(-26.6827287409408,103.25,-0.250000000000001));
#6095=CARTESIAN_POINT('Origin',(-15.0165383619717,107.63,-0.250000000000005));
#6096=CARTESIAN_POINT('',(-15.0165383619717,107.8,-0.25));
#6097=CARTESIAN_POINT('',(-15.0165383619717,107.8,-0.250000000000005));
#6098=CARTESIAN_POINT('',(-15.107898898573,107.4866359447,-0.250000000000001));
#6099=CARTESIAN_POINT('Origin',(-15.0165383619717,107.63,-0.250000000000001));
#6100=CARTESIAN_POINT('',(-15.107898898573,107.4866359447,-0.250000000000005));
#6101=CARTESIAN_POINT('Origin',(-16.1827287409408,105.8,-0.250000000000005));
#6102=CARTESIAN_POINT('',(-14.1827287409408,105.8,-0.25));
#6103=CARTESIAN_POINT('Origin',(-16.1827287409408,105.8,-0.250000000000001));
#6104=CARTESIAN_POINT('',(-14.1827287409408,105.8,-0.25));
#6105=CARTESIAN_POINT('Origin',(-76.0913643704703,60.645535646881,-0.250000000000001));
#6106=CARTESIAN_POINT('Origin',(-25.1827287409408,102.2,-0.250000000000001));
#6107=CARTESIAN_POINT('',(-16.6827287409408,102.2,-0.250000000000001));
#6108=CARTESIAN_POINT('Origin',(-18.1827287409408,102.2,-0.250000000000001));
#6109=CARTESIAN_POINT('',(-16.6827287409408,106.75,-0.250000000000001));
#6110=CARTESIAN_POINT('',(-16.6827287409408,108.,-0.250000000000001));
#6111=CARTESIAN_POINT('',(-16.1827287409408,107.25,-0.250000000000001));
#6112=CARTESIAN_POINT('Origin',(-16.1827287409408,106.75,-0.250000000000001));
#6113=CARTESIAN_POINT('',(-14.6827287409408,105.75,-0.250000000000001));
#6114=CARTESIAN_POINT('Origin',(-16.1827287409408,105.75,-0.250000000000001));
#6115=CARTESIAN_POINT('',(-14.6827287409408,108.,-0.25));
#6116=CARTESIAN_POINT('',(-14.1827287409408,80.6727678234405,-0.250000000000001));
#6117=CARTESIAN_POINT('',(-14.4827287409408,107.8,-0.25));
#6118=CARTESIAN_POINT('',(-13.1827287409408,107.8,-0.25));
#6119=CARTESIAN_POINT('',(-12.1827287409408,105.5,-0.250000000000001));
#6120=CARTESIAN_POINT('Origin',(-14.4827287409408,105.5,-0.250000000000001));
#6121=CARTESIAN_POINT('',(-12.1827287409408,77.75,-0.25));
#6122=CARTESIAN_POINT('',(-12.1827287409407,31.1241539320137,-0.250000000000001));
#6123=CARTESIAN_POINT('',(-11.1827287409408,76.3357864376269,-0.250000000000001));
#6124=CARTESIAN_POINT('Origin',(-12.6827287409408,76.3357864376269,-0.250000000000001));
#6125=CARTESIAN_POINT('',(-11.1827287409408,69.5642135623731,-0.250000000000001));
#6126=CARTESIAN_POINT('',(-11.1827287409408,77.75,-0.250000000000001));
#6127=CARTESIAN_POINT('',(-12.1827287409408,68.15,-0.25));
#6128=CARTESIAN_POINT('Origin',(-12.6827287409408,69.5642135623731,-0.250000000000001));
#6129=CARTESIAN_POINT('',(-12.1827287409407,62.9,-0.25));
#6130=CARTESIAN_POINT('',(-12.1827287409408,78.95,-0.25));
#6131=CARTESIAN_POINT('',(-11.1827287409407,61.4857864376269,-0.250000000000001));
#6132=CARTESIAN_POINT('Origin',(-12.6827287409407,61.4857864376269,-0.250000000000001));
#6133=CARTESIAN_POINT('',(-11.1827287409407,48.7142135623731,-0.250000000000001));
#6134=CARTESIAN_POINT('',(-11.1827287409407,47.3,-0.250000000000001));
#6135=CARTESIAN_POINT('',(-12.1827287409407,47.3,-0.25));
#6136=CARTESIAN_POINT('Origin',(-12.6827287409407,48.7142135623731,-0.250000000000001));
#6137=CARTESIAN_POINT('',(-12.1827287409407,31.5297059876431,-0.25));
#6138=CARTESIAN_POINT('',(-12.1827287409407,46.1,-0.25));
#6139=CARTESIAN_POINT('',(-12.3214357131331,30.7430596579941,-0.250000000000001));
#6140=CARTESIAN_POINT('Origin',(-14.4827287409407,31.5297059876431,-0.250000000000001));
#6141=CARTESIAN_POINT('',(-17.8139996299712,15.6523643215696,-0.250000000000001));
#6142=CARTESIAN_POINT('',(-18.6006459596202,13.491071293762,-0.250000000000001));
#6143=CARTESIAN_POINT('',(-20.7619389874279,14.2777176234111,-0.250000000000001));
#6144=CARTESIAN_POINT('Origin',(-19.9752926577788,16.4390106512186,-0.250000000000001));
#6145=CARTESIAN_POINT('',(-35.2126879145885,19.5373600957521,-0.250000000000001));
#6146=CARTESIAN_POINT('',(-35.3113428564098,19.5732675580383,-0.250000000000001));
#6147=CARTESIAN_POINT('',(-35.414734273379,19.5914982544237,-0.250000000000001));
#6148=CARTESIAN_POINT('Origin',(-35.6231120865793,18.409728950809,-0.250000000000001));
#6149=CARTESIAN_POINT('',(-50.2339668173636,22.2045287853211,-0.250000000000001));
#6150=CARTESIAN_POINT('',(-52.4990246492916,22.603919593955,-0.250000000000001));
#6151=CARTESIAN_POINT('',(-52.0996338406577,24.8689774258831,-0.250000000000001));
#6152=CARTESIAN_POINT('Origin',(-49.8345760087297,24.4695866172492,-0.250000000000001));
#6153=CARTESIAN_POINT('',(-49.5044803760498,39.5868240888335,-0.250000000000001));
#6154=CARTESIAN_POINT('',(-49.1732596158444,41.4652703644666,-0.250000000000001));
#6155=CARTESIAN_POINT('',(-49.0120764995437,40.,-0.250000000000001));
#6156=CARTESIAN_POINT('Origin',(-49.0120764995437,39.5,-0.250000000000001));
#6157=CARTESIAN_POINT('',(-26.1827287409407,40.,-0.250000000000001));
#6158=CARTESIAN_POINT('',(-50.3870465557055,40.,-0.250000000000001));
#6159=CARTESIAN_POINT('',(-24.6827287409407,41.5,-0.250000000000001));
#6160=CARTESIAN_POINT('Origin',(-26.1827287409407,41.5,-0.250000000000001));
#6161=CARTESIAN_POINT('',(-24.6827287409407,51.5,-0.250000000000001));
#6162=CARTESIAN_POINT('',(-24.6827287409407,50.5727678234405,-0.250000000000001));
#6163=CARTESIAN_POINT('',(-26.1827287409407,53.,-0.250000000000001));
#6164=CARTESIAN_POINT('Origin',(-26.1827287409407,51.5,-0.250000000000001));
#6165=CARTESIAN_POINT('',(-67.6827287409407,53.,-0.250000000000001));
#6166=CARTESIAN_POINT('',(-72.6370465557055,53.,-0.250000000000001));
#6167=CARTESIAN_POINT('',(-69.1827287409407,51.5,-0.250000000000001));
#6168=CARTESIAN_POINT('Origin',(-67.6827287409407,51.5,-0.250000000000001));
#6169=CARTESIAN_POINT('',(-69.1827287409407,50.,-0.250000000000001));
#6170=CARTESIAN_POINT('',(-69.1827287409407,56.5727678234405,-0.250000000000001));
#6171=CARTESIAN_POINT('',(-69.6827287409407,49.5,-0.25));
#6172=CARTESIAN_POINT('Origin',(-69.6827287409407,50.,-0.250000000000001));
#6173=CARTESIAN_POINT('',(-70.1827287409407,49.,-0.25));
#6174=CARTESIAN_POINT('Origin',(-69.6827287409407,49.,-0.250000000000001));
#6175=CARTESIAN_POINT('',(-70.1827287409407,44.,-0.25));
#6176=CARTESIAN_POINT('',(-70.1827287409407,43.5,-0.25));
#6177=CARTESIAN_POINT('',(-69.6827287409407,43.5,-0.25));
#6178=CARTESIAN_POINT('Origin',(-69.6827287409407,44.,-0.250000000000001));
#6179=CARTESIAN_POINT('',(-69.1827287409407,43.,-0.25));
#6180=CARTESIAN_POINT('Origin',(-69.6827287409407,43.,-0.250000000000001));
#6181=CARTESIAN_POINT('',(-69.1827287409407,40.95,-0.25));
#6182=CARTESIAN_POINT('',(-69.1827287409407,40.,-0.25));
#6183=CARTESIAN_POINT('',(-69.4327287409407,40.7,-0.250000000000001));
#6184=CARTESIAN_POINT('Origin',(-69.4327287409407,40.95,-0.250000000000001));
#6185=CARTESIAN_POINT('',(-82.8999977111816,40.7,-0.250000000000001));
#6186=CARTESIAN_POINT('',(-48.2787373517362,40.7,-0.250000000000001));
#6187=CARTESIAN_POINT('',(-82.8999977111816,36.1033779785419,-0.250000000000001));
#6188=CARTESIAN_POINT('',(-82.8999977111817,22.7,-0.250000000000001));
#6189=CARTESIAN_POINT('',(-83.3199978637695,35.6098194466391,-0.25));
#6190=CARTESIAN_POINT('Origin',(-83.3999977111816,36.1033779785419,-0.250000000000001));
#6191=CARTESIAN_POINT('',(-89.2,28.7,-0.25));
#6192=CARTESIAN_POINT('Origin',(-82.2,28.7,-0.25));
#6193=CARTESIAN_POINT('',(-89.2,17.9,-0.25));
#6194=CARTESIAN_POINT('',(-89.2,32.7954599925015,-0.25));
#6195=CARTESIAN_POINT('',(-89.7,17.4,-0.250000000000001));
#6196=CARTESIAN_POINT('Origin',(-89.7,17.9,-0.250000000000001));
#6197=CARTESIAN_POINT('',(-99.5,17.4,-0.250000000000001));
#6198=CARTESIAN_POINT('',(-82.8999977111816,17.4,-0.250000000000001));
#6199=CARTESIAN_POINT('',(-101.,18.9,-0.250000000000001));
#6200=CARTESIAN_POINT('Origin',(-99.5,18.9,-0.250000000000001));
#6201=CARTESIAN_POINT('',(-101.,20.,-0.250000000000001));
#6202=CARTESIAN_POINT('',(-101.,17.4,-0.250000000000001));
#6203=CARTESIAN_POINT('',(-101.5,20.5,-0.250000000000001));
#6204=CARTESIAN_POINT('Origin',(-101.5,20.,-0.250000000000001));
#6205=CARTESIAN_POINT('',(-102.,21.,-0.250000000000001));
#6206=CARTESIAN_POINT('Origin',(-101.5,21.,-0.250000000000001));
#6207=CARTESIAN_POINT('',(-102.,21.7,-0.250000000000001));
#6208=CARTESIAN_POINT('',(-102.,22.7,-0.250000000000001));
#6209=CARTESIAN_POINT('',(-103.,22.7,-0.250000000000001));
#6210=CARTESIAN_POINT('Origin',(-103.,21.7,-0.250000000000001));
#6211=CARTESIAN_POINT('',(-118.7,22.7,-0.250000000000001));
#6212=CARTESIAN_POINT('',(-102.2,22.7,-0.250000000000001));
#6213=CARTESIAN_POINT('',(-121.,25.,-0.250000000000001));
#6214=CARTESIAN_POINT('Origin',(-118.7,25.,-0.250000000000001));
#6215=CARTESIAN_POINT('',(-121.,40.5,-0.250000000000001));
#6216=CARTESIAN_POINT('',(-121.,41.7,-0.250000000000001));
#6217=CARTESIAN_POINT('',(-122.2,41.7,-0.250000000000001));
#6218=CARTESIAN_POINT('Origin',(-122.2,40.5,-0.250000000000001));
#6219=CARTESIAN_POINT('',(-137.7,41.7,-0.250000000000001));
#6220=CARTESIAN_POINT('',(-140.,41.7,-0.250000000000001));
#6221=CARTESIAN_POINT('',(-140.,44.,-0.250000000000001));
#6222=CARTESIAN_POINT('Origin',(-137.7,44.,-0.250000000000001));
#6223=CARTESIAN_POINT('',(-140.,96.,-0.250000000000001));
#6224=CARTESIAN_POINT('',(-140.,98.3,-0.250000000000001));
#6225=CARTESIAN_POINT('',(-137.7,98.3,-0.250000000000001));
#6226=CARTESIAN_POINT('Origin',(-137.7,96.,-0.250000000000001));
#6227=CARTESIAN_POINT('',(-103.2,98.3,-0.250000000000001));
#6228=CARTESIAN_POINT('',(-102.,98.3,-0.250000000000001));
#6229=CARTESIAN_POINT('',(-102.,99.5,-0.250000000000001));
#6230=CARTESIAN_POINT('Origin',(-103.2,99.5,-0.250000000000001));
#6231=CARTESIAN_POINT('',(-102.,100.75,-0.250000000000001));
#6232=CARTESIAN_POINT('',(-102.,103.05,-0.250000000000001));
#6233=CARTESIAN_POINT('',(-99.7,103.05,-0.250000000000001));
#6234=CARTESIAN_POINT('Origin',(-99.7,100.75,-0.250000000000001));
#6235=CARTESIAN_POINT('',(-84.2,103.05,-0.250000000000001));
#6236=CARTESIAN_POINT('',(-83.,103.05,-0.250000000000001));
#6237=CARTESIAN_POINT('',(-83.,104.25,-0.250000000000001));
#6238=CARTESIAN_POINT('Origin',(-84.2,104.25,-0.250000000000001));
#6239=CARTESIAN_POINT('',(-83.,105.5,-0.250000000000001));
#6240=CARTESIAN_POINT('',(-83.,107.8,-0.250000000000001));
#6241=CARTESIAN_POINT('Origin',(-80.7,105.5,-0.250000000000001));
#6242=CARTESIAN_POINT('',(-32.7381854206849,24.835903544748,-0.250000000000001));
#6243=CARTESIAN_POINT('Origin',(-34.7381854206849,24.835903544748,-0.250000000000001));
#6244=CARTESIAN_POINT('',(-108.1,41.5,-0.250000000000001));
#6245=CARTESIAN_POINT('Origin',(-110.1,41.5,-0.250000000000001));
#6246=CARTESIAN_POINT('',(-43.2,105.,-0.250000000000001));
#6247=CARTESIAN_POINT('Origin',(-45.2,105.,-0.250000000000001));
#6248=CARTESIAN_POINT('',(-119.2,95.5,-0.250000000000001));
#6249=CARTESIAN_POINT('Origin',(-121.2,95.5,-0.250000000000001));
#6250=CARTESIAN_POINT('',(-97.1,36.6,-0.25));
#6251=CARTESIAN_POINT('Origin',(-99.1,36.6,-0.250000000000001));
#6252=CARTESIAN_POINT('',(-84.6,36.6,-0.25));
#6253=CARTESIAN_POINT('Origin',(-86.6,36.6,-0.250000000000001));
#6254=CARTESIAN_POINT('',(-97.1,23.6,-0.25));
#6255=CARTESIAN_POINT('Origin',(-99.1,23.6,-0.250000000000001));
#6256=CARTESIAN_POINT('',(-25.5332434253722,32.6157352561127,-0.25));
#6257=CARTESIAN_POINT('',(-17.7807793038885,29.7940690736757,-0.25));
#6258=CARTESIAN_POINT('',(-52.3595176610722,42.3797005741707,-0.250000000000001));
#6259=CARTESIAN_POINT('',(-31.8531100811039,27.3127374761989,-0.25));
#6260=CARTESIAN_POINT('',(-36.6265471965552,23.3073481531761,-0.250000000000001));
#6261=CARTESIAN_POINT('',(-30.4205126153519,19.1880735138482,-0.25));
#6262=CARTESIAN_POINT('',(-34.6539067444724,43.1968446736093,-0.250000000000001));
#6263=CARTESIAN_POINT('',(-22.6680484938683,16.3664073314112,-0.25));
#6264=CARTESIAN_POINT('',(-53.3705547903101,27.5412057406877,-0.250000000000001));
#6265=CARTESIAN_POINT('',(-16.3481818381366,21.669405111325,-0.25));
#6266=CARTESIAN_POINT('',(-24.2815522814537,15.0125168983452,-0.250000000000001));
#6267=CARTESIAN_POINT('',(-21.297874700133,49.7405082522614,-0.250000000000001));
#6268=CARTESIAN_POINT('',(-135.125,97.4447095812216,-0.25));
#6269=CARTESIAN_POINT('',(-126.875,97.4447095812216,-0.25));
#6270=CARTESIAN_POINT('',(-105.608182185235,97.4447095812218,-0.250000000000001));
#6271=CARTESIAN_POINT('',(-139.25,90.3,-0.25));
#6272=CARTESIAN_POINT('',(-137.775550412664,92.8538215984646,-0.250000000000001));
#6273=CARTESIAN_POINT('',(-135.125,83.1552904187784,-0.25));
#6274=CARTESIAN_POINT('',(-122.872290679953,61.9329753460851,-0.250000000000001));
#6275=CARTESIAN_POINT('',(-126.875,83.1552904187784,-0.25));
#6276=CARTESIAN_POINT('',(-101.483182185235,83.1552904187785,-0.250000000000001));
#6277=CARTESIAN_POINT('',(-122.75,90.3,-0.25));
#6278=CARTESIAN_POINT('',(-123.338050412664,89.2814668078539,-0.250000000000001));
#6279=CARTESIAN_POINT('',(-112.559790679953,72.6500397179176,-0.250000000000001));
#6280=CARTESIAN_POINT('',(-25.3077287412657,99.9447095812707,-0.25));
#6281=CARTESIAN_POINT('',(-17.0577287410607,99.9447095815275,-0.25));
#6282=CARTESIAN_POINT('',(-50.6995465564796,99.9447095804803,-0.250000000000001));
#6283=CARTESIAN_POINT('',(-29.4327287411457,92.7999999997432,-0.25));
#6284=CARTESIAN_POINT('',(-42.2267039375972,70.6401849271204,-0.250000000000001));
#6285=CARTESIAN_POINT('',(-25.3077287408209,85.6552904184725,-0.25));
#6286=CARTESIAN_POINT('',(-26.2409124513626,87.2716120178102,-0.250000000000001));
#6287=CARTESIAN_POINT('',(-17.0577287406159,85.6552904187293,-0.25));
#6288=CARTESIAN_POINT('',(-46.5745465559324,85.6552904178105,-0.250000000000001));
#6289=CARTESIAN_POINT('',(-12.9327287407359,92.8000000002568,-0.25));
#6290=CARTESIAN_POINT('',(-27.7892039371274,67.0678301368702,-0.250000000000001));
#6291=CARTESIAN_POINT('',(-15.92841245144,97.9886763902298,-0.250000000000001));
#6292=CARTESIAN_POINT('',(-116.125,37.8447095812216,-0.25));
#6293=CARTESIAN_POINT('',(-107.875,37.8447095812216,-0.25));
#6294=CARTESIAN_POINT('',(-96.1081821852352,37.8447095812217,-0.250000000000001));
#6295=CARTESIAN_POINT('',(-120.25,30.7,-0.25));
#6296=CARTESIAN_POINT('',(-108.246771896276,51.4902009304887,-0.250000000000001));
#6297=CARTESIAN_POINT('',(-116.125,23.5552904187784,-0.25));
#6298=CARTESIAN_POINT('',(-119.151069196342,28.7965960140612,-0.250000000000001));
#6299=CARTESIAN_POINT('',(-107.875,23.5552904187784,-0.25));
#6300=CARTESIAN_POINT('',(-91.9831821852352,23.5552904187784,-0.250000000000001));
#6301=CARTESIAN_POINT('',(-103.75,30.7,-0.25));
#6302=CARTESIAN_POINT('',(-93.809271896276,47.9178461398779,-0.250000000000001));
#6303=CARTESIAN_POINT('',(-108.838569196342,39.5136603858937,-0.250000000000001));
#6304=CARTESIAN_POINT('Ctrl Pts',(-14.9327287409408,103.75,3.25));
#6305=CARTESIAN_POINT('Ctrl Pts',(-14.9327287409408,103.5,3.25));
#6306=CARTESIAN_POINT('Ctrl Pts',(-15.1827287409408,103.5,3.25));
#6307=CARTESIAN_POINT('Ctrl Pts',(-14.6827287409408,103.75,3.25000000000001));
#6308=CARTESIAN_POINT('Ctrl Pts',(-14.6827287409408,103.25,3.25000000000001));
#6309=CARTESIAN_POINT('Ctrl Pts',(-15.1827287409408,103.25,3.25000000000001));
#6310=CARTESIAN_POINT('Ctrl Pts',(-14.6827287409408,103.75,3.));
#6311=CARTESIAN_POINT('Ctrl Pts',(-14.6827287409408,103.25,3.));
#6312=CARTESIAN_POINT('Ctrl Pts',(-15.1827287409408,103.25,3.));
#6313=CARTESIAN_POINT('',(-14.6827287409408,103.75,3.));
#6314=CARTESIAN_POINT('',(-14.9327287409408,103.75,3.25));
#6315=CARTESIAN_POINT('Origin',(-14.9327287409408,103.75,3.));
#6316=CARTESIAN_POINT('',(-15.1827287409408,103.5,3.25));
#6317=CARTESIAN_POINT('Origin',(-15.1827287409408,103.75,3.25));
#6318=CARTESIAN_POINT('',(-15.1827287409408,103.25,3.));
#6319=CARTESIAN_POINT('Origin',(-15.1827287409408,103.5,3.));
#6320=CARTESIAN_POINT('Origin',(-15.1827287409408,103.75,3.));
#6321=CARTESIAN_POINT('Origin',(-16.1827287409408,103.5,3.));
#6322=CARTESIAN_POINT('',(-16.1827287409408,103.5,3.25));
#6323=CARTESIAN_POINT('',(-16.1827287409408,103.25,3.));
#6324=CARTESIAN_POINT('Origin',(-16.1827287409408,103.5,3.));
#6325=CARTESIAN_POINT('',(-16.1827287409408,103.25,3.));
#6326=CARTESIAN_POINT('',(-16.1827287409408,103.5,3.25));
#6327=CARTESIAN_POINT('Ctrl Pts',(-16.1827287409408,103.5,3.25));
#6328=CARTESIAN_POINT('Ctrl Pts',(-16.4327287409408,103.5,3.25));
#6329=CARTESIAN_POINT('Ctrl Pts',(-16.4327287409408,103.75,3.25));
#6330=CARTESIAN_POINT('Ctrl Pts',(-16.1827287409408,103.25,3.25000000000001));
#6331=CARTESIAN_POINT('Ctrl Pts',(-16.6827287409408,103.25,3.25000000000001));
#6332=CARTESIAN_POINT('Ctrl Pts',(-16.6827287409408,103.75,3.25000000000001));
#6333=CARTESIAN_POINT('Ctrl Pts',(-16.1827287409408,103.25,3.));
#6334=CARTESIAN_POINT('Ctrl Pts',(-16.6827287409408,103.25,3.));
#6335=CARTESIAN_POINT('Ctrl Pts',(-16.6827287409408,103.75,3.));
#6336=CARTESIAN_POINT('',(-16.4327287409408,103.75,3.25));
#6337=CARTESIAN_POINT('',(-16.6827287409408,103.75,3.));
#6338=CARTESIAN_POINT('Origin',(-16.4327287409408,103.75,3.));
#6339=CARTESIAN_POINT('Origin',(-16.1827287409408,103.75,3.));
#6340=CARTESIAN_POINT('Origin',(-16.1827287409408,103.75,3.25));
#6341=CARTESIAN_POINT('Origin',(-16.4327287409408,104.25,3.));
#6342=CARTESIAN_POINT('',(-16.4327287409408,106.75,3.25));
#6343=CARTESIAN_POINT('',(-16.6827287409408,106.75,3.));
#6344=CARTESIAN_POINT('Origin',(-16.4327287409408,106.75,3.));
#6345=CARTESIAN_POINT('',(-16.6827287409408,104.25,3.));
#6346=CARTESIAN_POINT('',(-16.4327287409408,104.25,3.25));
#6347=CARTESIAN_POINT('Ctrl Pts',(-16.4327287409408,106.75,3.25));
#6348=CARTESIAN_POINT('Ctrl Pts',(-16.4327287409408,107.,3.25));
#6349=CARTESIAN_POINT('Ctrl Pts',(-16.1827287409408,107.,3.25));
#6350=CARTESIAN_POINT('Ctrl Pts',(-16.6827287409408,106.75,3.25000000000001));
#6351=CARTESIAN_POINT('Ctrl Pts',(-16.6827287409408,107.25,3.25000000000001));
#6352=CARTESIAN_POINT('Ctrl Pts',(-16.1827287409408,107.25,3.25000000000001));
#6353=CARTESIAN_POINT('Ctrl Pts',(-16.6827287409408,106.75,3.));
#6354=CARTESIAN_POINT('Ctrl Pts',(-16.6827287409408,107.25,3.));
#6355=CARTESIAN_POINT('Ctrl Pts',(-16.1827287409408,107.25,3.));
#6356=CARTESIAN_POINT('',(-16.1827287409408,107.,3.25));
#6357=CARTESIAN_POINT('',(-16.1827287409408,107.25,3.));
#6358=CARTESIAN_POINT('Origin',(-16.1827287409408,107.,3.));
#6359=CARTESIAN_POINT('Origin',(-16.1827287409408,106.75,3.));
#6360=CARTESIAN_POINT('Origin',(-16.1827287409408,106.75,3.25));
#6361=CARTESIAN_POINT('Origin',(-16.1827287409408,105.75,3.));
#6362=CARTESIAN_POINT('',(-14.9327287409408,105.75,3.25));
#6363=CARTESIAN_POINT('',(-14.6827287409408,105.75,3.));
#6364=CARTESIAN_POINT('Origin',(-14.9327287409408,105.75,3.));
#6365=CARTESIAN_POINT('Origin',(-16.1827287409408,105.75,3.));
#6366=CARTESIAN_POINT('Origin',(-16.1827287409408,105.75,3.25));
#6367=CARTESIAN_POINT('Origin',(-14.9327287409408,102.975,3.));
#6368=CARTESIAN_POINT('',(-14.9327287409408,102.975,3.25));
#6369=CARTESIAN_POINT('',(-14.6827287409408,102.975,3.));
#6370=CARTESIAN_POINT('Origin',(-16.1827287409408,106.75,-0.250000000000001));
#6371=CARTESIAN_POINT('',(-16.1827287409408,107.25,-0.250000000000001));
#6372=CARTESIAN_POINT('',(-16.6827287409408,106.75,-0.250000000000001));
#6373=CARTESIAN_POINT('Origin',(-16.1827287409408,105.75,-0.250000000000001));
#6374=CARTESIAN_POINT('',(-14.6827287409408,105.75,-0.250000000000001));
#6375=CARTESIAN_POINT('Origin',(-14.6827287409408,100.7,-0.250000000000001));
#6376=CARTESIAN_POINT('',(-14.6827287409408,103.75,0.75));
#6377=CARTESIAN_POINT('',(-14.6827287409408,103.75,-0.250000000000001));
#6378=CARTESIAN_POINT('',(-14.6827287409408,101.2,0.75));
#6379=CARTESIAN_POINT('',(-14.6827287409408,108.,0.75));
#6380=CARTESIAN_POINT('Origin',(-14.6827287409408,101.2,1.25));
#6381=CARTESIAN_POINT('Origin',(-15.1827287409408,103.75,-0.250000000000001));
#6382=CARTESIAN_POINT('',(-15.1827287409408,103.25,0.75));
#6383=CARTESIAN_POINT('',(-15.1827287409408,103.25,-0.250000000000001));
#6384=CARTESIAN_POINT('Origin',(-15.1827287409408,103.75,0.75));
#6385=CARTESIAN_POINT('Origin',(-15.6827287409408,105.25,3.25));
#6386=CARTESIAN_POINT('Origin',(-22.8077287409408,101.2,1.25));
#6387=CARTESIAN_POINT('',(-17.0646947521909,101.2,0.75));
#6388=CARTESIAN_POINT('',(-22.8077287409408,101.2,0.75));
#6389=CARTESIAN_POINT('Ctrl Pts',(-17.0646947521909,101.2,0.75));
#6390=CARTESIAN_POINT('Ctrl Pts',(-17.1394060939321,101.116470180588,0.749999999999996));
#6391=CARTESIAN_POINT('Ctrl Pts',(-17.2213333753918,101.043557218312,0.769983805829064));
#6392=CARTESIAN_POINT('Ctrl Pts',(-17.3967370882839,100.917869713559,0.831320659570003));
#6393=CARTESIAN_POINT('Ctrl Pts',(-17.4901693369223,100.865266400549,0.873149876809674));
#6394=CARTESIAN_POINT('Ctrl Pts',(-17.7808996779963,100.739477210077,1.01723046602299));
#6395=CARTESIAN_POINT('Ctrl Pts',(-17.9886229812447,100.7,1.13793298738819));
#6396=CARTESIAN_POINT('Ctrl Pts',(-18.1827287409408,100.7,1.25));
#6397=CARTESIAN_POINT('Origin',(-16.4327287409408,101.975,0.75));
#6398=CARTESIAN_POINT('',(-16.1827287409408,103.25,0.75));
#6399=CARTESIAN_POINT('',(-14.6827287409408,103.25,0.75));
#6400=CARTESIAN_POINT('',(-16.6827287409408,103.75,0.75));
#6401=CARTESIAN_POINT('Origin',(-16.1827287409408,103.75,0.75));
#6402=CARTESIAN_POINT('',(-16.6827287409408,102.2,0.75));
#6403=CARTESIAN_POINT('',(-16.6827287409408,108.,0.75));
#6404=CARTESIAN_POINT('Origin',(-18.1827287409408,102.2,0.75));
#6405=CARTESIAN_POINT('Origin',(-16.1827287409408,103.75,-0.250000000000001));
#6406=CARTESIAN_POINT('',(-16.6827287409408,103.75,-0.250000000000001));
#6407=CARTESIAN_POINT('',(-16.1827287409408,103.25,-0.250000000000001));
#6408=CARTESIAN_POINT('Origin',(-16.6827287409408,103.25,-0.250000000000001));
#6409=CARTESIAN_POINT('Origin',(-16.6827287409408,103.25,-0.250000000000001));
#6410=CARTESIAN_POINT('',(-16.6827287409408,102.2,-0.250000000000001));
#6411=CARTESIAN_POINT('Origin',(-18.1827287409408,102.2,-0.250000000000001));
#6412=CARTESIAN_POINT('Origin',(-14.1827287409408,100.7,-0.25));
#6413=CARTESIAN_POINT('Origin',(-25.1827287409408,102.2,-0.250000000000001));
#6414=CARTESIAN_POINT('Origin',(-89.7,42.7,-0.25));
#6415=CARTESIAN_POINT('',(-90.7,42.7,2.75));
#6416=CARTESIAN_POINT('',(-89.7,41.7,2.75));
#6417=CARTESIAN_POINT('Origin',(-89.7,42.7,2.75));
#6418=CARTESIAN_POINT('',(-90.7,42.7,1.25));
#6419=CARTESIAN_POINT('',(-90.7,42.7,-0.25));
#6420=CARTESIAN_POINT('',(-89.7,41.7,1.25));
#6421=CARTESIAN_POINT('Origin',(-89.7,42.7,1.25));
#6422=CARTESIAN_POINT('',(-89.7,41.7,-0.25));
#6423=CARTESIAN_POINT('Origin',(-80.8999977111816,41.7,-0.250000000000001));
#6424=CARTESIAN_POINT('',(-81.3999977111816,41.7,1.25));
#6425=CARTESIAN_POINT('',(-86.2749977111816,41.7,1.25));
#6426=CARTESIAN_POINT('',(-81.3999977111816,41.7,2.75));
#6427=CARTESIAN_POINT('',(-81.3999977111816,41.7,-0.250000000000001));
#6428=CARTESIAN_POINT('',(-102.399997711182,41.7,2.75));
#6429=CARTESIAN_POINT('Origin',(-76.0913643704703,60.645535646881,2.75));
#6430=CARTESIAN_POINT('',(-80.8999977111816,41.2,2.75));
#6431=CARTESIAN_POINT('Origin',(-81.3999977111816,41.2,2.75));
#6432=CARTESIAN_POINT('',(-80.3999977111816,40.7,2.75));
#6433=CARTESIAN_POINT('Origin',(-80.3999977111816,41.2,2.75));
#6434=CARTESIAN_POINT('',(-72.9327287409407,40.7,2.75));
#6435=CARTESIAN_POINT('',(-48.2787373517362,40.7,2.75));
#6436=CARTESIAN_POINT('',(-72.4327287409407,41.2,2.75));
#6437=CARTESIAN_POINT('Origin',(-72.9327287409407,41.2,2.75));
#6438=CARTESIAN_POINT('',(-72.4327287409407,51.,2.75));
#6439=CARTESIAN_POINT('',(-72.4327287409407,40.5,2.75));
#6440=CARTESIAN_POINT('',(-70.9327287409407,52.5,2.75));
#6441=CARTESIAN_POINT('Origin',(-70.9327287409407,51.,2.75));
#6442=CARTESIAN_POINT('',(-19.1827287409407,52.5,2.75));
#6443=CARTESIAN_POINT('',(-72.4327287409407,52.5,2.75));
#6444=CARTESIAN_POINT('',(-17.6827287409407,51.,2.75));
#6445=CARTESIAN_POINT('Origin',(-19.1827287409407,51.,2.75));
#6446=CARTESIAN_POINT('',(-17.6827287409407,42.,2.75));
#6447=CARTESIAN_POINT('',(-17.6827287409407,52.5,2.75));
#6448=CARTESIAN_POINT('',(-19.1827287409407,40.5,2.75));
#6449=CARTESIAN_POINT('Origin',(-19.1827287409407,42.,2.75));
#6450=CARTESIAN_POINT('',(-29.3523705139326,40.5,2.75));
#6451=CARTESIAN_POINT('',(-17.6827287409407,40.5,2.75));
#6452=CARTESIAN_POINT('',(-33.7123118654442,40.5,2.75));
#6453=CARTESIAN_POINT('Origin',(-31.5323411896884,37.1462367625539,2.75));
#6454=CARTESIAN_POINT('',(-48.9239130091895,40.5,2.75));
#6455=CARTESIAN_POINT('',(-17.6827287409407,40.5,2.75));
#6456=CARTESIAN_POINT('',(-49.4163168856956,40.0868240888335,2.75));
#6457=CARTESIAN_POINT('Origin',(-48.9239130091895,40.,2.75));
#6458=CARTESIAN_POINT('',(-52.0996338406577,24.8689774258831,2.75));
#6459=CARTESIAN_POINT('',(-49.1732596158444,41.4652703644666,2.75));
#6460=CARTESIAN_POINT('',(-50.2339668173636,22.2045287853211,2.75));
#6461=CARTESIAN_POINT('Origin',(-49.8345760087297,24.4695866172492,2.75));
#6462=CARTESIAN_POINT('',(-35.414734273379,19.5914982544237,2.75));
#6463=CARTESIAN_POINT('',(-52.4990246492916,22.603919593955,2.75));
#6464=CARTESIAN_POINT('',(-35.2126879145885,19.5373600957521,2.75));
#6465=CARTESIAN_POINT('Origin',(-35.6231120865793,18.409728950809,2.75));
#6466=CARTESIAN_POINT('',(-20.7619389874279,14.2777176234111,2.75));
#6467=CARTESIAN_POINT('',(-35.3113428564098,19.5732675580383,2.75));
#6468=CARTESIAN_POINT('',(-17.8139996299712,15.6523643215696,2.75));
#6469=CARTESIAN_POINT('Origin',(-19.9752926577788,16.4390106512186,2.75));
#6470=CARTESIAN_POINT('',(-12.3214357131331,30.7430596579941,2.75));
#6471=CARTESIAN_POINT('',(-18.6006459596202,13.491071293762,2.75));
#6472=CARTESIAN_POINT('',(-12.1827287409407,31.5297059876431,2.75));
#6473=CARTESIAN_POINT('Origin',(-14.4827287409407,31.5297059876431,2.75));
#6474=CARTESIAN_POINT('',(-12.1827287409407,46.1,2.75));
#6475=CARTESIAN_POINT('',(-12.1827287409407,31.1241539320137,2.75));
#6476=CARTESIAN_POINT('',(-15.6827287409411,46.1000000000008,2.75));
#6477=CARTESIAN_POINT('',(-17.1827287409407,46.1000000000011,2.75));
#6478=CARTESIAN_POINT('',(-17.1827287409407,47.6000000000008,2.75));
#6479=CARTESIAN_POINT('Origin',(-15.6827287409407,47.6000000000008,2.75));
#6480=CARTESIAN_POINT('',(-17.1827287409407,62.6000000000008,2.75));
#6481=CARTESIAN_POINT('',(-17.1827287409407,64.1000000000011,2.75));
#6482=CARTESIAN_POINT('',(-15.6827287409404,64.1000000000008,2.75));
#6483=CARTESIAN_POINT('Origin',(-15.6827287409407,62.6000000000008,2.75));
#6484=CARTESIAN_POINT('',(-12.1827287409407,64.1,2.75));
#6485=CARTESIAN_POINT('',(-12.1827287409407,64.1,2.75));
#6486=CARTESIAN_POINT('',(-12.1827287409408,66.95,2.75));
#6487=CARTESIAN_POINT('',(-12.1827287409407,31.1241539320137,2.75));
#6488=CARTESIAN_POINT('',(-18.6827287409408,66.95,2.75));
#6489=CARTESIAN_POINT('',(-12.1827287409408,66.95,2.75));
#6490=CARTESIAN_POINT('',(-20.1827287409408,68.45,2.75));
#6491=CARTESIAN_POINT('Origin',(-18.6827287409408,68.45,2.75));
#6492=CARTESIAN_POINT('',(-20.1827287409408,77.45,2.75));
#6493=CARTESIAN_POINT('',(-20.1827287409408,66.95,2.75));
#6494=CARTESIAN_POINT('',(-18.6827287409408,78.95,2.75));
#6495=CARTESIAN_POINT('Origin',(-18.6827287409408,77.45,2.75));
#6496=CARTESIAN_POINT('',(-12.1827287409408,78.95,2.75));
#6497=CARTESIAN_POINT('',(-20.1827287409408,78.95,2.75));
#6498=CARTESIAN_POINT('',(-12.1827287409408,105.5,2.75));
#6499=CARTESIAN_POINT('',(-12.1827287409407,31.1241539320137,2.75));
#6500=CARTESIAN_POINT('',(-13.1827287409408,107.397366596101,2.75));
#6501=CARTESIAN_POINT('Origin',(-14.4827287409408,105.5,2.75));
#6502=CARTESIAN_POINT('',(-13.1827287409408,87.3,2.75));
#6503=CARTESIAN_POINT('',(-13.1827287409408,85.8,2.75));
#6504=CARTESIAN_POINT('',(-14.6827287409408,85.8,2.75));
#6505=CARTESIAN_POINT('Origin',(-14.6827287409408,87.3,2.75));
#6506=CARTESIAN_POINT('',(-30.6827287409408,85.8,2.75));
#6507=CARTESIAN_POINT('',(-32.1827287409408,85.8,2.75));
#6508=CARTESIAN_POINT('',(-32.1827287409408,87.3,2.75));
#6509=CARTESIAN_POINT('Origin',(-30.6827287409408,87.3,2.75));
#6510=CARTESIAN_POINT('',(-32.1827287409408,107.8,2.75));
#6511=CARTESIAN_POINT('',(-83.,105.5,2.75));
#6512=CARTESIAN_POINT('Origin',(-80.7,105.5,2.75));
#6513=CARTESIAN_POINT('',(-83.,104.25,2.75));
#6514=CARTESIAN_POINT('',(-83.,107.8,2.75));
#6515=CARTESIAN_POINT('',(-84.2,103.05,2.75));
#6516=CARTESIAN_POINT('Origin',(-84.2,104.25,2.75));
#6517=CARTESIAN_POINT('',(-99.7,103.05,2.75));
#6518=CARTESIAN_POINT('',(-83.,103.05,2.75));
#6519=CARTESIAN_POINT('',(-102.,100.75,2.75));
#6520=CARTESIAN_POINT('Origin',(-99.7,100.75,2.75));
#6521=CARTESIAN_POINT('',(-102.,99.5,2.75));
#6522=CARTESIAN_POINT('',(-102.,103.05,2.75));
#6523=CARTESIAN_POINT('',(-103.2,98.3,2.75));
#6524=CARTESIAN_POINT('Origin',(-103.2,99.5,2.75));
#6525=CARTESIAN_POINT('',(-137.7,98.3,2.75));
#6526=CARTESIAN_POINT('',(-102.,98.3,2.75));
#6527=CARTESIAN_POINT('',(-140.,96.,2.75));
#6528=CARTESIAN_POINT('Origin',(-137.7,96.,2.75));
#6529=CARTESIAN_POINT('',(-140.,44.,2.75));
#6530=CARTESIAN_POINT('',(-140.,98.3,2.75));
#6531=CARTESIAN_POINT('',(-137.7,41.7,2.75));
#6532=CARTESIAN_POINT('Origin',(-137.7,44.,2.75));
#6533=CARTESIAN_POINT('',(-122.2,41.7,2.75));
#6534=CARTESIAN_POINT('',(-140.,41.7,2.75));
#6535=CARTESIAN_POINT('',(-121.,40.5,2.75));
#6536=CARTESIAN_POINT('Origin',(-122.2,40.5,2.75));
#6537=CARTESIAN_POINT('',(-121.,25.,2.75));
#6538=CARTESIAN_POINT('',(-121.,41.7,2.75));
#6539=CARTESIAN_POINT('',(-118.7,22.7,2.75));
#6540=CARTESIAN_POINT('Origin',(-118.7,25.,2.75));
#6541=CARTESIAN_POINT('',(-104.999997711182,22.7,2.75));
#6542=CARTESIAN_POINT('',(-121.,22.7,2.75));
#6543=CARTESIAN_POINT('',(-102.399997711182,25.3,2.75));
#6544=CARTESIAN_POINT('Origin',(-104.999997711182,25.3,2.75));
#6545=CARTESIAN_POINT('',(-102.399997711182,40.5,2.75));
#6546=CARTESIAN_POINT('',(-102.399997711182,40.7,2.75));
#6547=CARTESIAN_POINT('',(-101.199997711182,41.7,2.75));
#6548=CARTESIAN_POINT('Origin',(-101.199997711182,40.5,2.75));
#6549=CARTESIAN_POINT('',(-100.2,41.7,2.75));
#6550=CARTESIAN_POINT('',(-102.399997711182,41.7,2.75));
#6551=CARTESIAN_POINT('',(-99.2,42.7,2.75));
#6552=CARTESIAN_POINT('Origin',(-100.2,42.7,2.75));
#6553=CARTESIAN_POINT('',(-99.2,78.,2.75));
#6554=CARTESIAN_POINT('',(-99.2,79.5,2.75));
#6555=CARTESIAN_POINT('',(-97.7,79.5,2.75));
#6556=CARTESIAN_POINT('Origin',(-97.7,78.,2.75));
#6557=CARTESIAN_POINT('',(-92.2,79.5,2.75));
#6558=CARTESIAN_POINT('',(-90.7,79.5,2.75));
#6559=CARTESIAN_POINT('',(-90.7,78.,2.75));
#6560=CARTESIAN_POINT('Origin',(-92.2,78.,2.75));
#6561=CARTESIAN_POINT('',(-90.7,39.5,2.75));
#6562=CARTESIAN_POINT('',(-120.2,95.5,2.75));
#6563=CARTESIAN_POINT('Origin',(-121.2,95.5,2.75));
#6564=CARTESIAN_POINT('',(-44.2,105.,2.75));
#6565=CARTESIAN_POINT('Origin',(-45.2,105.,2.75));
#6566=CARTESIAN_POINT('',(-33.7381854206849,24.835903544748,2.75));
#6567=CARTESIAN_POINT('Origin',(-34.7381854206849,24.835903544748,2.75));
#6568=CARTESIAN_POINT('',(-41.2,89.,2.75));
#6569=CARTESIAN_POINT('Origin',(-45.2,89.,2.75));
#6570=CARTESIAN_POINT('',(-109.1,41.5,2.75));
#6571=CARTESIAN_POINT('Origin',(-110.1,41.5,2.75));
#6572=CARTESIAN_POINT('',(-117.2,79.5,2.75));
#6573=CARTESIAN_POINT('Origin',(-121.2,79.5,2.75));
#6574=CARTESIAN_POINT('',(-110.2,51.,2.75));
#6575=CARTESIAN_POINT('Origin',(-114.2,51.,2.75));
#6576=CARTESIAN_POINT('Origin',(-100.2,42.7,-0.25));
#6577=CARTESIAN_POINT('',(-100.2,41.7,1.25));
#6578=CARTESIAN_POINT('',(-100.2,41.7,-0.25));
#6579=CARTESIAN_POINT('',(-99.2,42.7,1.25));
#6580=CARTESIAN_POINT('Origin',(-100.2,42.7,1.25));
#6581=CARTESIAN_POINT('',(-99.2,42.7,-0.25));
#6582=CARTESIAN_POINT('Origin',(-99.2,79.5,-0.25));
#6583=CARTESIAN_POINT('',(-99.2,78.,1.25));
#6584=CARTESIAN_POINT('',(-99.2,63.975,1.25));
#6585=CARTESIAN_POINT('',(-99.2,78.,-0.25));
#6586=CARTESIAN_POINT('Origin',(-97.7,78.,-0.25));
#6587=CARTESIAN_POINT('',(-97.7,79.5,1.25));
#6588=CARTESIAN_POINT('Origin',(-97.7,78.,1.25));
#6589=CARTESIAN_POINT('',(-97.7,79.5,-0.25));
#6590=CARTESIAN_POINT('Origin',(-91.6499977111816,48.45,1.25));
#6591=CARTESIAN_POINT('',(-101.199997711182,41.7,1.25));
#6592=CARTESIAN_POINT('',(-95.4249988555908,41.7,1.25));
#6593=CARTESIAN_POINT('',(-102.399997711182,40.5,1.25));
#6594=CARTESIAN_POINT('Origin',(-101.199997711182,40.5,1.25));
#6595=CARTESIAN_POINT('',(-102.399997711182,25.3,1.25));
#6596=CARTESIAN_POINT('',(-102.399997711182,45.075,1.25));
#6597=CARTESIAN_POINT('',(-104.999997711182,22.7,1.25));
#6598=CARTESIAN_POINT('Origin',(-104.999997711182,25.3,1.25));
#6599=CARTESIAN_POINT('',(-103.,22.7,1.25));
#6600=CARTESIAN_POINT('',(-102.2,22.7,1.25));
#6601=CARTESIAN_POINT('',(-102.,21.7,1.25));
#6602=CARTESIAN_POINT('Origin',(-103.,21.7,1.25));
#6603=CARTESIAN_POINT('',(-102.,21.,1.25));
#6604=CARTESIAN_POINT('',(-102.,22.7,1.25));
#6605=CARTESIAN_POINT('',(-101.5,20.5,1.25));
#6606=CARTESIAN_POINT('Origin',(-101.5,21.,1.25));
#6607=CARTESIAN_POINT('',(-101.,20.,1.25));
#6608=CARTESIAN_POINT('Origin',(-101.5,20.,1.25));
#6609=CARTESIAN_POINT('',(-101.,18.9,1.25));
#6610=CARTESIAN_POINT('',(-101.,17.4,1.25));
#6611=CARTESIAN_POINT('',(-99.5,17.4,1.25));
#6612=CARTESIAN_POINT('Origin',(-99.5,18.9,1.25));
#6613=CARTESIAN_POINT('',(-89.7,17.4,1.25));
#6614=CARTESIAN_POINT('',(-82.8999977111816,17.4,1.25));
#6615=CARTESIAN_POINT('',(-89.2,17.9,1.25));
#6616=CARTESIAN_POINT('Origin',(-89.7,17.9,1.25));
#6617=CARTESIAN_POINT('',(-89.2,28.7,1.25));
#6618=CARTESIAN_POINT('',(-89.2,32.7954599925015,1.25));
#6619=CARTESIAN_POINT('',(-83.3199978637695,35.6098194466391,1.25));
#6620=CARTESIAN_POINT('Origin',(-82.2,28.7,1.25));
#6621=CARTESIAN_POINT('',(-82.8999977111816,36.1033779785419,1.25));
#6622=CARTESIAN_POINT('Origin',(-83.3999977111816,36.1033779785419,1.25));
#6623=CARTESIAN_POINT('',(-82.8999977111816,40.7,1.25));
#6624=CARTESIAN_POINT('',(-82.8999977111817,22.7,1.25));
#6625=CARTESIAN_POINT('',(-80.3999977111816,40.7,1.25));
#6626=CARTESIAN_POINT('',(-80.8999977111816,40.7,1.25));
#6627=CARTESIAN_POINT('',(-80.8999977111816,41.2,1.25));
#6628=CARTESIAN_POINT('Origin',(-80.3999977111816,41.2,1.25));
#6629=CARTESIAN_POINT('Origin',(-81.3999977111816,41.2,1.25));
#6630=CARTESIAN_POINT('',(-90.7,78.,1.25));
#6631=CARTESIAN_POINT('',(-90.7,45.075,1.25));
#6632=CARTESIAN_POINT('',(-92.2,79.5,1.25));
#6633=CARTESIAN_POINT('Origin',(-92.2,78.,1.25));
#6634=CARTESIAN_POINT('',(-91.1749988555908,79.5,1.25));
#6635=CARTESIAN_POINT('',(-98.1,36.6,1.25));
#6636=CARTESIAN_POINT('Origin',(-99.1,36.6,1.25));
#6637=CARTESIAN_POINT('',(-85.6,36.6,1.25));
#6638=CARTESIAN_POINT('Origin',(-86.6,36.6,1.25));
#6639=CARTESIAN_POINT('',(-98.1,23.6,1.25));
#6640=CARTESIAN_POINT('Origin',(-99.1,23.6,1.25));
#6641=CARTESIAN_POINT('Origin',(-90.7,79.5,-0.25));
#6642=CARTESIAN_POINT('',(-92.2,79.5,-0.25));
#6643=CARTESIAN_POINT('Origin',(-92.2,78.,-0.25));
#6644=CARTESIAN_POINT('',(-90.7,78.,-0.25));
#6645=CARTESIAN_POINT('Origin',(-69.4327287409407,40.95,-0.25));
#6646=CARTESIAN_POINT('',(-69.4327287409407,40.7,0.249999999999999));
#6647=CARTESIAN_POINT('',(-69.1827287409407,40.95,0.25));
#6648=CARTESIAN_POINT('Origin',(-69.4327287409407,40.95,0.249999999999999));
#6649=CARTESIAN_POINT('',(-69.4327287409407,40.7,-0.25));
#6650=CARTESIAN_POINT('',(-69.1827287409407,40.95,-0.25));
#6651=CARTESIAN_POINT('Origin',(-69.1827287409407,43.5,-0.25));
#6652=CARTESIAN_POINT('',(-69.1827287409407,43.,0.25));
#6653=CARTESIAN_POINT('',(-69.1827287409407,43.,-0.25));
#6654=CARTESIAN_POINT('',(-69.1827287409407,40.,0.25));
#6655=CARTESIAN_POINT('Origin',(-70.8077287409407,46.6,0.249999999999999));
#6656=CARTESIAN_POINT('',(-69.6827287409407,43.5,0.25));
#6657=CARTESIAN_POINT('Origin',(-69.6827287409407,43.,0.249999999999999));
#6658=CARTESIAN_POINT('',(-70.1827287409407,44.,0.25));
#6659=CARTESIAN_POINT('Origin',(-69.6827287409407,44.,0.249999999999999));
#6660=CARTESIAN_POINT('',(-70.1827287409407,49.,0.25));
#6661=CARTESIAN_POINT('',(-70.1827287409407,43.5,0.25));
#6662=CARTESIAN_POINT('',(-69.6827287409407,49.5,0.25));
#6663=CARTESIAN_POINT('Origin',(-69.6827287409407,49.,0.249999999999999));
#6664=CARTESIAN_POINT('',(-69.1827287409407,50.,0.25));
#6665=CARTESIAN_POINT('Origin',(-69.6827287409407,50.,0.249999999999999));
#6666=CARTESIAN_POINT('',(-69.1827287409407,51.5,0.25));
#6667=CARTESIAN_POINT('',(-69.1827287409407,40.,0.25));
#6668=CARTESIAN_POINT('',(-68.8007627296906,52.5,0.249999999999999));
#6669=CARTESIAN_POINT('Origin',(-67.6827287409407,51.5,0.249999999999999));
#6670=CARTESIAN_POINT('',(-70.9327287409407,52.5,0.249999999999999));
#6671=CARTESIAN_POINT('',(-44.2452287409407,52.5,0.249999999999999));
#6672=CARTESIAN_POINT('',(-72.4327287409407,51.,0.249999999999999));
#6673=CARTESIAN_POINT('Origin',(-70.9327287409407,51.,0.249999999999999));
#6674=CARTESIAN_POINT('',(-72.4327287409407,41.2,0.249999999999999));
#6675=CARTESIAN_POINT('',(-72.4327287409407,49.55,0.249999999999999));
#6676=CARTESIAN_POINT('',(-72.9327287409407,40.7,0.249999999999999));
#6677=CARTESIAN_POINT('Origin',(-72.9327287409407,41.2,0.249999999999999));
#6678=CARTESIAN_POINT('',(-48.2787373517362,40.7,0.249999999999999));
#6679=CARTESIAN_POINT('Origin',(-89.7,17.9,-0.25));
#6680=CARTESIAN_POINT('',(-89.7,17.4,-0.25));
#6681=CARTESIAN_POINT('',(-89.2,17.9,-0.25));
#6682=CARTESIAN_POINT('Origin',(-89.2,17.4,-0.250000000000001));
#6683=CARTESIAN_POINT('',(-99.5,17.4,-0.250000000000001));
#6684=CARTESIAN_POINT('Origin',(-83.3999977111816,36.1033779785419,-0.25));
#6685=CARTESIAN_POINT('',(-83.3199978637695,35.6098194466391,-0.25));
#6686=CARTESIAN_POINT('',(-82.8999977111816,36.1033779785419,-0.25));
#6687=CARTESIAN_POINT('Origin',(-82.2,28.7,-0.25));
#6688=CARTESIAN_POINT('',(-89.2,28.7,-0.25));
#6689=CARTESIAN_POINT('Origin',(-72.9327287409407,41.2,-0.25));
#6690=CARTESIAN_POINT('',(-72.9327287409407,40.7,-0.25));
#6691=CARTESIAN_POINT('',(-72.4327287409407,41.2,-0.25));
#6692=CARTESIAN_POINT('Origin',(-72.4327287409407,52.5,-0.25));
#6693=CARTESIAN_POINT('',(-72.4327287409407,51.,-0.25));
#6694=CARTESIAN_POINT('Origin',(-80.3999977111816,41.2,-0.250000000000001));
#6695=CARTESIAN_POINT('',(-80.8999977111816,41.2,-0.250000000000001));
#6696=CARTESIAN_POINT('',(-80.3999977111816,40.7,-0.250000000000001));
#6697=CARTESIAN_POINT('Origin',(-81.3999977111816,41.2,-0.250000000000001));
#6698=CARTESIAN_POINT('Origin',(-101.199997711182,40.5,-0.250000000000001));
#6699=CARTESIAN_POINT('',(-101.199997711182,41.7,-0.250000000000001));
#6700=CARTESIAN_POINT('',(-102.399997711182,40.5,-0.250000000000001));
#6701=CARTESIAN_POINT('Origin',(-102.399997711182,41.7,-0.250000000000001));
#6702=CARTESIAN_POINT('',(-102.399997711182,25.3,-0.250000000000001));
#6703=CARTESIAN_POINT('Origin',(-15.6827287409407,47.6000000000008,-0.25));
#6704=CARTESIAN_POINT('',(-15.6827287409411,46.1000000000008,2.25));
#6705=CARTESIAN_POINT('',(-17.1827287409407,47.6000000000008,2.25));
#6706=CARTESIAN_POINT('Origin',(-15.6827287409407,47.6000000000008,2.25));
#6707=CARTESIAN_POINT('',(-17.1827287409407,47.6000000000008,-0.25));
#6708=CARTESIAN_POINT('',(-15.6827287409411,46.1000000000008,-0.25));
#6709=CARTESIAN_POINT('Origin',(-14.1827287409407,55.1000000000006,2.25));
#6710=CARTESIAN_POINT('',(-12.1827287409407,46.1,2.25));
#6711=CARTESIAN_POINT('',(-15.6827287409417,46.1000000000008,2.25));
#6712=CARTESIAN_POINT('',(-12.1827287409407,47.3,2.25));
#6713=CARTESIAN_POINT('',(-12.1827287409407,50.6000000000003,2.25));
#6714=CARTESIAN_POINT('',(-11.1827287409407,48.7142135623731,2.25));
#6715=CARTESIAN_POINT('Origin',(-12.6827287409407,48.7142135623731,2.25));
#6716=CARTESIAN_POINT('',(-11.1827287409407,61.4857864376269,2.25));
#6717=CARTESIAN_POINT('',(-11.1827287409407,59.0000000000003,2.25));
#6718=CARTESIAN_POINT('',(-12.1827287409407,62.9,2.25));
#6719=CARTESIAN_POINT('Origin',(-12.6827287409407,61.4857864376269,2.25));
#6720=CARTESIAN_POINT('',(-12.1827287409407,64.1,2.25));
#6721=CARTESIAN_POINT('',(-12.1827287409407,61.0250000000003,2.25));
#6722=CARTESIAN_POINT('',(-15.6827287409404,64.1000000000008,2.25));
#6723=CARTESIAN_POINT('',(-13.1827287409397,64.1000000000002,2.25));
#6724=CARTESIAN_POINT('',(-17.1827287409407,62.6000000000008,2.25));
#6725=CARTESIAN_POINT('Origin',(-15.6827287409407,62.6000000000008,2.25));
#6726=CARTESIAN_POINT('',(-17.1827287409407,59.6000000000008,2.25));
#6727=CARTESIAN_POINT('Origin',(-17.1827287409407,64.1000000000011,-0.25));
#6728=CARTESIAN_POINT('',(-17.1827287409407,62.6000000000008,-0.25));
#6729=CARTESIAN_POINT('Origin',(-15.6827287409407,62.6000000000008,-0.25));
#6730=CARTESIAN_POINT('',(-15.6827287409404,64.1000000000008,-0.25));
#6731=CARTESIAN_POINT('Origin',(-18.6827287409408,68.45,-0.25));
#6732=CARTESIAN_POINT('',(-18.6827287409408,66.95,1.25));
#6733=CARTESIAN_POINT('',(-20.1827287409408,68.45,1.25));
#6734=CARTESIAN_POINT('Origin',(-18.6827287409408,68.45,1.25));
#6735=CARTESIAN_POINT('',(-20.1827287409408,68.45,-0.25));
#6736=CARTESIAN_POINT('',(-18.6827287409408,66.95,-0.25));
#6737=CARTESIAN_POINT('Origin',(-15.6827287409408,72.95,1.25));
#6738=CARTESIAN_POINT('',(-12.1827287409408,66.95,1.25));
#6739=CARTESIAN_POINT('',(-17.9327287409408,66.95,1.25));
#6740=CARTESIAN_POINT('',(-12.1827287409408,68.15,1.25));
#6741=CARTESIAN_POINT('',(-12.1827287409408,78.95,1.25));
#6742=CARTESIAN_POINT('',(-11.1827287409408,69.5642135623731,1.25));
#6743=CARTESIAN_POINT('Origin',(-12.6827287409408,69.5642135623731,1.25));
#6744=CARTESIAN_POINT('',(-11.1827287409408,76.3357864376269,1.25));
#6745=CARTESIAN_POINT('',(-11.1827287409408,77.75,1.25));
#6746=CARTESIAN_POINT('',(-12.1827287409408,77.75,1.25));
#6747=CARTESIAN_POINT('Origin',(-12.6827287409408,76.3357864376269,1.25));
#6748=CARTESIAN_POINT('',(-12.1827287409408,78.95,1.25));
#6749=CARTESIAN_POINT('',(-12.1827287409408,78.95,1.25));
#6750=CARTESIAN_POINT('',(-18.6827287409408,78.95,1.25));
#6751=CARTESIAN_POINT('',(-13.9327287409408,78.95,1.25));
#6752=CARTESIAN_POINT('',(-20.1827287409408,77.45,1.25));
#6753=CARTESIAN_POINT('Origin',(-18.6827287409408,77.45,1.25));
#6754=CARTESIAN_POINT('',(-20.1827287409408,75.95,1.25));
#6755=CARTESIAN_POINT('Origin',(-20.1827287409408,78.95,-0.25));
#6756=CARTESIAN_POINT('',(-20.1827287409408,77.45,-0.25));
#6757=CARTESIAN_POINT('Origin',(-18.6827287409408,77.45,-0.25));
#6758=CARTESIAN_POINT('',(-18.6827287409408,78.95,-0.25));
#6759=CARTESIAN_POINT('Origin',(-14.6827287409408,87.3,-0.25));
#6760=CARTESIAN_POINT('',(-14.6827287409408,85.8,-0.25));
#6761=CARTESIAN_POINT('',(-13.1827287409408,87.3,-0.25));
#6762=CARTESIAN_POINT('Origin',(-32.1827287409408,85.8,-0.25));
#6763=CARTESIAN_POINT('',(-30.6827287409408,85.8,-0.25));
#6764=CARTESIAN_POINT('Origin',(-30.6827287409408,87.3,-0.25));
#6765=CARTESIAN_POINT('',(-32.1827287409408,87.3,-0.25));
#6766=CARTESIAN_POINT('Origin',(-103.,21.7,-0.250000000000001));
#6767=CARTESIAN_POINT('',(-102.,21.7,-0.250000000000001));
#6768=CARTESIAN_POINT('',(-103.,22.7,-0.250000000000001));
#6769=CARTESIAN_POINT('Origin',(-102.399997711182,22.7,-0.250000000000001));
#6770=CARTESIAN_POINT('',(-104.999997711182,22.7,-0.250000000000001));
#6771=CARTESIAN_POINT('',(-118.7,22.7,-0.250000000000001));
#6772=CARTESIAN_POINT('Origin',(-99.5,18.9,-0.250000000000001));
#6773=CARTESIAN_POINT('',(-101.,18.9,-0.250000000000001));
#6774=CARTESIAN_POINT('Origin',(-101.,17.4,-0.250000000000001));
#6775=CARTESIAN_POINT('',(-101.,20.,-0.250000000000001));
#6776=CARTESIAN_POINT('Origin',(-101.5,21.,-0.250000000000001));
#6777=CARTESIAN_POINT('',(-102.,21.,-0.250000000000001));
#6778=CARTESIAN_POINT('',(-101.5,20.5,-0.250000000000001));
#6779=CARTESIAN_POINT('Origin',(-101.5,20.,-0.250000000000001));
#6780=CARTESIAN_POINT('Origin',(-104.999997711182,25.3,-0.250000000000001));
#6781=CARTESIAN_POINT('Origin',(-48.9239130091895,40.,-0.25));
#6782=CARTESIAN_POINT('',(-48.9239130091895,40.5,0.5));
#6783=CARTESIAN_POINT('',(-48.9239130091895,40.5,-0.25));
#6784=CARTESIAN_POINT('',(-49.4163168856956,40.0868240888335,0.5));
#6785=CARTESIAN_POINT('Origin',(-48.9239130091895,40.,0.5));
#6786=CARTESIAN_POINT('',(-49.4163168856956,40.0868240888335,-0.25));
#6787=CARTESIAN_POINT('Origin',(-37.0571775280365,40.25,0.5));
#6788=CARTESIAN_POINT('',(-25.0646947521908,40.5,0.5));
#6789=CARTESIAN_POINT('',(-33.2047740209846,40.5,0.5));
#6790=CARTESIAN_POINT('',(-26.1827287409407,40.,0.5));
#6791=CARTESIAN_POINT('Origin',(-26.1827287409407,41.5,0.5));
#6792=CARTESIAN_POINT('',(-30.3215417081056,40.,0.5));
#6793=CARTESIAN_POINT('',(-24.6827287409407,40.,0.5));
#6794=CARTESIAN_POINT('',(-32.7431406712713,40.,0.5));
#6795=CARTESIAN_POINT('',(-33.689359618071,40.,0.5));
#6796=CARTESIAN_POINT('',(-49.0120764995437,40.,0.5));
#6797=CARTESIAN_POINT('',(-24.6827287409407,40.,0.5));
#6798=CARTESIAN_POINT('',(-49.5044803760498,39.5868240888335,0.5));
#6799=CARTESIAN_POINT('Origin',(-49.0120764995437,39.5,0.5));
#6800=CARTESIAN_POINT('',(-50.757381579362,32.4812682727112,0.5));
#6801=CARTESIAN_POINT('Origin',(-52.4990246492916,22.603919593955,-0.250000000000001));
#6802=CARTESIAN_POINT('',(-49.5044803760498,39.5868240888335,-0.25));
#6803=CARTESIAN_POINT('',(-52.0996338406578,24.8689774258831,-0.250000000000001));
#6804=CARTESIAN_POINT('Origin',(-49.0120764995437,39.5,-0.25));
#6805=CARTESIAN_POINT('',(-49.0120764995437,40.,-0.25));
#6806=CARTESIAN_POINT('Origin',(-24.6827287409407,40.,-0.25));
#6807=CARTESIAN_POINT('',(-32.7431406712713,40.,0.249999999999999));
#6808=CARTESIAN_POINT('',(-32.7431406712713,40.,-0.250000000000001));
#6809=CARTESIAN_POINT('',(-30.3215417081055,40.,0.249999999999999));
#6810=CARTESIAN_POINT('',(-30.926941448897,40.,0.249999999999999));
#6811=CARTESIAN_POINT('',(-30.3215417081055,40.,-0.250000000000001));
#6812=CARTESIAN_POINT('',(-26.1827287409407,40.,-0.25));
#6813=CARTESIAN_POINT('Origin',(-69.6827287409407,50.,-0.25));
#6814=CARTESIAN_POINT('',(-69.6827287409407,49.5,-0.25));
#6815=CARTESIAN_POINT('',(-69.1827287409407,50.,-0.25));
#6816=CARTESIAN_POINT('Origin',(-69.6827287409407,43.,-0.25));
#6817=CARTESIAN_POINT('',(-69.6827287409407,43.5,-0.25));
#6818=CARTESIAN_POINT('Origin',(-69.6827287409407,49.,-0.25));
#6819=CARTESIAN_POINT('',(-70.1827287409407,49.,-0.25));
#6820=CARTESIAN_POINT('Origin',(-70.1827287409407,49.5,-0.25));
#6821=CARTESIAN_POINT('',(-70.1827287409407,44.,-0.25));
#6822=CARTESIAN_POINT('Origin',(-69.6827287409407,44.,-0.25));
#6823=CARTESIAN_POINT('Origin',(-26.1827287409407,41.5,-0.25));
#6824=CARTESIAN_POINT('',(-25.0646947521908,40.5,0.25));
#6825=CARTESIAN_POINT('',(-25.0646947521908,40.5,-0.25));
#6826=CARTESIAN_POINT('',(-24.6827287409407,41.5,0.25));
#6827=CARTESIAN_POINT('Origin',(-26.1827287409407,41.5,0.25));
#6828=CARTESIAN_POINT('',(-24.6827287409407,41.5,-0.25));
#6829=CARTESIAN_POINT('Origin',(-24.6827287409407,40.5,-0.25));
#6830=CARTESIAN_POINT('',(-24.6827287409407,51.5,0.25));
#6831=CARTESIAN_POINT('',(-24.6827287409407,53.,0.25));
#6832=CARTESIAN_POINT('',(-24.6827287409407,51.5,-0.25));
#6833=CARTESIAN_POINT('Origin',(-67.6827287409407,51.5,-0.25));
#6834=CARTESIAN_POINT('',(-67.6827287409407,53.,0.5));
#6835=CARTESIAN_POINT('',(-68.8007627296906,52.5,0.5));
#6836=CARTESIAN_POINT('Origin',(-67.6827287409407,51.5,0.5));
#6837=CARTESIAN_POINT('',(-68.8007627296906,52.5,-0.25));
#6838=CARTESIAN_POINT('',(-69.1827287409407,51.5,-0.25));
#6839=CARTESIAN_POINT('',(-67.6827287409407,53.,-0.25));
#6840=CARTESIAN_POINT('Origin',(-69.1827287409407,52.5,-0.25));
#6841=CARTESIAN_POINT('Origin',(-26.1827287409407,51.5,-0.25));
#6842=CARTESIAN_POINT('',(-25.0646947521908,52.5,0.25));
#6843=CARTESIAN_POINT('Origin',(-26.1827287409407,51.5,0.25));
#6844=CARTESIAN_POINT('',(-25.0646947521908,52.5,0.5));
#6845=CARTESIAN_POINT('',(-25.0646947521908,52.5,-0.25));
#6846=CARTESIAN_POINT('',(-26.1827287409407,53.,0.5));
#6847=CARTESIAN_POINT('Origin',(-26.1827287409407,51.5,0.5));
#6848=CARTESIAN_POINT('',(-26.1827287409407,53.,-0.25));
#6849=CARTESIAN_POINT('Origin',(-46.9327287409407,52.75,0.5));
#6850=CARTESIAN_POINT('',(-69.1827287409407,53.,0.5));
#6851=CARTESIAN_POINT('',(-32.3077287409407,52.5,0.5));
#6852=CARTESIAN_POINT('Origin',(-69.1827287409407,53.,-0.25));
#6853=CARTESIAN_POINT('Origin',(-70.9327287409407,51.,-0.25));
#6854=CARTESIAN_POINT('',(-70.9327287409407,52.5,-0.25));
#6855=CARTESIAN_POINT('Origin',(-17.6827287409407,52.5,-0.25));
#6856=CARTESIAN_POINT('',(-19.1827287409407,52.5,0.25));
#6857=CARTESIAN_POINT('',(-19.4327287409407,52.5,0.25));
#6858=CARTESIAN_POINT('',(-19.1827287409407,52.5,-0.25));
#6859=CARTESIAN_POINT('Origin',(-19.1827287409407,42.,-0.25));
#6860=CARTESIAN_POINT('',(-17.6827287409407,42.,0.25));
#6861=CARTESIAN_POINT('',(-19.1827287409407,40.5,0.25));
#6862=CARTESIAN_POINT('Origin',(-19.1827287409407,42.,0.25));
#6863=CARTESIAN_POINT('',(-19.1827287409407,40.5,-0.25));
#6864=CARTESIAN_POINT('',(-17.6827287409407,42.,-0.25));
#6865=CARTESIAN_POINT('Origin',(-21.1827287409407,46.5,0.25));
#6866=CARTESIAN_POINT('',(-17.6827287409407,51.,0.25));
#6867=CARTESIAN_POINT('',(-17.6827287409407,43.5,0.25));
#6868=CARTESIAN_POINT('Origin',(-19.1827287409407,51.,0.25));
#6869=CARTESIAN_POINT('',(-25.2675496274367,40.5,0.25));
#6870=CARTESIAN_POINT('Origin',(-29.3523705139326,40.5,-0.25));
#6871=CARTESIAN_POINT('',(-33.7123118654442,40.5,4.25));
#6872=CARTESIAN_POINT('',(-33.7123118654442,40.5,-0.250000000000001));
#6873=CARTESIAN_POINT('',(-29.3523705139326,40.5,4.25));
#6874=CARTESIAN_POINT('',(-17.6827287409407,40.5,4.25));
#6875=CARTESIAN_POINT('',(-29.3523705139326,40.5,-0.250000000000001));
#6876=CARTESIAN_POINT('Origin',(-19.1827287409407,51.,-0.25));
#6877=CARTESIAN_POINT('',(-17.6827287409407,51.,-0.25));
#6878=CARTESIAN_POINT('Origin',(-12.6827287409408,76.3357864376269,-0.25));
#6879=CARTESIAN_POINT('',(-12.1827287409408,77.75,-0.25));
#6880=CARTESIAN_POINT('',(-11.1827287409408,76.3357864376269,-0.25));
#6881=CARTESIAN_POINT('Origin',(-11.1827287409408,77.75,-0.250000000000001));
#6882=CARTESIAN_POINT('',(-11.1827287409408,69.5642135623731,-0.25));
#6883=CARTESIAN_POINT('Origin',(-12.6827287409408,69.5642135623731,-0.25));
#6884=CARTESIAN_POINT('',(-12.1827287409408,68.15,-0.25));
#6885=CARTESIAN_POINT('Origin',(-12.6827287409407,61.4857864376269,-0.25));
#6886=CARTESIAN_POINT('',(-12.1827287409407,62.9,-0.25));
#6887=CARTESIAN_POINT('',(-11.1827287409407,61.4857864376269,-0.25));
#6888=CARTESIAN_POINT('Origin',(-11.1827287409407,62.9,-0.250000000000001));
#6889=CARTESIAN_POINT('',(-11.1827287409407,48.7142135623731,-0.25));
#6890=CARTESIAN_POINT('Origin',(-12.6827287409407,48.7142135623731,-0.25));
#6891=CARTESIAN_POINT('',(-12.1827287409407,47.3,-0.25));
#6892=CARTESIAN_POINT('Origin',(-14.4827287409408,105.5,-0.250000000000001));
#6893=CARTESIAN_POINT('',(-13.1827287409408,107.397366596101,-0.250000000000001));
#6894=CARTESIAN_POINT('',(-12.1827287409408,105.5,-0.250000000000001));
#6895=CARTESIAN_POINT('',(-14.4827287409408,107.8,-0.250000000000001));
#6896=CARTESIAN_POINT('Origin',(-13.1827287409408,107.8,-0.250000000000001));
#6897=CARTESIAN_POINT('Origin',(-14.4827287409407,31.5297059876431,-0.250000000000001));
#6898=CARTESIAN_POINT('',(-12.3214357131331,30.7430596579941,-0.250000000000001));
#6899=CARTESIAN_POINT('',(-12.1827287409407,31.5297059876431,-0.250000000000001));
#6900=CARTESIAN_POINT('Origin',(-12.1827287409407,31.1241539320137,-0.250000000000001));
#6901=CARTESIAN_POINT('',(-17.8139996299712,15.6523643215696,-0.250000000000001));
#6902=CARTESIAN_POINT('Origin',(-19.9752926577788,16.4390106512186,-0.250000000000001));
#6903=CARTESIAN_POINT('',(-20.7619389874279,14.2777176234111,-0.250000000000001));
#6904=CARTESIAN_POINT('Origin',(-18.6006459596202,13.491071293762,-0.250000000000001));
#6905=CARTESIAN_POINT('',(-35.2126879145885,19.5373600957521,-0.250000000000001));
#6906=CARTESIAN_POINT('Origin',(-49.8345760087297,24.4695866172492,-0.250000000000001));
#6907=CARTESIAN_POINT('',(-50.2339668173636,22.2045287853211,-0.250000000000001));
#6908=CARTESIAN_POINT('Origin',(-118.7,25.,-0.250000000000001));
#6909=CARTESIAN_POINT('',(-121.,25.,-0.250000000000001));
#6910=CARTESIAN_POINT('Origin',(-121.,22.7,-0.250000000000001));
#6911=CARTESIAN_POINT('',(-121.,40.5,-0.250000000000001));
#6912=CARTESIAN_POINT('Origin',(-137.7,44.,-0.250000000000001));
#6913=CARTESIAN_POINT('',(-140.,44.,-0.250000000000001));
#6914=CARTESIAN_POINT('',(-137.7,41.7,-0.250000000000001));
#6915=CARTESIAN_POINT('Origin',(-140.,41.7,-0.250000000000001));
#6916=CARTESIAN_POINT('',(-140.,96.,-0.250000000000001));
#6917=CARTESIAN_POINT('Origin',(-137.7,96.,-0.250000000000001));
#6918=CARTESIAN_POINT('',(-137.7,98.3,-0.250000000000001));
#6919=CARTESIAN_POINT('Origin',(-140.,98.3,-0.250000000000001));
#6920=CARTESIAN_POINT('',(-103.2,98.3,-0.250000000000001));
#6921=CARTESIAN_POINT('Origin',(-99.7,100.75,-0.250000000000001));
#6922=CARTESIAN_POINT('',(-99.7,103.05,-0.250000000000001));
#6923=CARTESIAN_POINT('',(-102.,100.75,-0.250000000000001));
#6924=CARTESIAN_POINT('Origin',(-102.,103.05,-0.250000000000001));
#6925=CARTESIAN_POINT('',(-84.2,103.05,-0.250000000000001));
#6926=CARTESIAN_POINT('Origin',(-80.7,105.5,-0.250000000000001));
#6927=CARTESIAN_POINT('',(-83.,105.5,-0.250000000000001));
#6928=CARTESIAN_POINT('Origin',(-83.,103.05,-0.250000000000001));
#6929=CARTESIAN_POINT('',(-83.,104.25,-0.250000000000001));
#6930=CARTESIAN_POINT('Origin',(-35.6231120865793,18.409728950809,-0.250000000000001));
#6931=CARTESIAN_POINT('',(-35.414734273379,19.5914982544237,-0.250000000000001));
#6932=CARTESIAN_POINT('Origin',(-35.3113428564098,19.5732675580383,-0.250000000000001));
#6933=CARTESIAN_POINT('Origin',(-122.2,40.5,-0.250000000000001));
#6934=CARTESIAN_POINT('',(-122.2,41.7,-0.250000000000001));
#6935=CARTESIAN_POINT('Origin',(-121.,41.7,-0.250000000000001));
#6936=CARTESIAN_POINT('Origin',(-103.2,99.5,-0.250000000000001));
#6937=CARTESIAN_POINT('',(-102.,99.5,-0.250000000000001));
#6938=CARTESIAN_POINT('Origin',(-102.,98.3,-0.250000000000001));
#6939=CARTESIAN_POINT('Origin',(-84.2,104.25,-0.250000000000001));
#6940=CARTESIAN_POINT('Origin',(-30.3215417081055,40.,-0.25));
#6941=CARTESIAN_POINT('',(-30.3215417081055,40.,4.25));
#6942=CARTESIAN_POINT('',(-30.3215417081055,40.,-0.250000000000001));
#6943=CARTESIAN_POINT('',(-32.7431406712713,40.,4.25));
#6944=CARTESIAN_POINT('',(-24.6827287409407,40.,4.25));
#6945=CARTESIAN_POINT('',(-32.7431406712713,40.,-0.250000000000001));
#6946=CARTESIAN_POINT('Origin',(-31.5323411896884,37.1462367625539,-0.250000000000001));
#6947=CARTESIAN_POINT('Origin',(-31.5323411896884,37.1462367625539,0.249999999999999));
#6948=CARTESIAN_POINT('Origin',(-31.5323411896884,37.1462367625539,4.25));
#6949=CARTESIAN_POINT('Origin',(-31.5323411896884,37.1462367625539,-0.250000000000001));
#6950=CARTESIAN_POINT('Origin',(-31.5323411896884,37.1462367625539,4.25));
#6951=CARTESIAN_POINT('Origin',(-31.5323411896884,36.823118381277,4.25));
#6952=CARTESIAN_POINT('Origin',(-45.2,89.,-0.250000000000001));
#6953=CARTESIAN_POINT('',(-42.1,89.,4.25));
#6954=CARTESIAN_POINT('Origin',(-45.2,89.,4.25));
#6955=CARTESIAN_POINT('',(-42.1,89.,0.249999999999999));
#6956=CARTESIAN_POINT('',(-42.1,89.,-0.250000000000001));
#6957=CARTESIAN_POINT('Origin',(-45.2,89.,0.249999999999999));
#6958=CARTESIAN_POINT('Origin',(-45.2,89.,-0.250000000000001));
#6959=CARTESIAN_POINT('',(-41.2,89.,4.25));
#6960=CARTESIAN_POINT('Origin',(-45.2,89.,4.25));
#6961=CARTESIAN_POINT('',(-41.2,89.,-0.250000000000001));
#6962=CARTESIAN_POINT('Origin',(-45.2,89.,4.25));
#6963=CARTESIAN_POINT('Origin',(-114.2,51.,-0.250000000000001));
#6964=CARTESIAN_POINT('',(-111.1,51.,4.25));
#6965=CARTESIAN_POINT('Origin',(-114.2,51.,4.25));
#6966=CARTESIAN_POINT('',(-111.1,51.,0.249999999999999));
#6967=CARTESIAN_POINT('',(-111.1,51.,-0.250000000000001));
#6968=CARTESIAN_POINT('Origin',(-114.2,51.,0.249999999999999));
#6969=CARTESIAN_POINT('Origin',(-114.2,51.,-0.250000000000001));
#6970=CARTESIAN_POINT('',(-110.2,51.,4.25));
#6971=CARTESIAN_POINT('Origin',(-114.2,51.,4.25));
#6972=CARTESIAN_POINT('',(-110.2,51.,-0.250000000000001));
#6973=CARTESIAN_POINT('Origin',(-114.2,51.,4.25));
#6974=CARTESIAN_POINT('Origin',(-121.2,79.5,-0.250000000000001));
#6975=CARTESIAN_POINT('',(-118.1,79.5,4.25));
#6976=CARTESIAN_POINT('Origin',(-121.2,79.5,4.25));
#6977=CARTESIAN_POINT('',(-118.1,79.5,0.249999999999999));
#6978=CARTESIAN_POINT('',(-118.1,79.5,-0.250000000000001));
#6979=CARTESIAN_POINT('Origin',(-121.2,79.5,0.249999999999999));
#6980=CARTESIAN_POINT('Origin',(-121.2,79.5,-0.250000000000001));
#6981=CARTESIAN_POINT('',(-117.2,79.5,4.25));
#6982=CARTESIAN_POINT('Origin',(-121.2,79.5,4.25));
#6983=CARTESIAN_POINT('',(-117.2,79.5,-0.250000000000001));
#6984=CARTESIAN_POINT('Origin',(-121.2,79.5,4.25));
#6985=CARTESIAN_POINT('Origin',(-31.5323411896884,36.823118381277,0.249999999999999));
#6986=CARTESIAN_POINT('Origin',(-121.2,79.5,0.249999999999999));
#6987=CARTESIAN_POINT('Origin',(-114.2,51.,0.249999999999999));
#6988=CARTESIAN_POINT('Origin',(-45.2,89.,0.249999999999999));
#6989=CARTESIAN_POINT('Origin',(-107.990470053838,23.7552904187784,-0.25));
#6990=CARTESIAN_POINT('',(-107.990470053838,23.7552904187784,-0.25));
#6991=CARTESIAN_POINT('',(-103.980940107676,30.7,-0.25));
#6992=CARTESIAN_POINT('',(-96.0161094635733,44.4954913492671,-0.250000000000001));
#6993=CARTESIAN_POINT('',(-103.980940107676,30.7,0.25));
#6994=CARTESIAN_POINT('',(-103.980940107676,30.7,-0.25));
#6995=CARTESIAN_POINT('',(-107.990470053838,23.7552904187784,0.25));
#6996=CARTESIAN_POINT('',(-103.980940107676,30.7,0.25));
#6997=CARTESIAN_POINT('',(-107.990470053838,23.7552904187784,-0.25));
#6998=CARTESIAN_POINT('Origin',(-116.009529946162,23.7552904187784,-0.25));
#6999=CARTESIAN_POINT('',(-116.009529946162,23.7552904187784,-0.25));
#7000=CARTESIAN_POINT('',(-96.0504471583162,23.7552904187784,-0.250000000000001));
#7001=CARTESIAN_POINT('',(-116.009529946162,23.7552904187784,0.25));
#7002=CARTESIAN_POINT('',(-107.990470053838,23.7552904187784,0.25));
#7003=CARTESIAN_POINT('',(-116.009529946162,23.7552904187784,-0.25));
#7004=CARTESIAN_POINT('Origin',(-120.019059892324,30.7,-0.25));
#7005=CARTESIAN_POINT('',(-120.019059892324,30.7,-0.25));
#7006=CARTESIAN_POINT('',(-121.011496602125,32.4189508046721,-0.250000000000001));
#7007=CARTESIAN_POINT('',(-120.019059892324,30.7,0.25));
#7008=CARTESIAN_POINT('',(-116.009529946162,23.7552904187784,0.25));
#7009=CARTESIAN_POINT('',(-120.019059892324,30.7,-0.25));
#7010=CARTESIAN_POINT('Origin',(-116.009529946162,37.6447095812216,-0.25));
#7011=CARTESIAN_POINT('',(-116.009529946162,37.6447095812216,-0.25));
#7012=CARTESIAN_POINT('',(-106.039934328979,54.9125557210996,-0.250000000000001));
#7013=CARTESIAN_POINT('',(-116.009529946162,37.6447095812216,0.25));
#7014=CARTESIAN_POINT('',(-120.019059892324,30.7,0.25));
#7015=CARTESIAN_POINT('',(-116.009529946162,37.6447095812216,-0.25));
#7016=CARTESIAN_POINT('Origin',(-107.990470053838,37.6447095812217,-0.25));
#7017=CARTESIAN_POINT('',(-107.990470053838,37.6447095812217,-0.25));
#7018=CARTESIAN_POINT('',(-92.0409172121541,37.6447095812217,-0.250000000000001));
#7019=CARTESIAN_POINT('',(-107.990470053838,37.6447095812217,0.25));
#7020=CARTESIAN_POINT('',(-116.009529946162,37.6447095812216,0.25));
#7021=CARTESIAN_POINT('',(-107.990470053838,37.6447095812217,-0.25));
#7022=CARTESIAN_POINT('Origin',(-103.980940107676,30.7,-0.25));
#7023=CARTESIAN_POINT('',(-106.978141790558,35.8913055952828,-0.250000000000001));
#7024=CARTESIAN_POINT('',(-107.990470053838,37.6447095812217,0.25));
#7025=CARTESIAN_POINT('Origin',(-116.125,37.8447095812216,-0.25));
#7026=CARTESIAN_POINT('',(-107.875,37.8447095812216,0.25));
#7027=CARTESIAN_POINT('',(-107.875,37.8447095812216,-0.25));
#7028=CARTESIAN_POINT('',(-116.125,37.8447095812216,0.25));
#7029=CARTESIAN_POINT('',(-116.125,37.8447095812216,0.25));
#7030=CARTESIAN_POINT('',(-116.125,37.8447095812216,-0.25));
#7031=CARTESIAN_POINT('Origin',(-120.25,30.7,-0.25));
#7032=CARTESIAN_POINT('',(-120.25,30.7,0.25));
#7033=CARTESIAN_POINT('',(-120.25,30.7,0.25));
#7034=CARTESIAN_POINT('',(-120.25,30.7,-0.25));
#7035=CARTESIAN_POINT('Origin',(-116.125,23.5552904187784,-0.25));
#7036=CARTESIAN_POINT('',(-116.125,23.5552904187784,0.25));
#7037=CARTESIAN_POINT('',(-116.125,23.5552904187784,0.25));
#7038=CARTESIAN_POINT('',(-116.125,23.5552904187784,-0.25));
#7039=CARTESIAN_POINT('Origin',(-107.875,23.5552904187784,-0.25));
#7040=CARTESIAN_POINT('',(-107.875,23.5552904187784,0.25));
#7041=CARTESIAN_POINT('',(-107.875,23.5552904187784,0.25));
#7042=CARTESIAN_POINT('',(-107.875,23.5552904187784,-0.25));
#7043=CARTESIAN_POINT('Origin',(-103.75,30.7,-0.25));
#7044=CARTESIAN_POINT('',(-103.75,30.7,0.25));
#7045=CARTESIAN_POINT('',(-103.75,30.7,0.25));
#7046=CARTESIAN_POINT('',(-103.75,30.7,-0.25));
#7047=CARTESIAN_POINT('Origin',(-107.875,37.8447095812216,-0.25));
#7048=CARTESIAN_POINT('',(-107.875,37.8447095812216,0.25));
#7049=CARTESIAN_POINT('Origin',(-112.,30.7,0.25));
#7050=CARTESIAN_POINT('Origin',(-17.1731987941763,85.8552904186009,-0.25));
#7051=CARTESIAN_POINT('',(-17.1731987941763,85.8552904186009,-0.25));
#7052=CARTESIAN_POINT('',(-13.1636688482588,92.79999999977,-0.25));
#7053=CARTESIAN_POINT('',(-29.9960415043482,63.6454753459321,-0.250000000000001));
#7054=CARTESIAN_POINT('',(-13.1636688482588,92.79999999977,0.25));
#7055=CARTESIAN_POINT('',(-13.1636688482588,92.79999999977,-0.25));
#7056=CARTESIAN_POINT('',(-17.1731987941763,85.8552904186009,0.25));
#7057=CARTESIAN_POINT('',(-13.1636688482588,92.79999999977,0.25));
#7058=CARTESIAN_POINT('',(-17.1731987941763,85.8552904186009,-0.25));
#7059=CARTESIAN_POINT('Origin',(-25.1922586869871,85.8552904186009,-0.25));
#7060=CARTESIAN_POINT('',(-25.1922586869871,85.8552904186009,-0.25));
#7061=CARTESIAN_POINT('',(-50.6418115287287,85.8552904186009,-0.250000000000001));
#7062=CARTESIAN_POINT('',(-25.1922586869871,85.8552904186009,0.25));
#7063=CARTESIAN_POINT('',(-17.1731987941763,85.8552904186009,0.25));
#7064=CARTESIAN_POINT('',(-25.1922586869871,85.8552904186009,-0.25));
#7065=CARTESIAN_POINT('Origin',(-29.2017886335069,92.7999999996862,-0.25));
#7066=CARTESIAN_POINT('',(-29.2017886335069,92.7999999996862,-0.25));
#7067=CARTESIAN_POINT('',(-28.1013398575529,90.8939668088143,-0.250000000000001));
#7068=CARTESIAN_POINT('',(-29.2017886335069,92.7999999996862,0.25));
#7069=CARTESIAN_POINT('',(-25.1922586869871,85.8552904186009,0.25));
#7070=CARTESIAN_POINT('',(-29.2017886335069,92.7999999996862,-0.25));
#7071=CARTESIAN_POINT('Origin',(-25.1922586874236,99.7447095812707,-0.25));
#7072=CARTESIAN_POINT('',(-25.1922586874236,99.7447095812707,-0.25));
#7073=CARTESIAN_POINT('',(-40.0198663703561,74.0625397178868,-0.250000000000001));
#7074=CARTESIAN_POINT('',(-25.1922586874236,99.7447095812707,0.25));
#7075=CARTESIAN_POINT('',(-29.2017886335069,92.7999999996862,0.25));
#7076=CARTESIAN_POINT('',(-25.1922586874236,99.7447095812707,-0.25));
#7077=CARTESIAN_POINT('Origin',(-17.1731987946202,99.7447095812671,-0.25));
#7078=CARTESIAN_POINT('',(-17.1731987946202,99.7447095812671,-0.25));
#7079=CARTESIAN_POINT('',(-46.6322815825365,99.7447095812803,-0.250000000000001));
#7080=CARTESIAN_POINT('',(-17.1731987946202,99.7447095812671,0.25));
#7081=CARTESIAN_POINT('',(-25.1922586874236,99.7447095812707,0.25));
#7082=CARTESIAN_POINT('',(-17.1731987946202,99.7447095812671,-0.25));
#7083=CARTESIAN_POINT('Origin',(-13.1636688482588,92.79999999977,-0.25));
#7084=CARTESIAN_POINT('',(-14.067985044948,94.3663215985273,-0.250000000000001));
#7085=CARTESIAN_POINT('',(-17.1731987946202,99.7447095812671,0.25));
#7086=CARTESIAN_POINT('Origin',(-25.3077287412657,99.9447095812707,-0.25));
#7087=CARTESIAN_POINT('',(-17.0577287410607,99.9447095815275,0.25));
#7088=CARTESIAN_POINT('',(-17.0577287410607,99.9447095815275,-0.25));
#7089=CARTESIAN_POINT('',(-25.3077287412657,99.9447095812707,0.25));
#7090=CARTESIAN_POINT('',(-25.3077287412657,99.9447095812707,0.25));
#7091=CARTESIAN_POINT('',(-25.3077287412657,99.9447095812707,-0.25));
#7092=CARTESIAN_POINT('Origin',(-29.4327287411457,92.7999999997432,-0.25));
#7093=CARTESIAN_POINT('',(-29.4327287411457,92.7999999997432,0.25));
#7094=CARTESIAN_POINT('',(-29.4327287411457,92.7999999997432,0.25));
#7095=CARTESIAN_POINT('',(-29.4327287411457,92.7999999997432,-0.25));
#7096=CARTESIAN_POINT('Origin',(-25.3077287408209,85.6552904184725,-0.25));
#7097=CARTESIAN_POINT('',(-25.3077287408209,85.6552904184725,0.25));
#7098=CARTESIAN_POINT('',(-25.3077287408209,85.6552904184725,0.25));
#7099=CARTESIAN_POINT('',(-25.3077287408209,85.6552904184725,-0.25));
#7100=CARTESIAN_POINT('Origin',(-17.0577287406159,85.6552904187293,-0.25));
#7101=CARTESIAN_POINT('',(-17.0577287406159,85.6552904187293,0.25));
#7102=CARTESIAN_POINT('',(-17.0577287406159,85.6552904187293,0.25));
#7103=CARTESIAN_POINT('',(-17.0577287406159,85.6552904187293,-0.25));
#7104=CARTESIAN_POINT('Origin',(-12.9327287407359,92.8000000002568,-0.25));
#7105=CARTESIAN_POINT('',(-12.9327287407359,92.8000000002568,0.25));
#7106=CARTESIAN_POINT('',(-12.9327287407359,92.8000000002568,0.25));
#7107=CARTESIAN_POINT('',(-12.9327287407359,92.8000000002568,-0.25));
#7108=CARTESIAN_POINT('Origin',(-17.0577287410607,99.9447095815275,-0.25));
#7109=CARTESIAN_POINT('',(-17.0577287410607,99.9447095815275,0.25));
#7110=CARTESIAN_POINT('Origin',(-21.1827287409408,92.8,0.25));
#7111=CARTESIAN_POINT('Origin',(-126.990470053838,83.3552904187784,-0.25));
#7112=CARTESIAN_POINT('',(-126.990470053838,83.3552904187784,-0.25));
#7113=CARTESIAN_POINT('',(-122.980940107676,90.3,-0.25));
#7114=CARTESIAN_POINT('',(-125.544887979962,85.8591120172431,-0.250000000000001));
#7115=CARTESIAN_POINT('',(-122.980940107676,90.3,0.25));
#7116=CARTESIAN_POINT('',(-122.980940107676,90.3,-0.25));
#7117=CARTESIAN_POINT('',(-126.990470053838,83.3552904187784,0.25));
#7118=CARTESIAN_POINT('',(-122.980940107676,90.3,0.25));
#7119=CARTESIAN_POINT('',(-126.990470053838,83.3552904187784,-0.25));
#7120=CARTESIAN_POINT('Origin',(-135.009529946162,83.3552904187784,-0.25));
#7121=CARTESIAN_POINT('',(-135.009529946162,83.3552904187784,-0.25));
#7122=CARTESIAN_POINT('',(-105.550447158316,83.3552904187786,-0.250000000000001));
#7123=CARTESIAN_POINT('',(-135.009529946162,83.3552904187784,0.25));
#7124=CARTESIAN_POINT('',(-126.990470053838,83.3552904187784,0.25));
#7125=CARTESIAN_POINT('',(-135.009529946162,83.3552904187784,-0.25));
#7126=CARTESIAN_POINT('Origin',(-139.019059892324,90.3,-0.25));
#7127=CARTESIAN_POINT('',(-139.019059892324,90.3,-0.25));
#7128=CARTESIAN_POINT('',(-124.732718085737,65.5553301366959,-0.250000000000001));
#7129=CARTESIAN_POINT('',(-139.019059892324,90.3,0.25));
#7130=CARTESIAN_POINT('',(-135.009529946162,83.3552904187784,0.25));
#7131=CARTESIAN_POINT('',(-139.019059892324,90.3,-0.25));
#7132=CARTESIAN_POINT('Origin',(-135.009529946162,97.2447095812216,-0.25));
#7133=CARTESIAN_POINT('',(-135.009529946162,97.2447095812216,-0.25));
#7134=CARTESIAN_POINT('',(-135.568712845367,96.2761763890754,-0.250000000000001));
#7135=CARTESIAN_POINT('',(-135.009529946162,97.2447095812216,0.25));
#7136=CARTESIAN_POINT('',(-139.019059892324,90.3,0.25));
#7137=CARTESIAN_POINT('',(-135.009529946162,97.2447095812216,-0.25));
#7138=CARTESIAN_POINT('Origin',(-126.990470053838,97.2447095812217,-0.25));
#7139=CARTESIAN_POINT('',(-126.990470053838,97.2447095812217,-0.25));
#7140=CARTESIAN_POINT('',(-101.540917212154,97.2447095812218,-0.250000000000001));
#7141=CARTESIAN_POINT('',(-126.990470053838,97.2447095812217,0.25));
#7142=CARTESIAN_POINT('',(-135.009529946162,97.2447095812216,0.25));
#7143=CARTESIAN_POINT('',(-126.990470053838,97.2447095812217,-0.25));
#7144=CARTESIAN_POINT('Origin',(-122.980940107676,90.3,-0.25));
#7145=CARTESIAN_POINT('',(-110.69936327417,69.0276849273068,-0.250000000000001));
#7146=CARTESIAN_POINT('',(-126.990470053838,97.2447095812217,0.25));
#7147=CARTESIAN_POINT('Origin',(-135.125,97.4447095812216,-0.25));
#7148=CARTESIAN_POINT('',(-126.875,97.4447095812216,0.25));
#7149=CARTESIAN_POINT('',(-126.875,97.4447095812216,-0.25));
#7150=CARTESIAN_POINT('',(-135.125,97.4447095812216,0.25));
#7151=CARTESIAN_POINT('',(-135.125,97.4447095812216,0.25));
#7152=CARTESIAN_POINT('',(-135.125,97.4447095812216,-0.25));
#7153=CARTESIAN_POINT('Origin',(-139.25,90.3,-0.25));
#7154=CARTESIAN_POINT('',(-139.25,90.3,0.25));
#7155=CARTESIAN_POINT('',(-139.25,90.3,0.25));
#7156=CARTESIAN_POINT('',(-139.25,90.3,-0.25));
#7157=CARTESIAN_POINT('Origin',(-135.125,83.1552904187784,-0.25));
#7158=CARTESIAN_POINT('',(-135.125,83.1552904187784,0.25));
#7159=CARTESIAN_POINT('',(-135.125,83.1552904187784,0.25));
#7160=CARTESIAN_POINT('',(-135.125,83.1552904187784,-0.25));
#7161=CARTESIAN_POINT('Origin',(-126.875,83.1552904187784,-0.25));
#7162=CARTESIAN_POINT('',(-126.875,83.1552904187784,0.25));
#7163=CARTESIAN_POINT('',(-126.875,83.1552904187784,0.25));
#7164=CARTESIAN_POINT('',(-126.875,83.1552904187784,-0.25));
#7165=CARTESIAN_POINT('Origin',(-122.75,90.3,-0.25));
#7166=CARTESIAN_POINT('',(-122.75,90.3,0.25));
#7167=CARTESIAN_POINT('',(-122.75,90.3,0.25));
#7168=CARTESIAN_POINT('',(-122.75,90.3,-0.25));
#7169=CARTESIAN_POINT('Origin',(-126.875,97.4447095812216,-0.25));
#7170=CARTESIAN_POINT('',(-126.875,97.4447095812216,0.25));
#7171=CARTESIAN_POINT('Origin',(-131.,90.3,0.25));
#7172=CARTESIAN_POINT('Origin',(-16.565194553163,21.748391280052,-0.25));
#7173=CARTESIAN_POINT('',(-16.565194553163,21.748391280052,-0.25));
#7174=CARTESIAN_POINT('',(-17.9576896900669,29.6456236338821,-0.25));
#7175=CARTESIAN_POINT('',(-20.7885631000717,45.7003045376831,-0.250000000000001));
#7176=CARTESIAN_POINT('',(-17.9576896900669,29.6456236338821,0.25));
#7177=CARTESIAN_POINT('',(-17.9576896900669,29.6456236338821,-0.25));
#7178=CARTESIAN_POINT('',(-16.565194553163,21.748391280052,0.25));
#7179=CARTESIAN_POINT('',(-17.9576896900669,29.6456236338821,0.25));
#7180=CARTESIAN_POINT('',(-16.565194553163,21.748391280052,-0.25));
#7181=CARTESIAN_POINT('Origin',(-22.7081508227163,16.5938389399318,-0.25));
#7182=CARTESIAN_POINT('',(-22.7081508227163,16.5938389399318,-0.25));
#7183=CARTESIAN_POINT('',(-27.5258155347118,12.5513382569607,-0.250000000000001));
#7184=CARTESIAN_POINT('',(-22.7081508227163,16.5938389399318,0.25));
#7185=CARTESIAN_POINT('',(-16.565194553163,21.748391280052,0.25));
#7186=CARTESIAN_POINT('',(-22.7081508227163,16.5938389399318,-0.25));
#7187=CARTESIAN_POINT('Origin',(-30.2436022291735,19.3365189536418,-0.25));
#7188=CARTESIAN_POINT('',(-30.2436022291735,19.3365189536418,-0.25));
#7189=CARTESIAN_POINT('',(-57.1241296436302,29.1202308138812,-0.250000000000001));
#7190=CARTESIAN_POINT('',(-30.2436022291735,19.3365189536418,0.25));
#7191=CARTESIAN_POINT('',(-22.7081508227163,16.5938389399318,0.25));
#7192=CARTESIAN_POINT('',(-30.2436022291735,19.3365189536418,-0.25));
#7193=CARTESIAN_POINT('Origin',(-31.6360973660775,27.2337513074719,-0.25));
#7194=CARTESIAN_POINT('',(-31.6360973660775,27.2337513074719,-0.25));
#7195=CARTESIAN_POINT('',(-35.1632183445343,47.237048388188,-0.250000000000001));
#7196=CARTESIAN_POINT('',(-31.6360973660775,27.2337513074719,0.25));
#7197=CARTESIAN_POINT('',(-30.2436022291735,19.3365189536418,0.25));
#7198=CARTESIAN_POINT('',(-31.6360973660775,27.2337513074719,-0.25));
#7199=CARTESIAN_POINT('Origin',(-25.4931410965242,32.3883036475921,-0.25));
#7200=CARTESIAN_POINT('',(-25.4931410965242,32.3883036475921,-0.25));
#7201=CARTESIAN_POINT('',(-33.3822839432963,25.7685267945609,-0.250000000000001));
#7202=CARTESIAN_POINT('',(-25.4931410965242,32.3883036475921,0.25));
#7203=CARTESIAN_POINT('',(-31.6360973660775,27.2337513074719,0.25));
#7204=CARTESIAN_POINT('',(-25.4931410965242,32.3883036475921,-0.25));
#7205=CARTESIAN_POINT('Origin',(-17.9576896900669,29.6456236338821,-0.25));
#7206=CARTESIAN_POINT('',(-48.6059428077522,40.8006755009765,-0.250000000000001));
#7207=CARTESIAN_POINT('',(-25.4931410965242,32.3883036475921,0.25));
#7208=CARTESIAN_POINT('Origin',(-25.5332434253722,32.6157352561127,-0.25));
#7209=CARTESIAN_POINT('',(-17.7807793038885,29.7940690736757,0.25));
#7210=CARTESIAN_POINT('',(-17.7807793038885,29.7940690736757,-0.25));
#7211=CARTESIAN_POINT('',(-25.5332434253722,32.6157352561127,0.25));
#7212=CARTESIAN_POINT('',(-25.5332434253722,32.6157352561127,0.25));
#7213=CARTESIAN_POINT('',(-25.5332434253722,32.6157352561127,-0.25));
#7214=CARTESIAN_POINT('Origin',(-31.8531100811039,27.3127374761989,-0.25));
#7215=CARTESIAN_POINT('',(-31.8531100811039,27.3127374761989,0.25));
#7216=CARTESIAN_POINT('',(-31.8531100811039,27.3127374761989,0.25));
#7217=CARTESIAN_POINT('',(-31.8531100811039,27.3127374761989,-0.25));
#7218=CARTESIAN_POINT('Origin',(-30.4205126153519,19.1880735138482,-0.25));
#7219=CARTESIAN_POINT('',(-30.4205126153519,19.1880735138482,0.25));
#7220=CARTESIAN_POINT('',(-30.4205126153519,19.1880735138482,0.25));
#7221=CARTESIAN_POINT('',(-30.4205126153519,19.1880735138482,-0.25));
#7222=CARTESIAN_POINT('Origin',(-22.6680484938683,16.3664073314112,-0.25));
#7223=CARTESIAN_POINT('',(-22.6680484938683,16.3664073314112,0.25));
#7224=CARTESIAN_POINT('',(-22.6680484938683,16.3664073314112,0.25));
#7225=CARTESIAN_POINT('',(-22.6680484938683,16.3664073314112,-0.25));
#7226=CARTESIAN_POINT('Origin',(-16.3481818381366,21.669405111325,-0.25));
#7227=CARTESIAN_POINT('',(-16.3481818381366,21.669405111325,0.25));
#7228=CARTESIAN_POINT('',(-16.3481818381366,21.669405111325,0.25));
#7229=CARTESIAN_POINT('',(-16.3481818381366,21.669405111325,-0.25));
#7230=CARTESIAN_POINT('Origin',(-17.7807793038885,29.7940690736757,-0.25));
#7231=CARTESIAN_POINT('',(-17.7807793038885,29.7940690736757,0.25));
#7232=CARTESIAN_POINT('Origin',(-24.1006459596202,24.491071293762,0.25));
#7233=CARTESIAN_POINT('Origin',(-76.0913643704703,60.645535646881,-0.250000000000001));
#7234=CARTESIAN_POINT('Origin',(-76.0913643704703,60.645535646881,-0.250000000000001));
#7235=CARTESIAN_POINT('Origin',(-76.0913643704703,60.645535646881,-0.250000000000001));
#7236=CARTESIAN_POINT('Origin',(-99.1,23.6,-0.25));
#7237=CARTESIAN_POINT('',(-97.1,23.6,0.25));
#7238=CARTESIAN_POINT('',(-97.1,23.6,-0.25));
#7239=CARTESIAN_POINT('Origin',(-99.1,23.6,0.25));
#7240=CARTESIAN_POINT('Origin',(-99.1,23.6,0.25));
#7241=CARTESIAN_POINT('',(-98.1,23.6,0.25));
#7242=CARTESIAN_POINT('Origin',(-99.1,23.6,0.25));
#7243=CARTESIAN_POINT('Origin',(-86.6,36.6,-0.25));
#7244=CARTESIAN_POINT('',(-84.6,36.6,0.25));
#7245=CARTESIAN_POINT('',(-84.6,36.6,-0.25));
#7246=CARTESIAN_POINT('Origin',(-86.6,36.6,0.25));
#7247=CARTESIAN_POINT('Origin',(-86.6,36.6,0.25));
#7248=CARTESIAN_POINT('',(-85.6,36.6,0.25));
#7249=CARTESIAN_POINT('Origin',(-86.6,36.6,0.25));
#7250=CARTESIAN_POINT('Origin',(-99.1,36.6,-0.25));
#7251=CARTESIAN_POINT('',(-97.1,36.6,0.25));
#7252=CARTESIAN_POINT('',(-97.1,36.6,-0.25));
#7253=CARTESIAN_POINT('Origin',(-99.1,36.6,0.25));
#7254=CARTESIAN_POINT('Origin',(-99.1,36.6,0.25));
#7255=CARTESIAN_POINT('',(-98.1,36.6,0.25));
#7256=CARTESIAN_POINT('Origin',(-99.1,36.6,0.25));
#7257=CARTESIAN_POINT('Origin',(-121.2,95.5,-0.250000000000001));
#7258=CARTESIAN_POINT('',(-119.2,95.5,1.25));
#7259=CARTESIAN_POINT('',(-119.2,95.5,-0.250000000000001));
#7260=CARTESIAN_POINT('Origin',(-121.2,95.5,1.25));
#7261=CARTESIAN_POINT('Origin',(-121.2,95.5,1.25));
#7262=CARTESIAN_POINT('',(-120.2,95.5,1.25));
#7263=CARTESIAN_POINT('Origin',(-121.2,95.5,1.25));
#7264=CARTESIAN_POINT('Origin',(-45.2,105.,-0.250000000000001));
#7265=CARTESIAN_POINT('',(-43.2,105.,1.25));
#7266=CARTESIAN_POINT('',(-43.2,105.,-0.250000000000001));
#7267=CARTESIAN_POINT('Origin',(-45.2,105.,1.25));
#7268=CARTESIAN_POINT('Origin',(-45.2,105.,1.25));
#7269=CARTESIAN_POINT('',(-44.2,105.,1.25));
#7270=CARTESIAN_POINT('Origin',(-45.2,105.,1.25));
#7271=CARTESIAN_POINT('Origin',(-110.1,41.5,-0.250000000000001));
#7272=CARTESIAN_POINT('',(-108.1,41.5,1.25));
#7273=CARTESIAN_POINT('',(-108.1,41.5,-0.250000000000001));
#7274=CARTESIAN_POINT('Origin',(-110.1,41.5,1.25));
#7275=CARTESIAN_POINT('Origin',(-110.1,41.5,1.25));
#7276=CARTESIAN_POINT('',(-109.1,41.5,1.25));
#7277=CARTESIAN_POINT('Origin',(-110.1,41.5,1.25));
#7278=CARTESIAN_POINT('Origin',(-34.7381854206849,24.835903544748,-0.250000000000001));
#7279=CARTESIAN_POINT('',(-32.7381854206849,24.835903544748,1.25));
#7280=CARTESIAN_POINT('',(-32.7381854206849,24.835903544748,-0.250000000000001));
#7281=CARTESIAN_POINT('Origin',(-34.7381854206849,24.835903544748,1.25));
#7282=CARTESIAN_POINT('Origin',(-34.7381854206849,24.835903544748,1.25));
#7283=CARTESIAN_POINT('',(-33.7381854206849,24.835903544748,1.25));
#7284=CARTESIAN_POINT('Origin',(-34.7381854206849,24.835903544748,1.25));
#7285=CARTESIAN_POINT('Origin',(-32.1827287409408,107.8,-0.25));
#7286=CARTESIAN_POINT('Origin',(-13.1827287409408,85.8,-0.25));
#7287=CARTESIAN_POINT('Origin',(-12.1827287409408,78.95,-0.25));
#7288=CARTESIAN_POINT('',(-12.1827287409408,78.95,-0.25));
#7289=CARTESIAN_POINT('Origin',(-20.1827287409408,66.95,-0.25));
#7290=CARTESIAN_POINT('',(-12.1827287409408,66.95,-0.25));
#7291=CARTESIAN_POINT('Origin',(-99.1,36.6,-0.25));
#7292=CARTESIAN_POINT('',(-98.1,36.6,-0.25));
#7293=CARTESIAN_POINT('Origin',(-86.6,36.6,-0.25));
#7294=CARTESIAN_POINT('',(-85.6,36.6,-0.25));
#7295=CARTESIAN_POINT('Origin',(-99.1,23.6,-0.25));
#7296=CARTESIAN_POINT('',(-98.1,23.6,-0.25));
#7297=CARTESIAN_POINT('Origin',(-102.,20.5,-0.250000000000001));
#7298=CARTESIAN_POINT('Origin',(-89.2,28.7,-0.25));
#7299=CARTESIAN_POINT('Origin',(-82.8999977111816,40.7,-0.250000000000001));
#7300=CARTESIAN_POINT('',(-82.8999977111816,40.7,-0.250000000000001));
#7301=CARTESIAN_POINT('Origin',(-121.2,95.5,-0.250000000000001));
#7302=CARTESIAN_POINT('',(-120.2,95.5,-0.250000000000001));
#7303=CARTESIAN_POINT('Origin',(-45.2,105.,-0.250000000000001));
#7304=CARTESIAN_POINT('',(-44.2,105.,-0.250000000000001));
#7305=CARTESIAN_POINT('Origin',(-34.7381854206849,24.835903544748,-0.250000000000001));
#7306=CARTESIAN_POINT('',(-33.7381854206849,24.835903544748,-0.250000000000001));
#7307=CARTESIAN_POINT('Origin',(-110.1,41.5,-0.250000000000001));
#7308=CARTESIAN_POINT('',(-109.1,41.5,-0.250000000000001));
#7309=CARTESIAN_POINT('Origin',(-72.4327287409407,40.7,-0.250000000000001));
#7310=CARTESIAN_POINT('Origin',(-17.6827287409407,40.5,-0.25));
#7311=CARTESIAN_POINT('Origin',(-12.1827287409407,46.1,-0.250000000000001));
#7312=CARTESIAN_POINT('',(-12.1827287409407,46.1,-0.25));
#7313=CARTESIAN_POINT('Origin',(-17.1827287409407,46.1000000000011,-0.25));
#7314=CARTESIAN_POINT('Origin',(-12.1827287409407,64.1,-0.25));
#7315=CARTESIAN_POINT('',(-12.1827287409407,64.1,-0.25));
#7316=CARTESIAN_POINT('Origin',(-12.1827287409407,66.95,-0.250000000000001));
#7317=CARTESIAN_POINT('Origin',(-12.1827287409408,107.8,-0.250000000000001));
#7318=CARTESIAN_POINT('Origin',(-99.2,41.7,-0.250000000000001));
#7319=CARTESIAN_POINT('Origin',(-90.7,41.7,-0.25));
#7320=CARTESIAN_POINT('Origin',(-76.0913643704703,60.645535646881,-0.250000000000001));
#7321=UNCERTAINTY_MEASURE_WITH_UNIT(LENGTH_MEASURE(0.01),#7325,
'DISTANCE_ACCURACY_VALUE',
'Maximum model space distance between geometric entities at asserted c
onnectivities');
#7322=UNCERTAINTY_MEASURE_WITH_UNIT(LENGTH_MEASURE(0.01),#7325,
'DISTANCE_ACCURACY_VALUE',
'Maximum model space distance between geometric entities at asserted c
onnectivities');
#7323=(
GEOMETRIC_REPRESENTATION_CONTEXT(3)
GLOBAL_UNCERTAINTY_ASSIGNED_CONTEXT((#7321))
GLOBAL_UNIT_ASSIGNED_CONTEXT((#7325,#7326,#7327))
REPRESENTATION_CONTEXT('','3D')
);
#7324=(
GEOMETRIC_REPRESENTATION_CONTEXT(3)
GLOBAL_UNCERTAINTY_ASSIGNED_CONTEXT((#7322))
GLOBAL_UNIT_ASSIGNED_CONTEXT((#7325,#7326,#7327))
REPRESENTATION_CONTEXT('','3D')
);
#7325=(
LENGTH_UNIT()
NAMED_UNIT(*)
SI_UNIT(.MILLI.,.METRE.)
);
#7326=(
NAMED_UNIT(*)
PLANE_ANGLE_UNIT()
SI_UNIT($,.RADIAN.)
);
#7327=(
NAMED_UNIT(*)
SI_UNIT($,.STERADIAN.)
SOLID_ANGLE_UNIT()
);
#7328=SHAPE_DEFINITION_REPRESENTATION(#7329,#7330);
#7329=PRODUCT_DEFINITION_SHAPE('',$,#7332);
#7330=SHAPE_REPRESENTATION('',(#4347),#7323);
#7331=PRODUCT_DEFINITION_CONTEXT('part definition',#7336,'design');
#7332=PRODUCT_DEFINITION('\X2\30B330F330D530A330AE30E530EC30FC30B730E730F3\X0\ 
1','DyaDash v23',#7333,#7331);
#7333=PRODUCT_DEFINITION_FORMATION('',$,#7338);
#7334=PRODUCT_RELATED_PRODUCT_CATEGORY('DyaDash v23','DyaDash v23',(#7338));
#7335=APPLICATION_PROTOCOL_DEFINITION('international standard',
'automotive_design',2009,#7336);
#7336=APPLICATION_CONTEXT(
'Core Data for Automotive Mechanical Design Process');
#7337=PRODUCT_CONTEXT('part definition',#7336,'mechanical');
#7338=PRODUCT('\X2\30B330F330D530A330AE30E530EC30FC30B730E730F3\X0\ 1',
'DyaDash v23',$,(#7337));
#7339=PRESENTATION_STYLE_ASSIGNMENT((#7341));
#7340=PRESENTATION_STYLE_ASSIGNMENT((#7342));
#7341=SURFACE_STYLE_USAGE(.BOTH.,#7343);
#7342=SURFACE_STYLE_USAGE(.BOTH.,#7344);
#7343=SURFACE_SIDE_STYLE('',(#7345));
#7344=SURFACE_SIDE_STYLE('',(#7346));
#7345=SURFACE_STYLE_FILL_AREA(#7347);
#7346=SURFACE_STYLE_FILL_AREA(#7348);
#7347=FILL_AREA_STYLE('\X2\92FC\X0\ - \X2\30B530C630F3\X0\',(#7349));
#7348=FILL_AREA_STYLE(
'PA 11 - Nylon- HP 11-30 (EOS P 396 3D \X2\30D730EA30F330BF4F7F7528\X0\)',
(#7350));
#7349=FILL_AREA_STYLE_COLOUR('\X2\92FC\X0\ - \X2\30B530C630F3\X0\',#7351);
#7350=FILL_AREA_STYLE_COLOUR(
'PA 11 - Nylon- HP 11-30 (EOS P 396 3D \X2\30D730EA30F330BF4F7F7528\X0\)',
#7352);
#7351=COLOUR_RGB('\X2\92FC\X0\ - \X2\30B530C630F3\X0\',0.627450980392157,
0.627450980392157,0.627450980392157);
#7352=COLOUR_RGB(
'PA 11 - Nylon- HP 11-30 (EOS P 396 3D \X2\30D730EA30F330BF4F7F7528\X0\)',
0.247058823529412,0.247058823529412,0.247058823529412);
ENDSEC;
END-ISO-10303-21;
